{"type": "FeatureCollection", "name": "australia-river-regions-reference", "crs": {"type": "name", "properties": {"name": "EPSG:4283"}}, "features": [{"type": "Feature", "properties": {"label": "Diamantina-Georgina", "division": "Lake Eyre Basin", "area_ha": 69891626, "zone": false}, "geometry": {"type": "Polygon", "coordinates": [[[137.84, -19.235], [138.035, -19.516], [138.238, -19.551], [138.217, -19.611], [138.297, -19.697], [138.483, -19.738], [138.539, -19.942], [138.709, -19.794], [138.841, -19.804], [138.899, -19.917], [139.02, -19.839], [139.061, -19.92], [139.132, -19.91], [139.093, -20.016], [139.235, -20.19], [139.297, -20.189], [139.404, -20.414], [139.432, -20.558], [139.363, -20.699], [139.423, -20.75], [139.414, -20.916], [139.553, -20.975], [139.569, -21.04], [139.676, -21.011], [139.813, -21.18], [139.924, -21.167], [140.156, -21.43], [140.402, -21.451], [140.494, -21.576], [140.749, -21.564], [140.913, -21.78], [141.03, -21.794], [141.104, -21.735], [141.243, -21.825], [141.302, -21.626], [141.512, -21.628], [141.635, -21.521], [141.923, -21.484], [142.127, -21.496], [142.365, -21.7], [142.509, -21.741], [143.347, -21.285], [143.621, -21.348], [143.58, -21.523], [143.719, -21.747], [143.664, -22.114], [143.802, -22.283], [143.601, -22.614], [143.353, -22.67], [143.254, -22.791], [143.04, -22.817], [142.963, -22.713], [142.677, -22.565], [142.542, -22.709], [142.493, -22.997], [142.657, -23.086], [142.732, -23.422], [142.832, -23.469], [142.764, -23.544], [142.827, -23.652], [142.705, -23.845], [142.823, -23.963], [142.822, -24.058], [142.594, -24.293], [142.647, -24.434], [142.515, -24.586], [142.27, -24.621], [142.077, -24.77], [142.11, -24.894], [142.048, -25.034], [141.868, -25.149], [141.862, -25.344], [141.632, -25.584], [141.702, -25.846], [141.354, -25.833], [141.157, -26.251], [141.081, -26.282], [141.089, -26.383], [141.013, -26.358], [140.933, -26.457], [140.73, -26.415], [140.666, -26.295], [140.731, -25.97], [140.506, -25.908], [140.413, -26.04], [140.393, -25.982], [140.257, -25.991], [140.181, -25.905], [140.148, -25.722], [140.038, -25.766], [140.02, -25.854], [140.117, -26.005], [140.058, -26.137], [139.966, -26.151], [139.947, -26.302], [139.795, -26.333], [139.888, -26.709], [139.756, -26.721], [139.749, -26.865], [139.584, -26.953], [139.615, -27.023], [139.412, -27.085], [139.357, -27.205], [139.305, -27.186], [139.227, -27.308], [139.126, -27.331], [139.034, -27.547], [138.939, -27.565], [139.015, -27.733], [138.959, -27.929], [138.909, -27.916], [138.911, -27.988], [138.842, -27.98], [138.713, -28.143], [138.655, -28.119], [138.633, -28.226], [138.538, -28.176], [138.562, -28.309], [138.469, -28.262], [138.41, -28.369], [138.363, -28.271], [138.364, -28.338], [138.254, -28.206], [138.232, -28.281], [138.117, -28.138], [138.084, -28.273], [137.968, -28.243], [137.887, -28.06], [137.863, -28.107], [137.601, -28.018], [137.599, -28.146], [137.548, -28.147], [137.357, -27.933], [137.273, -27.966], [136.998, -27.799], [136.81, -27.841], [136.68, -27.72], [136.367, -27.819], [136.151, -27.73], [136.069, -27.762], [135.825, -27.597], [135.842, -27.526], [135.581, -27.488], [135.361, -27.27], [135.063, -27.38], [134.265, -27.426], [134.146, -27.375], [134.101, -27.269], [133.919, -27.288], [133.92, -27.204], [133.837, -27.143], [133.3, -27.057], [133.087, -26.892], [132.85, -26.865], [132.8, -26.789], [132.507, -26.686], [132.457, -26.412], [132.335, -26.294], [132.206, -26.327], [132.093, -26.188], [131.906, -26.325], [131.601, -26.305], [131.594, -26.257], [131.67, -26.253], [131.667, -26.126], [131.56, -26.113], [131.362, -25.868], [131.276, -25.875], [131.258, -25.732], [131.587, -25.308], [131.594, -25.209], [131.85, -25.102], [131.897, -24.927], [132.114, -24.972], [132.151, -24.839], [132.031, -24.785], [132.203, -24.499], [131.839, -24.393], [131.767, -24.262], [131.577, -24.137], [131.625, -24.075], [131.544, -23.966], [131.682, -23.898], [131.613, -23.804], [131.71, -23.788], [131.892, -23.908], [132.053, -23.879], [132.138, -23.808], [132.079, -23.648], [132.271, -23.671], [132.482, -23.443], [133.313, -23.644], [133.492, -23.586], [133.638, -23.615], [134.12, -23.448], [134.19, -23.351], [133.918, -23.082], [133.988, -23.042], [133.949, -22.991], [134.146, -22.601], [134.263, -22.547], [134.265, -22.309], [134.322, -22.231], [134.21, -22.015], [134.388, -21.81], [134.568, -21.918], [134.671, -21.671], [134.762, -21.626], [134.77, -21.421], [134.862, -21.398], [134.816, -21.283], [134.97, -21.085], [135.303, -20.963], [135.491, -21.078], [135.634, -21.018], [136.045, -21.108], [136.239, -20.909], [136.227, -20.84], [136.397, -20.738], [136.591, -20.867], [136.603, -20.727], [136.669, -20.708], [136.722, -20.619], [136.712, -20.446], [136.61, -20.32], [136.716, -20.224], [136.534, -20.05], [136.588, -19.821], [136.545, -19.774], [136.557, -19.725], [136.709, -19.763], [136.786, -19.717], [136.758, -19.645], [136.944, -19.468], [136.959, -19.272], [137.095, -19.282], [137.142, -19.196], [137.287, -19.186], [137.504, -18.983], [137.621, -19.163], [137.84, -19.235]]]}}, {"type": "Feature", "properties": {"label": "Victoria River-Wiso", "division": "Tanami-Timor Sea Coast", "area_ha": 66769618, "zone": false}, "geometry": {"type": "Polygon", "coordinates": [[[131.096, -15.177], [131.254, -15.433], [131.524, -15.48], [131.632, -15.562], [131.691, -15.713], [131.828, -15.776], [131.957, -16.13], [132.067, -16.123], [132.179, -16.3], [132.404, -16.454], [132.587, -16.437], [132.635, -16.557], [132.822, -16.535], [132.947, -16.622], [133.026, -16.574], [133.268, -16.603], [133.533, -16.298], [133.622, -16.303], [133.717, -16.212], [133.746, -16.122], [133.895, -16.19], [133.998, -16.135], [134.09, -16.215], [134.093, -16.427], [134.235, -16.428], [134.309, -16.499], [134.365, -16.438], [134.533, -16.462], [134.551, -16.392], [134.625, -16.413], [134.738, -16.533], [134.712, -16.648], [134.801, -16.751], [134.948, -16.713], [135.018, -16.79], [135.069, -17.071], [135.422, -17.095], [135.394, -17.272], [135.458, -17.272], [135.53, -17.418], [135.588, -17.356], [135.663, -17.405], [135.7, -17.342], [135.813, -17.395], [135.904, -17.278], [136.118, -17.372], [136.263, -17.345], [136.27, -17.422], [136.388, -17.316], [136.513, -17.304], [136.672, -17.626], [136.842, -17.745], [136.845, -18.325], [137.103, -18.495], [137.124, -18.623], [137.339, -18.549], [137.468, -18.62], [137.378, -18.767], [137.468, -18.835], [137.452, -19.057], [137.287, -19.186], [137.142, -19.196], [137.095, -19.282], [136.959, -19.272], [136.944, -19.468], [136.758, -19.644], [136.757, -19.753], [136.557, -19.725], [136.534, -20.049], [136.716, -20.224], [136.61, -20.32], [136.712, -20.446], [136.722, -20.62], [136.603, -20.727], [136.592, -20.866], [136.397, -20.738], [136.227, -20.84], [136.239, -20.909], [136.045, -21.108], [135.634, -21.018], [135.491, -21.078], [135.303, -20.963], [135.095, -21.017], [134.816, -21.283], [134.862, -21.398], [134.77, -21.421], [134.762, -21.626], [134.671, -21.671], [134.568, -21.918], [134.388, -21.81], [134.251, -21.943], [134.21, -22.015], [134.322, -22.231], [134.265, -22.309], [134.263, -22.547], [134.146, -22.601], [133.949, -22.991], [133.988, -23.042], [133.918, -23.082], [134.19, -23.351], [134.12, -23.448], [133.638, -23.615], [133.492, -23.586], [133.313, -23.644], [132.482, -23.443], [132.271, -23.671], [132.079, -23.648], [132.138, -23.808], [132.053, -23.879], [131.892, -23.908], [131.71, -23.788], [131.613, -23.804], [131.682, -23.898], [131.544, -23.966], [131.625, -24.075], [131.577, -24.137], [131.767, -24.262], [131.839, -24.393], [132.203, -24.498], [132.031, -24.785], [132.151, -24.839], [132.114, -24.972], [131.897, -24.927], [131.85, -25.102], [131.594, -25.209], [131.587, -25.308], [131.258, -25.732], [131.276, -25.875], [131.362, -25.868], [131.56, -26.113], [131.666, -26.125], [131.624, -26.282], [131.088, -26.173], [130.961, -26.011], [130.852, -26.047], [130.854, -25.928], [130.785, -25.943], [130.725, -25.816], [130.594, -25.805], [130.529, -25.727], [130.348, -25.783], [130.24, -25.635], [130.123, -25.647], [129.858, -25.488], [129.736, -25.303], [129.421, -25.28], [129.212, -25.195], [129.178, -25.013], [128.988, -24.992], [128.864, -25.112], [128.709, -24.882], [128.75, -24.797], [128.225, -24.662], [128.259, -24.538], [128.379, -24.482], [128.349, -24.328], [128.227, -24.254], [127.957, -24.262], [127.851, -24.038], [128.026, -23.757], [128.169, -23.669], [128.128, -23.43], [128.312, -23.297], [128.217, -23.192], [128.286, -23.121], [128.34, -23.125], [128.356, -23.14], [128.402, -23.148], [128.405, -23.143], [128.145, -22.939], [127.738, -22.875], [127.602, -22.773], [127.617, -22.69], [127.681, -22.674], [128.046, -22.688], [128.141, -22.639], [128.032, -22.571], [128.097, -22.565], [128.02, -22.515], [128.064, -22.485], [127.985, -22.486], [128.014, -22.328], [127.77, -22.053], [127.949, -21.8], [127.898, -21.618], [127.968, -21.599], [128.084, -21.396], [128.005, -21.216], [128.303, -21.126], [128.38, -21.019], [128.338, -20.989], [128.688, -20.679], [128.685, -20.592], [128.844, -20.478], [128.841, -20.375], [129.011, -20.218], [128.973, -20.047], [129.066, -20.015], [129.093, -20.094], [129.226, -20.112], [129.265, -20.01], [129.743, -19.939], [129.94, -19.738], [130.057, -19.437], [129.873, -19.44], [129.837, -19.357], [129.9, -19.199], [129.863, -19.169], [129.986, -19.069], [129.96, -18.97], [130.083, -18.891], [130.21, -18.637], [130.022, -18.378], [130.124, -18.318], [129.972, -17.84], [130.037, -17.808], [130.07, -17.621], [129.936, -17.338], [130.033, -17.283], [129.772, -17.049], [129.713, -17.088], [129.426, -16.965], [129.37, -16.998], [129.28, -16.863], [129.087, -16.835], [129.211, -16.747], [129.107, -16.537], [129.25, -16.321], [129.203, -16.255], [129.269, -16.243], [129.48, -15.828], [129.385, -15.662], [129.554, -15.351], [129.39, -15.184], [129.416, -15.065], [129.372, -15.042], [129.348, -14.95], [129.434, -14.973], [129.409, -15.039], [129.421, -15.043], [129.414, -15.081], [129.425, -15.107], [129.495, -15.072], [129.462, -15.028], [129.534, -15.032], [129.489, -15.082], [129.57, -15.12], [129.522, -15.178], [129.588, -15.234], [129.607, -15.15], [129.686, -15.205], [129.787, -15.191], [129.862, -15.441], [129.94, -15.462], [129.869, -15.404], [129.881, -15.248], [129.847, -15.267], [129.794, -15.182], [129.737, -15.188], [129.687, -15.061], [129.752, -15.046], [129.779, -15.118], [130.102, -14.992], [130.146, -15.073], [130.194, -15.017], [130.25, -15.047], [130.309, -15.216], [130.338, -15.223], [130.557, -15.107], [130.55, -14.995], [130.649, -14.871], [130.986, -14.936], [131.09, -15.02], [131.096, -15.177]]]}}, {"type": "Feature", "properties": {"label": "Salt Lake", "division": "South Western Plateau", "area_ha": 50349123, "zone": false}, "geometry": {"type": "Polygon", "coordinates": [[[125.563, -24.366], [125.733, -24.623], [125.829, -24.568], [126.245, -24.62], [126.361, -24.573], [126.432, -24.828], [126.587, -24.822], [126.703, -24.943], [126.717, -25.051], [126.641, -25.05], [126.588, -25.293], [126.802, -25.596], [126.712, -25.643], [126.69, -25.746], [126.773, -26.046], [126.736, -26.256], [126.819, -26.34], [126.716, -26.443], [126.634, -26.438], [126.585, -26.695], [126.391, -26.793], [126.354, -26.883], [126.321, -27.0], [126.51, -27.242], [126.408, -27.492], [126.492, -27.506], [126.548, -27.624], [126.753, -27.626], [126.766, -27.714], [126.975, -27.688], [126.935, -27.769], [126.982, -27.852], [127.118, -27.916], [127.17, -28.032], [127.484, -28.194], [127.525, -28.345], [127.718, -28.396], [127.73, -28.548], [127.891, -28.599], [127.703, -28.942], [128.04, -29.044], [127.969, -29.228], [127.821, -29.287], [127.823, -29.405], [127.72, -29.457], [127.815, -29.585], [127.829, -29.736], [127.599, -29.734], [127.27, -29.93], [127.08, -29.794], [126.88, -29.869], [126.86, -29.982], [126.918, -30.07], [126.796, -29.978], [126.688, -30.135], [126.539, -30.091], [126.377, -30.195], [126.109, -30.086], [126.099, -30.217], [126.022, -30.252], [125.94, -30.158], [125.788, -30.152], [125.374, -30.256], [125.318, -30.323], [125.293, -30.214], [125.076, -30.401], [124.915, -30.376], [124.835, -30.442], [124.915, -30.588], [124.811, -30.699], [124.837, -30.96], [124.763, -31.103], [124.814, -31.307], [124.665, -31.378], [124.652, -31.465], [124.732, -31.527], [124.639, -31.596], [125.087, -31.914], [125.203, -31.908], [125.248, -32.047], [125.048, -32.168], [125.026, -32.267], [125.092, -32.331], [125.04, -32.386], [125.089, -32.405], [125.018, -32.438], [125.116, -32.481], [125.045, -32.559], [125.141, -32.575], [125.199, -32.664], [124.763, -32.894], [124.238, -33.019], [124.102, -33.175], [123.974, -33.561], [123.776, -33.697], [123.763, -33.797], [123.533, -33.941], [123.372, -33.895], [123.163, -34.017], [123.141, -33.91], [123.019, -33.856], [122.972, -33.906], [122.622, -33.891], [122.578, -33.961], [122.363, -33.912], [122.279, -34.001], [122.114, -34.018], [122.007, -33.83], [121.785, -33.908], [121.714, -33.866], [121.856, -33.662], [121.809, -33.574], [121.897, -33.396], [121.823, -33.358], [121.831, -33.242], [122.018, -33.221], [121.87, -33.078], [121.63, -33.16], [121.515, -33.087], [121.733, -32.79], [121.743, -32.56], [121.423, -32.462], [121.258, -32.293], [121.12, -32.415], [121.111, -32.509], [120.835, -32.704], [120.73, -32.642], [120.595, -32.764], [120.348, -32.822], [120.047, -32.68], [119.955, -32.771], [119.859, -32.731], [119.874, -32.412], [120.029, -32.357], [120.166, -32.17], [120.278, -32.119], [120.381, -31.871], [120.63, -31.89], [120.735, -31.705], [121.058, -31.48], [120.973, -31.355], [120.788, -31.325], [120.701, -31.155], [120.719, -30.957], [120.571, -30.903], [120.453, -30.698], [120.219, -30.642], [119.962, -30.364], [119.727, -30.273], [119.619, -30.298], [119.578, -30.192], [119.464, -30.144], [119.472, -29.968], [119.375, -29.939], [119.336, -29.821], [119.171, -29.812], [119.065, -29.605], [118.95, -29.665], [118.789, -29.642], [118.683, -29.482], [118.618, -29.156], [118.551, -29.111], [118.621, -28.95], [118.757, -28.927], [118.61, -28.627], [118.828, -28.51], [118.83, -28.344], [119.097, -28.095], [118.985, -27.966], [118.972, -27.83], [119.123, -27.718], [119.121, -27.569], [119.308, -27.459], [119.358, -27.323], [119.295, -27.21], [119.453, -27.124], [119.397, -26.994], [119.434, -26.76], [119.316, -26.642], [119.305, -26.407], [119.242, -26.351], [119.28, -26.282], [119.236, -26.24], [119.367, -26.187], [119.337, -26.119], [119.387, -26.063], [119.322, -26.018], [119.39, -25.935], [119.555, -25.906], [119.785, -25.978], [119.795, -26.06], [120.068, -26.288], [120.422, -26.137], [120.564, -26.476], [120.577, -26.69], [120.783, -26.9], [121.191, -26.848], [121.337, -27.039], [121.48, -27.066], [121.708, -27.31], [121.791, -27.283], [121.93, -27.347], [122.086, -27.554], [122.128, -27.533], [122.355, -27.739], [122.535, -27.748], [122.582, -27.639], [122.673, -27.739], [122.806, -27.751], [122.853, -27.607], [123.0, -27.591], [123.145, -27.385], [123.379, -27.332], [123.462, -27.423], [123.424, -27.503], [123.435, -27.531], [123.646, -27.32], [123.82, -27.283], [123.888, -27.025], [123.841, -26.882], [123.671, -26.724], [123.628, -26.792], [123.501, -26.795], [123.449, -26.625], [123.372, -26.637], [123.38, -26.553], [123.518, -26.51], [123.525, -26.25], [123.749, -25.912], [123.958, -25.758], [124.279, -25.65], [124.443, -25.347], [124.433, -25.189], [124.56, -25.07], [124.828, -24.977], [125.065, -25.042], [125.308, -24.718], [125.304, -24.584], [125.402, -24.547], [125.478, -24.398], [125.563, -24.366]]]}}, {"type": "Feature", "properties": {"label": "De Grey", "division": "North Western Plateau", "area_ha": 47640102, "zone": false}, "geometry": {"type": "Polygon", "coordinates": [[[122.197, -21.096], [122.282, -21.043], [122.529, -21.065], [122.847, -21.191], [122.916, -21.097], [123.055, -21.191], [123.201, -21.134], [123.338, -21.257], [123.5, -21.247], [123.572, -21.322], [123.685, -21.166], [123.903, -21.215], [124.005, -21.061], [124.111, -21.084], [124.044, -20.99], [124.257, -20.871], [124.447, -20.552], [125.199, -20.879], [125.146, -20.919], [125.195, -20.922], [125.17, -20.99], [125.249, -21.093], [125.198, -21.089], [125.188, -21.272], [125.748, -21.232], [125.787, -21.119], [125.851, -21.118], [125.839, -21.02], [125.969, -21.006], [126.236, -21.183], [126.173, -21.227], [126.373, -21.239], [126.452, -21.333], [126.606, -21.351], [126.679, -21.518], [126.919, -21.444], [127.054, -21.67], [126.988, -21.758], [127.067, -21.775], [127.119, -21.883], [127.067, -22.088], [127.313, -22.259], [127.272, -22.303], [127.429, -22.338], [127.388, -22.402], [127.465, -22.612], [127.673, -22.687], [127.617, -22.69], [127.605, -22.805], [128.145, -22.94], [128.405, -23.143], [128.286, -23.121], [128.217, -23.192], [128.312, -23.297], [128.128, -23.43], [128.169, -23.669], [128.026, -23.757], [127.851, -24.038], [127.953, -24.256], [128.293, -24.275], [128.385, -24.457], [128.213, -24.596], [128.224, -24.662], [128.75, -24.797], [128.709, -24.882], [128.854, -25.107], [128.911, -25.116], [128.988, -24.992], [129.178, -25.013], [129.179, -25.285], [129.009, -25.306], [128.838, -25.207], [128.734, -25.229], [128.58, -25.094], [128.432, -25.049], [128.311, -25.105], [128.16, -24.994], [128.107, -25.129], [128.017, -25.159], [128.048, -25.254], [127.935, -25.323], [127.815, -25.288], [127.705, -25.382], [127.572, -25.386], [127.398, -25.32], [127.308, -25.438], [127.179, -25.461], [127.222, -25.518], [127.112, -25.747], [127.1, -25.97], [126.995, -26.141], [126.937, -26.143], [126.704, -25.891], [126.705, -25.651], [126.802, -25.596], [126.588, -25.293], [126.641, -25.05], [126.717, -25.051], [126.695, -24.929], [126.587, -24.822], [126.432, -24.828], [126.361, -24.573], [126.245, -24.62], [125.829, -24.568], [125.733, -24.623], [125.546, -24.361], [125.304, -24.584], [125.308, -24.718], [125.071, -25.038], [124.828, -24.977], [124.56, -25.07], [124.433, -25.189], [124.443, -25.347], [124.279, -25.65], [123.91, -25.785], [123.655, -26.035], [123.525, -26.25], [123.518, -26.508], [123.38, -26.553], [123.372, -26.637], [123.449, -26.625], [123.501, -26.795], [123.628, -26.792], [123.672, -26.724], [123.841, -26.882], [123.888, -27.025], [123.82, -27.283], [123.646, -27.32], [123.44, -27.53], [123.462, -27.423], [123.366, -27.33], [123.145, -27.386], [123.0, -27.591], [122.867, -27.593], [122.806, -27.751], [122.674, -27.739], [122.576, -27.639], [122.535, -27.748], [122.382, -27.753], [122.128, -27.533], [122.086, -27.553], [121.93, -27.347], [121.791, -27.283], [121.708, -27.31], [121.48, -27.066], [121.337, -27.039], [121.191, -26.848], [120.783, -26.9], [120.577, -26.69], [120.564, -26.476], [120.423, -26.138], [120.068, -26.288], [119.795, -26.06], [119.785, -25.978], [119.556, -25.906], [119.396, -25.935], [119.357, -25.643], [119.518, -25.493], [119.513, -25.425], [119.677, -25.367], [119.688, -25.162], [119.798, -25.074], [119.882, -25.101], [119.944, -24.899], [119.898, -24.807], [119.813, -24.797], [119.845, -24.703], [119.716, -24.6], [119.459, -24.618], [119.402, -24.408], [119.466, -24.307], [119.51, -24.343], [119.63, -24.243], [119.717, -23.978], [119.828, -23.976], [119.71, -23.853], [119.726, -23.762], [119.891, -23.768], [120.115, -23.633], [120.267, -23.699], [120.322, -23.622], [120.568, -23.611], [120.667, -23.516], [120.826, -23.578], [120.954, -23.431], [120.913, -23.233], [121.028, -23.176], [120.918, -23.107], [120.934, -22.987], [120.658, -22.739], [120.612, -22.571], [120.278, -22.432], [120.183, -22.347], [120.167, -22.221], [119.909, -22.271], [119.841, -22.217], [119.611, -22.287], [118.984, -22.113], [119.109, -22.017], [119.164, -21.817], [119.102, -21.713], [119.141, -21.369], [119.063, -21.318], [119.074, -21.212], [118.945, -21.117], [118.989, -20.954], [118.741, -20.295], [118.855, -20.292], [118.85, -20.228], [119.098, -19.961], [119.207, -20.05], [119.183, -19.952], [119.471, -20.005], [119.683, -20.184], [119.678, -20.325], [119.732, -20.365], [119.905, -20.393], [119.963, -20.34], [120.173, -20.444], [120.383, -20.412], [120.611, -20.526], [120.691, -20.462], [120.804, -20.517], [120.966, -20.454], [121.104, -20.538], [121.172, -20.412], [121.262, -20.582], [121.632, -20.657], [121.627, -20.715], [122.197, -21.096]]]}}, {"type": "Feature", "properties": {"label": "Cooper Creek", "division": "Lake Eyre Basin", "area_ha": 40984891, "zone": false}, "geometry": {"type": "Polygon", "coordinates": [[[145.272, -21.195], [145.582, -21.503], [145.625, -21.393], [145.582, -21.3], [145.733, -21.161], [146.088, -21.495], [146.098, -21.76], [145.98, -21.894], [145.857, -21.909], [145.725, -21.833], [145.602, -21.878], [145.593, -21.967], [145.725, -22.103], [145.982, -22.058], [146.087, -22.172], [146.117, -22.427], [146.046, -22.646], [146.099, -22.977], [146.203, -23.152], [146.134, -23.253], [146.231, -23.293], [146.183, -23.375], [146.287, -23.467], [146.256, -23.63], [146.398, -23.75], [146.445, -23.929], [146.362, -24.262], [146.621, -24.459], [146.666, -24.613], [146.762, -24.672], [146.543, -24.852], [146.492, -25.0], [146.131, -24.998], [146.062, -24.898], [145.903, -24.898], [145.641, -25.088], [145.591, -25.241], [145.389, -25.267], [145.354, -25.155], [145.11, -25.152], [145.113, -25.018], [144.899, -25.038], [144.845, -24.991], [144.866, -24.906], [144.677, -24.746], [144.577, -25.0], [144.627, -25.119], [144.595, -25.301], [144.372, -25.513], [144.176, -25.586], [144.183, -25.703], [143.966, -25.72], [144.023, -25.871], [143.987, -26.325], [144.095, -26.476], [143.967, -26.539], [143.862, -26.747], [143.766, -26.748], [143.784, -26.996], [143.572, -27.009], [143.511, -27.299], [143.37, -27.378], [143.355, -27.487], [143.22, -27.531], [143.265, -27.67], [143.083, -27.946], [142.683, -28.178], [142.633, -28.13], [142.277, -28.306], [142.301, -28.434], [142.167, -28.513], [142.057, -28.964], [141.973, -28.975], [141.948, -29.089], [141.778, -29.076], [141.715, -29.163], [141.627, -29.375], [141.642, -29.544], [141.533, -29.724], [141.63, -29.767], [141.652, -29.856], [141.565, -29.919], [141.659, -30.022], [141.627, -30.112], [141.693, -30.284], [142.012, -30.49], [142.119, -30.642], [142.007, -30.639], [141.657, -30.828], [141.654, -31.03], [141.489, -31.246], [141.582, -31.589], [141.512, -31.623], [141.5, -31.726], [141.346, -31.782], [141.408, -31.928], [141.177, -32.059], [141.145, -32.163], [140.973, -32.282], [140.523, -32.291], [140.325, -32.134], [140.295, -32.185], [140.138, -32.149], [140.072, -32.252], [139.884, -32.275], [139.91, -32.356], [139.695, -32.478], [139.573, -32.376], [139.418, -32.389], [139.171, -32.614], [139.174, -32.782], [139.092, -32.924], [138.978, -33.032], [138.868, -33.031], [138.837, -33.197], [138.74, -33.261], [138.684, -33.117], [138.577, -33.092], [138.612, -32.907], [138.505, -32.869], [138.565, -32.717], [138.532, -32.599], [138.627, -32.499], [138.596, -32.423], [138.826, -32.276], [138.765, -32.099], [138.696, -32.072], [138.753, -31.899], [138.688, -31.877], [138.764, -31.855], [138.673, -31.755], [138.669, -31.584], [138.598, -31.617], [138.518, -31.533], [138.744, -31.395], [138.714, -30.958], [138.665, -30.903], [138.828, -30.762], [138.909, -30.549], [139.14, -30.391], [139.132, -30.298], [139.337, -30.157], [139.129, -30.067], [138.944, -29.768], [138.8, -29.706], [138.778, -29.652], [138.957, -29.531], [138.891, -29.388], [138.666, -29.424], [138.643, -29.217], [138.498, -29.185], [138.382, -29.275], [138.248, -29.146], [138.217, -29.182], [138.216, -29.046], [138.133, -29.016], [138.115, -28.918], [138.075, -28.943], [137.992, -28.65], [137.762, -28.625], [137.7, -28.419], [137.901, -28.497], [137.95, -28.392], [138.007, -28.443], [138.031, -28.382], [138.132, -28.521], [138.25, -28.207], [138.364, -28.338], [138.354, -28.278], [138.363, -28.272], [138.4, -28.363], [138.41, -28.369], [138.469, -28.262], [138.562, -28.309], [138.538, -28.176], [138.633, -28.226], [138.655, -28.119], [138.713, -28.143], [138.842, -27.98], [138.911, -27.988], [139.018, -27.811], [138.943, -27.553], [139.034, -27.547], [139.126, -27.331], [139.227, -27.308], [139.305, -27.186], [139.357, -27.205], [139.412, -27.085], [139.615, -27.022], [139.584, -26.953], [139.749, -26.865], [139.756, -26.721], [139.888, -26.709], [139.795, -26.333], [139.947, -26.302], [139.966, -26.151], [140.059, -26.137], [140.117, -26.005], [140.02, -25.854], [140.038, -25.766], [140.148, -25.722], [140.181, -25.905], [140.257, -25.991], [140.393, -25.982], [140.413, -26.04], [140.506, -25.908], [140.731, -25.97], [140.666, -26.295], [140.73, -26.415], [140.933, -26.457], [141.013, -26.358], [141.089, -26.383], [141.081, -26.282], [141.157, -26.251], [141.354, -25.833], [141.702, -25.846], [141.632, -25.584], [141.862, -25.344], [141.868, -25.149], [142.048, -25.034], [142.11, -24.894], [142.077, -24.77], [142.27, -24.621], [142.515, -24.586], [142.647, -24.434], [142.594, -24.293], [142.822, -24.058], [142.823, -23.963], [142.705, -23.845], [142.827, -23.652], [142.764, -23.544], [142.832, -23.469], [142.732, -23.422], [142.657, -23.086], [142.493, -22.997], [142.542, -22.709], [142.677, -22.565], [142.963, -22.713], [143.04, -22.817], [143.254, -22.791], [143.353, -22.67], [143.601, -22.614], [143.802, -22.283], [143.664, -22.114], [143.719, -21.747], [143.58, -21.523], [143.625, -21.372], [144.357, -21.135], [144.355, -21.06], [144.458, -21.031], [144.458, -20.935], [144.51, -20.923], [144.555, -20.695], [144.708, -20.624], [144.675, -20.523], [144.908, -20.447], [144.968, -20.36], [145.113, -20.423], [145.094, -20.645], [145.215, -20.858], [145.353, -20.951], [145.272, -21.195]]]}}, {"type": "Feature", "properties": {"label": "Gairdner", "division": "South Western Plateau", "area_ha": 30947517, "zone": false}, "geometry": {"type": "Polygon", "coordinates": [[[130.594, -25.805], [130.725, -25.816], [130.785, -25.943], [130.853, -25.928], [130.852, -26.047], [130.961, -26.011], [131.088, -26.173], [131.319, -26.242], [131.52, -26.224], [131.737, -26.339], [131.988, -26.302], [132.093, -26.188], [132.206, -26.327], [132.335, -26.294], [132.457, -26.412], [132.507, -26.686], [132.8, -26.789], [132.85, -26.865], [133.087, -26.892], [133.3, -27.057], [133.917, -27.2], [133.922, -27.438], [133.801, -27.475], [133.79, -27.578], [133.984, -27.75], [134.036, -28.015], [134.223, -28.071], [134.119, -28.469], [134.326, -28.648], [134.489, -28.676], [134.581, -28.848], [134.668, -28.839], [134.69, -29.001], [134.946, -29.159], [135.019, -29.48], [135.299, -29.642], [135.282, -29.715], [135.389, -29.745], [135.569, -30.07], [135.755, -30.091], [135.802, -30.333], [135.907, -30.379], [135.963, -30.575], [135.772, -30.763], [135.682, -30.74], [135.701, -30.802], [135.583, -30.904], [135.621, -31.013], [135.809, -31.063], [135.923, -30.991], [136.074, -31.109], [136.125, -31.177], [136.087, -31.324], [136.241, -31.38], [136.166, -31.389], [136.152, -31.518], [136.241, -31.532], [136.28, -31.665], [136.379, -31.729], [136.354, -31.824], [136.46, -31.904], [136.356, -31.937], [136.316, -32.05], [136.523, -32.378], [136.309, -32.482], [136.461, -32.714], [136.45, -32.866], [136.271, -33.004], [136.347, -33.141], [136.521, -33.201], [136.578, -33.364], [136.435, -33.388], [136.453, -33.447], [136.353, -33.45], [136.308, -33.537], [136.188, -33.542], [136.134, -33.978], [136.021, -34.134], [135.88, -34.153], [135.927, -34.229], [135.848, -34.35], [135.689, -34.3], [135.39, -34.474], [135.328, -34.226], [135.24, -34.15], [135.255, -33.988], [134.829, -33.626], [134.847, -33.442], [134.803, -33.329], [134.658, -33.234], [134.719, -33.23], [134.708, -33.18], [134.559, -33.161], [134.641, -33.183], [134.63, -33.246], [134.458, -33.148], [134.369, -33.177], [134.359, -33.128], [134.276, -33.025], [134.279, -33.107], [134.358, -33.148], [134.327, -33.2], [134.23, -33.045], [134.139, -33.019], [134.204, -33.0], [134.18, -32.932], [134.059, -32.907], [134.139, -32.835], [134.065, -32.715], [134.178, -32.718], [134.215, -32.73], [134.167, -32.732], [134.203, -32.797], [134.288, -32.7], [134.257, -32.559], [134.12, -32.454], [133.848, -32.544], [133.867, -32.398], [133.952, -32.391], [133.82, -32.233], [133.77, -32.264], [133.756, -32.205], [133.678, -32.202], [133.67, -32.106], [133.593, -32.088], [133.552, -32.17], [133.473, -32.101], [133.401, -32.139], [133.467, -32.16], [133.459, -32.171], [133.447, -32.158], [133.418, -32.165], [133.459, -32.173], [133.473, -32.165], [133.492, -32.196], [133.488, -32.206], [133.126, -32.209], [133.071, -32.113], [132.749, -31.949], [132.525, -31.934], [132.446, -31.97], [132.47, -32.031], [132.202, -32.028], [131.758, -31.719], [131.335, -31.53], [131.437, -31.56], [131.511, -31.51], [131.385, -31.415], [131.548, -31.381], [131.497, -31.306], [131.562, -31.166], [131.66, -31.135], [131.596, -31.05], [131.646, -30.854], [131.909, -30.628], [131.868, -30.448], [132.065, -30.527], [132.151, -30.478], [131.88, -30.327], [131.763, -30.182], [131.609, -30.195], [131.111, -29.846], [130.226, -29.438], [130.177, -29.356], [129.544, -29.252], [129.624, -29.175], [129.591, -28.999], [129.638, -28.939], [129.516, -28.96], [129.535, -28.893], [129.467, -28.827], [129.55, -28.687], [129.787, -28.589], [129.786, -28.43], [129.615, -28.287], [129.62, -28.149], [129.496, -28.026], [129.343, -27.997], [129.343, -27.854], [129.454, -27.732], [129.463, -27.502], [129.547, -27.474], [129.643, -27.159], [129.766, -27.15], [129.872, -27.031], [130.012, -27.03], [130.143, -26.828], [130.166, -26.709], [130.021, -26.533], [130.03, -26.406], [129.9, -26.312], [129.953, -26.261], [129.861, -26.188], [129.883, -26.117], [130.12, -26.064], [130.113, -25.957], [130.403, -25.74], [130.529, -25.727], [130.594, -25.805]]]}}, {"type": "Feature", "properties": {"label": "Nullarbor", "division": "South Western Plateau", "area_ha": 28107901, "zone": false}, "geometry": {"type": "Polygon", "coordinates": [[[130.098, -25.625], [130.24, -25.635], [130.325, -25.832], [130.113, -25.957], [130.12, -26.064], [129.933, -26.075], [129.86, -26.188], [129.953, -26.261], [129.9, -26.312], [130.03, -26.406], [130.021, -26.533], [130.166, -26.709], [130.143, -26.828], [130.012, -27.03], [129.872, -27.031], [129.766, -27.15], [129.643, -27.159], [129.63, -27.302], [129.541, -27.365], [129.547, -27.474], [129.463, -27.502], [129.454, -27.732], [129.36, -27.811], [129.329, -27.947], [129.62, -28.149], [129.615, -28.287], [129.786, -28.43], [129.787, -28.589], [129.55, -28.687], [129.467, -28.827], [129.535, -28.893], [129.516, -28.96], [129.638, -28.939], [129.591, -28.999], [129.624, -29.175], [129.544, -29.252], [130.177, -29.356], [130.226, -29.438], [131.111, -29.846], [131.609, -30.195], [131.763, -30.182], [131.88, -30.327], [132.153, -30.481], [132.065, -30.527], [131.868, -30.448], [131.909, -30.628], [131.646, -30.854], [131.596, -31.05], [131.66, -31.135], [131.562, -31.166], [131.497, -31.306], [131.548, -31.381], [131.385, -31.415], [131.511, -31.51], [131.417, -31.559], [131.139, -31.464], [130.793, -31.608], [130.155, -31.577], [129.04, -31.677], [128.318, -31.979], [127.329, -32.256], [126.682, -32.308], [126.2, -32.232], [125.977, -32.283], [125.533, -32.551], [125.165, -32.66], [125.141, -32.575], [125.045, -32.559], [125.116, -32.481], [125.018, -32.438], [125.092, -32.331], [125.023, -32.254], [125.124, -32.081], [125.213, -32.105], [125.248, -32.048], [125.204, -31.909], [125.087, -31.914], [124.639, -31.596], [124.732, -31.527], [124.652, -31.465], [124.665, -31.378], [124.814, -31.307], [124.763, -31.103], [124.837, -30.96], [124.811, -30.699], [124.915, -30.588], [124.89, -30.465], [124.851, -30.482], [124.845, -30.477], [124.843, -30.453], [124.835, -30.443], [124.836, -30.434], [124.915, -30.376], [125.076, -30.401], [125.293, -30.214], [125.318, -30.323], [125.374, -30.256], [125.788, -30.152], [126.071, -30.238], [126.109, -30.086], [126.377, -30.195], [126.54, -30.092], [126.688, -30.135], [126.796, -29.978], [126.913, -30.073], [126.88, -29.869], [127.08, -29.794], [127.256, -29.931], [127.599, -29.734], [127.785, -29.766], [127.819, -29.601], [127.72, -29.457], [127.823, -29.405], [127.821, -29.287], [127.969, -29.228], [128.039, -29.053], [127.703, -28.942], [127.891, -28.6], [127.73, -28.548], [127.718, -28.396], [127.525, -28.345], [127.484, -28.194], [127.17, -28.032], [127.118, -27.916], [126.958, -27.825], [126.975, -27.688], [126.766, -27.714], [126.753, -27.626], [126.548, -27.624], [126.492, -27.506], [126.408, -27.493], [126.51, -27.242], [126.32, -26.994], [126.391, -26.793], [126.585, -26.695], [126.634, -26.438], [126.716, -26.443], [126.816, -26.349], [126.736, -26.256], [126.742, -25.946], [126.884, -26.11], [126.995, -26.141], [127.1, -25.97], [127.112, -25.747], [127.172, -25.71], [127.222, -25.518], [127.179, -25.461], [127.308, -25.438], [127.398, -25.32], [127.572, -25.386], [127.705, -25.382], [127.815, -25.288], [127.935, -25.323], [128.048, -25.254], [128.017, -25.159], [128.107, -25.129], [128.16, -24.995], [128.311, -25.105], [128.433, -25.049], [128.734, -25.229], [128.838, -25.207], [129.009, -25.306], [129.179, -25.285], [129.211, -25.193], [129.421, -25.28], [129.713, -25.293], [129.858, -25.488], [130.098, -25.625]]]}}, {"type": "Feature", "properties": {"label": "Sandy Desert", "division": "North Western Plateau", "area_ha": 24359449, "zone": false}, "geometry": {"type": "Polygon", "coordinates": [[[130.022, -18.377], [130.21, -18.637], [130.19, -18.715], [130.029, -18.958], [129.96, -18.97], [129.986, -19.069], [129.843, -19.252], [129.873, -19.44], [130.055, -19.429], [129.94, -19.738], [129.743, -19.939], [129.265, -20.01], [129.226, -20.112], [129.093, -20.094], [129.066, -20.015], [128.973, -20.047], [129.011, -20.218], [128.841, -20.375], [128.844, -20.478], [128.685, -20.592], [128.688, -20.679], [128.338, -20.989], [128.38, -21.019], [128.303, -21.126], [128.005, -21.216], [128.084, -21.396], [127.968, -21.599], [127.898, -21.618], [127.949, -21.8], [127.77, -22.053], [128.014, -22.328], [127.985, -22.486], [128.066, -22.487], [128.02, -22.515], [128.097, -22.565], [128.032, -22.571], [128.105, -22.588], [128.12, -22.677], [127.673, -22.677], [127.465, -22.612], [127.388, -22.402], [127.429, -22.338], [127.272, -22.303], [127.313, -22.259], [127.067, -22.088], [127.119, -21.883], [127.067, -21.775], [126.988, -21.758], [127.054, -21.67], [126.919, -21.444], [126.679, -21.518], [126.606, -21.351], [126.452, -21.333], [126.373, -21.239], [126.173, -21.227], [126.236, -21.183], [125.969, -21.006], [125.839, -21.02], [125.851, -21.118], [125.787, -21.119], [125.748, -21.232], [125.188, -21.272], [125.198, -21.089], [125.249, -21.093], [125.17, -20.99], [125.195, -20.922], [125.146, -20.919], [125.199, -20.879], [125.03, -20.845], [125.045, -20.795], [124.965, -20.759], [124.818, -20.755], [124.839, -20.692], [124.575, -20.581], [124.434, -20.558], [124.257, -20.871], [124.044, -20.99], [124.111, -21.084], [124.005, -21.061], [123.903, -21.215], [123.685, -21.166], [123.572, -21.322], [123.5, -21.247], [123.338, -21.257], [123.201, -21.134], [123.055, -21.191], [122.916, -21.097], [122.847, -21.191], [122.529, -21.065], [122.282, -21.043], [122.173, -21.091], [122.132, -21.005], [121.926, -20.94], [121.884, -20.849], [121.627, -20.715], [121.632, -20.657], [121.262, -20.582], [121.172, -20.412], [121.104, -20.538], [120.966, -20.454], [120.804, -20.517], [120.691, -20.462], [120.611, -20.526], [120.383, -20.412], [120.173, -20.444], [119.963, -20.34], [119.905, -20.393], [119.726, -20.363], [119.683, -20.184], [119.572, -20.078], [119.746, -20.017], [119.765, -19.956], [120.207, -19.912], [120.627, -19.773], [121.147, -19.516], [121.503, -19.109], [121.655, -18.835], [121.62, -18.703], [121.787, -18.653], [121.726, -18.574], [121.799, -18.471], [121.908, -18.463], [122.115, -18.312], [122.242, -18.405], [122.326, -18.584], [122.431, -18.628], [122.778, -18.659], [123.065, -18.586], [123.089, -18.527], [123.31, -18.553], [123.38, -18.632], [123.268, -18.683], [123.274, -18.825], [123.517, -18.96], [123.965, -18.847], [124.369, -19.037], [124.375, -19.11], [124.532, -19.068], [124.553, -19.158], [124.827, -19.194], [124.842, -19.264], [125.208, -19.196], [125.431, -19.32], [125.458, -19.244], [125.634, -19.162], [125.778, -19.28], [125.925, -19.223], [125.944, -19.293], [126.193, -19.326], [126.577, -19.526], [126.69, -19.508], [126.939, -19.623], [127.048, -19.465], [127.146, -19.434], [127.094, -19.277], [127.263, -19.069], [127.296, -18.868], [127.385, -18.762], [127.472, -18.762], [127.559, -18.586], [127.959, -18.645], [128.043, -18.553], [128.108, -18.569], [128.177, -18.515], [128.162, -18.337], [128.344, -18.267], [128.348, -18.167], [128.428, -18.127], [128.615, -18.239], [128.791, -18.236], [128.917, -18.128], [129.102, -18.193], [129.173, -17.9], [129.278, -17.838], [129.399, -17.898], [129.449, -17.682], [129.683, -17.705], [129.974, -17.841], [130.122, -18.297], [130.022, -18.377]]]}}, {"type": "Feature", "properties": {"label": "Flinders-Norman", "division": "Carpentaria Coast", "area_ha": 23131323, "zone": false}, "geometry": {"type": "Polygon", "coordinates": [[[143.273, -16.552], [143.402, -16.789], [143.47, -17.196], [143.659, -17.442], [143.892, -17.595], [143.911, -17.734], [144.065, -17.917], [144.235, -17.981], [144.342, -17.945], [144.556, -18.112], [144.675, -18.111], [144.751, -18.219], [144.567, -18.862], [144.708, -18.913], [144.771, -19.137], [144.589, -19.398], [144.532, -19.386], [144.358, -19.584], [144.251, -19.587], [144.235, -19.707], [144.321, -19.907], [144.43, -19.976], [144.776, -19.922], [144.789, -20.135], [144.954, -20.257], [144.962, -20.377], [144.675, -20.523], [144.708, -20.624], [144.555, -20.695], [144.458, -21.031], [144.359, -21.056], [144.319, -21.16], [144.123, -21.181], [143.991, -21.295], [143.879, -21.283], [143.676, -21.38], [143.347, -21.285], [142.509, -21.741], [142.365, -21.7], [142.127, -21.496], [141.923, -21.484], [141.635, -21.521], [141.512, -21.628], [141.302, -21.626], [141.26, -21.812], [141.197, -21.829], [141.104, -21.735], [141.03, -21.794], [140.901, -21.774], [140.732, -21.557], [140.494, -21.576], [140.402, -21.451], [140.147, -21.425], [139.943, -21.181], [139.801, -21.164], [139.859, -20.817], [139.949, -20.778], [139.863, -20.498], [139.949, -20.383], [140.056, -20.381], [140.215, -20.159], [140.254, -19.255], [140.399, -19.084], [140.523, -19.041], [140.471, -18.741], [140.497, -18.626], [140.617, -18.538], [140.408, -18.359], [140.64, -18.17], [140.687, -17.985], [140.687, -17.865], [140.546, -17.612], [140.583, -17.596], [140.606, -17.612], [140.616, -17.612], [140.625, -17.607], [140.624, -17.616], [140.636, -17.626], [140.629, -17.629], [140.62, -17.622], [140.613, -17.622], [140.605, -17.654], [140.612, -17.66], [140.625, -17.651], [140.622, -17.658], [140.635, -17.677], [140.625, -17.687], [140.624, -17.694], [140.627, -17.697], [140.633, -17.696], [140.639, -17.686], [140.649, -17.691], [140.638, -17.698], [140.636, -17.705], [140.637, -17.706], [140.65, -17.69], [140.638, -17.685], [140.627, -17.695], [140.637, -17.675], [140.627, -17.651], [140.619, -17.651], [140.612, -17.658], [140.606, -17.652], [140.614, -17.623], [140.631, -17.631], [140.637, -17.628], [140.638, -17.623], [140.625, -17.604], [140.596, -17.595], [140.674, -17.532], [140.73, -17.514], [140.708, -17.554], [140.722, -17.593], [140.762, -17.589], [140.741, -17.612], [140.745, -17.632], [140.763, -17.588], [140.71, -17.553], [140.764, -17.479], [140.834, -17.475], [140.788, -17.518], [140.788, -17.532], [140.807, -17.553], [140.861, -17.542], [140.79, -17.523], [140.839, -17.482], [140.955, -17.178], [140.958, -17.0], [141.083, -16.805], [141.125, -16.816], [141.128, -16.814], [141.13, -16.81], [141.141, -16.81], [141.148, -16.804], [141.094, -16.801], [141.255, -16.554], [141.243, -16.598], [141.255, -16.612], [141.267, -16.61], [141.27, -16.602], [141.278, -16.603], [141.271, -16.613], [141.281, -16.624], [141.27, -16.625], [141.267, -16.629], [141.267, -16.633], [141.297, -16.655], [141.301, -16.654], [141.303, -16.649], [141.306, -16.649], [141.302, -16.655], [141.306, -16.665], [141.298, -16.673], [141.313, -16.685], [141.307, -16.648], [141.268, -16.633], [141.283, -16.625], [141.279, -16.603], [141.245, -16.598], [141.305, -16.478], [141.29, -16.398], [141.307, -16.407], [141.318, -16.399], [141.328, -16.384], [141.34, -16.394], [141.351, -16.385], [141.363, -16.395], [141.377, -16.388], [141.382, -16.396], [141.391, -16.393], [141.402, -16.411], [141.413, -16.416], [141.41, -16.422], [141.41, -16.425], [141.438, -16.409], [141.429, -16.367], [141.385, -16.395], [141.378, -16.387], [141.353, -16.383], [141.34, -16.392], [141.329, -16.382], [141.298, -16.401], [141.342, -16.273], [141.684, -16.291], [142.596, -16.155], [142.971, -16.243], [143.015, -16.358], [143.273, -16.552]]]}}, {"type": "Feature", "properties": {"label": "Condamine-Culgoa", "division": "Murray-Darling Basin", "area_ha": 16795509, "zone": false}, "geometry": {"type": "Polygon", "coordinates": [[[148.403, -25.438], [148.245, -26.059], [148.385, -26.001], [148.675, -26.022], [148.793, -26.175], [148.988, -26.241], [149.001, -26.308], [149.415, -26.274], [149.959, -26.426], [150.12, -26.298], [150.198, -26.304], [150.202, -26.124], [150.613, -26.279], [150.817, -26.22], [150.878, -26.265], [150.927, -26.168], [151.049, -26.177], [151.115, -26.336], [151.235, -26.389], [151.212, -26.514], [151.405, -26.647], [151.421, -26.746], [151.52, -26.767], [151.904, -27.247], [152.066, -27.321], [151.938, -27.475], [151.994, -27.763], [152.143, -27.824], [152.223, -27.948], [152.382, -27.966], [152.487, -28.254], [152.218, -28.449], [152.015, -28.53], [151.859, -28.518], [151.701, -28.388], [151.693, -28.309], [151.509, -28.259], [151.446, -28.105], [151.211, -27.985], [151.075, -27.763], [151.09, -27.592], [150.844, -27.542], [150.798, -27.427], [150.847, -27.337], [150.788, -27.271], [150.576, -27.323], [150.226, -27.542], [150.153, -27.498], [149.703, -27.522], [149.477, -27.403], [149.318, -27.392], [149.179, -27.639], [149.09, -27.689], [148.968, -27.66], [148.789, -27.872], [148.715, -27.86], [148.669, -27.99], [148.773, -28.305], [148.712, -28.49], [148.834, -28.653], [148.822, -28.73], [148.727, -28.755], [148.805, -28.83], [148.598, -29.077], [148.597, -29.378], [148.505, -29.445], [148.505, -29.553], [148.369, -29.65], [148.352, -29.762], [148.193, -29.821], [148.08, -30.073], [147.991, -30.032], [147.864, -30.094], [147.757, -30.06], [147.639, -30.143], [147.375, -30.145], [146.96, -30.014], [146.83, -30.043], [146.707, -29.934], [146.527, -30.01], [146.27, -29.938], [146.023, -29.981], [145.925, -29.825], [146.018, -29.725], [145.878, -29.547], [145.868, -29.037], [145.922, -28.962], [145.749, -28.288], [145.868, -27.859], [145.834, -27.617], [146.021, -27.267], [145.978, -27.155], [146.039, -27.127], [145.998, -27.09], [146.055, -26.934], [146.194, -26.854], [146.23, -26.742], [146.558, -26.785], [146.713, -26.639], [147.047, -26.653], [147.125, -26.504], [147.293, -26.426], [147.315, -26.301], [147.458, -26.13], [147.458, -25.99], [147.269, -25.907], [147.244, -25.761], [147.472, -25.553], [147.493, -25.377], [147.741, -25.201], [147.742, -25.032], [147.955, -24.879], [148.058, -24.914], [148.16, -25.085], [148.36, -25.234], [148.403, -25.438]]]}}, {"type": "Feature", "properties": {"label": "Fitzroy (Qld)", "division": "North East Coast", "area_ha": 14258462, "zone": true}, "geometry": {"type": "Polygon", "coordinates": [[[149.193, -21.501], [149.208, -21.777], [149.29, -21.804], [149.27, -21.921], [149.429, -22.077], [149.314, -22.349], [149.388, -22.469], [149.44, -22.839], [149.64, -22.89], [149.755, -22.767], [149.935, -22.706], [150.213, -22.991], [150.284, -22.885], [150.378, -22.865], [150.379, -22.755], [150.468, -22.795], [150.581, -22.732], [150.58, -22.861], [150.698, -22.955], [150.733, -23.104], [150.668, -23.265], [150.698, -23.4], [150.752, -23.472], [150.812, -23.409], [150.87, -23.478], [150.659, -23.486], [150.633, -23.519], [150.705, -23.508], [150.7, -23.625], [150.854, -23.568], [150.857, -23.616], [150.838, -23.606], [150.832, -23.592], [150.824, -23.589], [150.816, -23.595], [150.82, -23.612], [150.8, -23.608], [150.795, -23.612], [150.796, -23.619], [150.82, -23.614], [150.83, -23.593], [150.819, -23.635], [150.819, -23.637], [150.825, -23.642], [150.832, -23.642], [150.835, -23.639], [150.837, -23.64], [150.839, -23.655], [150.837, -23.638], [150.82, -23.637], [150.825, -23.615], [150.862, -23.617], [150.872, -23.58], [150.93, -23.679], [150.979, -23.556], [151.006, -23.68], [151.005, -23.804], [150.891, -23.857], [150.85, -23.97], [150.685, -23.95], [150.719, -24.138], [151.037, -24.385], [150.974, -24.578], [150.874, -24.721], [150.599, -24.725], [150.603, -24.876], [150.535, -24.969], [150.561, -25.154], [150.472, -25.192], [150.369, -25.479], [150.456, -25.651], [150.371, -25.813], [150.413, -25.893], [150.306, -25.997], [150.34, -26.149], [150.19, -26.131], [150.198, -26.304], [150.12, -26.298], [149.959, -26.426], [149.415, -26.274], [149.0, -26.308], [148.988, -26.241], [148.793, -26.175], [148.675, -26.022], [148.385, -26.001], [148.245, -26.059], [148.26, -25.765], [148.403, -25.442], [148.387, -25.28], [148.09, -25.011], [148.058, -24.914], [147.737, -24.728], [147.487, -24.88], [147.321, -24.87], [147.233, -24.988], [147.137, -24.957], [146.999, -25.038], [146.871, -24.862], [146.934, -24.675], [146.865, -24.585], [146.763, -24.664], [146.666, -24.613], [146.573, -24.415], [146.689, -24.376], [146.794, -24.417], [146.915, -24.323], [146.957, -24.164], [147.184, -24.084], [147.162, -23.976], [147.242, -23.904], [147.197, -23.61], [147.282, -23.523], [147.258, -23.191], [147.392, -22.96], [147.427, -22.652], [147.629, -22.628], [147.71, -22.523], [147.945, -22.552], [148.064, -22.463], [148.05, -22.38], [147.93, -22.326], [147.767, -21.951], [147.867, -21.831], [147.814, -21.776], [148.067, -21.544], [148.076, -21.456], [148.403, -21.382], [148.47, -21.273], [148.547, -21.37], [148.711, -21.347], [148.901, -21.472], [148.91, -21.381], [149.033, -21.354], [149.087, -21.49], [149.193, -21.501]]]}}, {"type": "Feature", "properties": {"label": "Burdekin", "division": "North East Coast", "area_ha": 13105890, "zone": true}, "geometry": {"type": "Polygon", "coordinates": [[[145.964, -18.879], [146.188, -18.941], [146.167, -19.014], [146.394, -19.148], [146.411, -19.29], [146.577, -19.462], [146.557, -19.679], [146.498, -19.697], [146.591, -19.741], [146.643, -19.911], [146.873, -19.917], [146.942, -19.988], [147.167, -19.937], [147.366, -19.588], [147.54, -19.517], [147.574, -19.6], [147.549, -19.587], [147.514, -19.594], [147.588, -19.653], [147.523, -19.665], [147.506, -19.649], [147.485, -19.649], [147.686, -19.844], [147.574, -20.051], [147.68, -20.129], [147.829, -20.126], [147.903, -20.269], [148.031, -20.321], [148.002, -20.425], [148.097, -20.566], [148.141, -20.522], [148.286, -20.568], [148.642, -20.955], [148.638, -21.025], [148.487, -21.135], [148.569, -21.177], [148.533, -21.333], [148.47, -21.273], [148.4, -21.383], [148.078, -21.453], [148.067, -21.544], [147.814, -21.776], [147.872, -21.807], [147.779, -21.887], [147.78, -22.033], [148.064, -22.462], [147.945, -22.552], [147.71, -22.523], [147.629, -22.628], [147.422, -22.659], [147.392, -22.96], [147.258, -23.191], [147.282, -23.523], [147.197, -23.61], [147.24, -23.807], [147.242, -23.904], [147.162, -23.976], [147.202, -24.038], [146.956, -24.164], [146.914, -24.324], [146.731, -24.428], [146.688, -24.376], [146.551, -24.439], [146.362, -24.262], [146.445, -23.929], [146.398, -23.75], [146.256, -23.63], [146.287, -23.467], [146.183, -23.375], [146.231, -23.293], [146.134, -23.253], [146.203, -23.152], [146.099, -22.977], [146.046, -22.646], [146.117, -22.427], [146.087, -22.172], [145.982, -22.058], [145.725, -22.103], [145.593, -21.967], [145.602, -21.878], [145.725, -21.833], [145.857, -21.909], [145.98, -21.894], [146.098, -21.76], [146.088, -21.495], [145.733, -21.161], [145.582, -21.3], [145.625, -21.393], [145.582, -21.503], [145.447, -21.336], [145.374, -21.344], [145.269, -21.191], [145.353, -20.951], [145.215, -20.858], [145.094, -20.645], [145.113, -20.423], [144.974, -20.369], [144.942, -20.24], [144.793, -20.143], [144.777, -19.923], [144.43, -19.976], [144.321, -19.907], [144.235, -19.707], [144.251, -19.587], [144.358, -19.584], [144.532, -19.386], [144.589, -19.398], [144.768, -19.144], [144.708, -18.913], [144.567, -18.861], [144.667, -18.62], [144.66, -18.456], [144.914, -18.181], [145.102, -18.145], [145.285, -18.319], [145.627, -18.374], [145.715, -18.48], [145.738, -18.716], [145.964, -18.879]]]}}, {"type": "Feature", "properties": {"label": "Swan Coast-Avon", "division": "South West Coast", "area_ha": 12514468, "zone": false}, "geometry": {"type": "Polygon", "coordinates": [[[119.641, -30.303], [119.727, -30.273], [119.962, -30.364], [120.219, -30.643], [120.453, -30.698], [120.571, -30.903], [120.719, -30.957], [120.701, -31.155], [120.788, -31.325], [120.973, -31.355], [121.058, -31.485], [120.735, -31.705], [120.63, -31.89], [120.397, -31.855], [120.278, -32.119], [120.166, -32.17], [120.029, -32.357], [119.874, -32.412], [119.859, -32.73], [119.958, -32.773], [120.042, -32.957], [119.714, -33.148], [119.658, -33.427], [119.443, -33.281], [119.358, -33.035], [119.061, -33.042], [118.928, -33.235], [119.047, -33.438], [118.993, -33.594], [119.026, -33.686], [118.674, -33.788], [118.688, -33.937], [118.543, -33.933], [118.365, -33.807], [118.421, -33.666], [118.239, -33.534], [118.265, -33.316], [118.047, -32.923], [117.885, -32.91], [117.663, -32.765], [117.451, -32.823], [117.315, -32.65], [117.357, -32.579], [117.31, -32.516], [116.844, -32.57], [116.511, -32.475], [116.445, -32.521], [116.277, -32.424], [116.246, -32.33], [116.115, -32.325], [116.055, -32.217], [115.729, -32.053], [115.751, -31.84], [115.605, -31.512], [115.651, -31.477], [115.724, -31.55], [115.831, -31.537], [115.91, -31.382], [116.052, -31.395], [115.959, -31.225], [115.859, -31.203], [115.952, -31.049], [116.054, -31.04], [116.285, -31.173], [116.536, -31.138], [116.492, -30.885], [116.395, -30.743], [116.245, -30.694], [116.606, -30.502], [116.699, -30.128], [116.934, -30.192], [116.982, -30.436], [117.093, -30.612], [117.222, -30.651], [117.398, -30.517], [117.528, -30.642], [117.709, -30.677], [117.785, -30.484], [117.721, -30.352], [117.795, -30.25], [117.902, -30.213], [118.076, -30.284], [118.43, -30.271], [118.424, -30.087], [118.562, -30.0], [118.579, -29.91], [118.526, -29.889], [118.621, -29.693], [118.741, -29.624], [118.95, -29.665], [119.063, -29.605], [119.171, -29.812], [119.336, -29.821], [119.375, -29.939], [119.472, -29.968], [119.464, -30.144], [119.578, -30.192], [119.641, -30.303]]]}}, {"type": "Feature", "properties": {"label": "Darling", "division": "Murray-Darling Basin", "area_ha": 12010103, "zone": false}, "geometry": {"type": "Polygon", "coordinates": [[[146.27, -29.938], [146.427, -30.147], [146.388, -30.338], [146.545, -30.411], [146.588, -30.498], [146.513, -30.547], [146.534, -30.621], [146.688, -30.666], [146.755, -30.887], [146.69, -31.122], [146.712, -31.386], [146.501, -31.392], [146.453, -31.529], [146.493, -31.556], [146.512, -31.586], [146.335, -31.774], [146.36, -31.87], [146.28, -31.905], [146.387, -32.049], [146.463, -32.32], [146.404, -32.365], [146.433, -32.419], [146.23, -32.342], [146.106, -32.397], [145.827, -32.222], [145.7, -32.235], [145.397, -31.913], [145.156, -31.889], [145.08, -31.932], [145.067, -32.106], [144.884, -32.104], [144.867, -32.175], [144.766, -32.213], [144.78, -32.293], [144.635, -32.289], [144.405, -32.497], [143.921, -32.6], [143.79, -32.781], [143.549, -32.754], [143.362, -33.083], [143.281, -33.093], [142.97, -33.462], [142.863, -33.439], [142.807, -33.688], [142.403, -34.101], [142.303, -33.908], [142.198, -33.972], [142.132, -34.116], [141.725, -34.088], [141.66, -33.947], [141.53, -33.868], [141.564, -33.783], [141.41, -33.649], [141.429, -33.57], [141.293, -33.495], [141.269, -33.311], [140.693, -33.115], [140.86, -32.938], [140.712, -32.724], [140.751, -32.648], [140.692, -32.519], [140.58, -32.428], [140.442, -32.409], [140.357, -32.499], [140.198, -32.492], [140.058, -32.579], [140.002, -32.508], [139.833, -32.544], [139.793, -32.423], [139.918, -32.345], [139.883, -32.275], [140.072, -32.252], [140.138, -32.149], [140.295, -32.185], [140.33, -32.135], [140.366, -32.213], [140.607, -32.307], [140.973, -32.282], [141.146, -32.164], [141.177, -32.059], [141.408, -31.928], [141.346, -31.782], [141.514, -31.715], [141.577, -31.495], [142.388, -31.261], [142.521, -31.117], [142.69, -31.153], [142.75, -31.235], [142.832, -31.124], [143.038, -31.13], [143.222, -31.3], [143.241, -31.458], [143.369, -31.455], [143.407, -31.551], [143.503, -31.536], [143.647, -31.451], [143.723, -30.95], [144.15, -31.036], [144.172, -30.988], [144.379, -30.977], [144.462, -30.901], [144.405, -30.837], [144.44, -30.758], [144.58, -30.736], [144.59, -30.597], [144.888, -30.472], [145.039, -30.303], [145.155, -30.351], [145.159, -30.449], [145.267, -30.377], [145.393, -30.42], [145.571, -30.319], [145.614, -30.189], [145.802, -30.13], [145.795, -30.08], [145.977, -29.966], [146.27, -29.938]]]}}, {"type": "Feature", "properties": {"label": "Gascoyne", "division": "Pilbara-Gascoyne", "area_ha": 10782265, "zone": false}, "geometry": {"type": "Polygon", "coordinates": [[[114.766, -23.283], [114.828, -23.223], [115.031, -23.221], [115.448, -23.631], [115.693, -23.725], [115.924, -23.712], [116.158, -23.481], [116.345, -23.508], [116.507, -23.805], [116.666, -23.9], [116.805, -23.897], [116.858, -23.785], [116.944, -23.807], [117.183, -23.927], [117.2, -24.087], [117.368, -24.236], [117.73, -24.176], [117.721, -24.198], [117.657, -24.203], [117.636, -24.221], [117.937, -24.37], [117.941, -24.532], [118.192, -24.468], [118.38, -24.66], [118.63, -24.712], [118.715, -24.824], [118.786, -24.749], [119.133, -24.82], [119.118, -24.741], [119.441, -24.675], [119.459, -24.618], [119.716, -24.6], [119.845, -24.703], [119.813, -24.797], [119.898, -24.808], [119.938, -25.009], [119.882, -25.101], [119.798, -25.074], [119.688, -25.162], [119.677, -25.367], [119.513, -25.425], [119.518, -25.493], [119.391, -25.583], [119.41, -25.904], [119.313, -26.032], [119.245, -25.99], [119.09, -25.608], [118.792, -25.677], [118.642, -25.548], [118.4, -25.473], [118.17, -25.517], [117.838, -25.418], [117.545, -25.422], [117.356, -25.555], [116.922, -25.57], [116.722, -25.497], [116.372, -25.591], [116.26, -25.546], [116.184, -25.638], [115.866, -25.696], [115.624, -25.632], [115.475, -25.457], [115.382, -25.442], [115.362, -25.335], [115.168, -25.418], [115.138, -25.331], [115.012, -25.267], [115.012, -25.196], [114.753, -25.077], [114.4, -25.143], [114.104, -25.077], [113.825, -25.193], [113.696, -25.084], [113.627, -24.752], [113.407, -24.485], [113.391, -24.225], [113.523, -23.792], [113.78, -23.473], [113.76, -23.122], [113.861, -22.974], [114.087, -23.018], [114.187, -22.887], [114.22, -23.116], [114.339, -23.161], [114.431, -23.02], [114.542, -23.212], [114.766, -23.283]]]}}, {"type": "Feature", "properties": {"label": "Lake Eyre", "division": "Lake Eyre Basin", "area_ha": 10475612, "zone": false}, "geometry": {"type": "Polygon", "coordinates": [[[135.27, -27.345], [135.361, -27.27], [135.579, -27.491], [135.842, -27.526], [135.825, -27.597], [136.08, -27.765], [136.151, -27.73], [136.367, -27.819], [136.68, -27.72], [136.81, -27.841], [136.997, -27.799], [137.273, -27.966], [137.357, -27.933], [137.548, -28.147], [137.599, -28.146], [137.601, -28.018], [137.863, -28.107], [137.887, -28.06], [137.894, -28.173], [138.053, -28.274], [138.089, -28.14], [138.14, -28.147], [138.233, -28.285], [138.143, -28.513], [138.031, -28.382], [138.007, -28.443], [137.95, -28.392], [137.901, -28.497], [137.727, -28.401], [137.76, -28.622], [137.992, -28.65], [138.075, -28.943], [138.115, -28.918], [138.133, -29.016], [138.216, -29.046], [138.217, -29.182], [138.248, -29.146], [138.382, -29.275], [138.498, -29.185], [138.643, -29.217], [138.666, -29.424], [138.891, -29.388], [138.957, -29.531], [138.774, -29.661], [138.944, -29.768], [139.129, -30.067], [139.293, -30.11], [139.313, -30.211], [139.132, -30.298], [139.14, -30.391], [139.054, -30.409], [139.08, -30.452], [138.91, -30.548], [138.901, -30.655], [138.832, -30.686], [138.69, -30.529], [138.408, -30.6], [138.267, -30.412], [138.088, -30.304], [137.971, -30.021], [137.809, -29.886], [137.477, -29.978], [137.263, -29.883], [137.178, -29.925], [137.076, -30.13], [136.985, -30.12], [136.93, -29.972], [136.772, -30.0], [136.805, -30.104], [136.73, -30.176], [136.544, -29.973], [136.538, -30.485], [136.338, -30.611], [136.08, -30.541], [136.052, -30.588], [135.953, -30.568], [135.907, -30.379], [135.802, -30.333], [135.754, -30.089], [135.569, -30.07], [135.389, -29.745], [135.282, -29.715], [135.299, -29.642], [135.017, -29.478], [134.895, -29.09], [134.69, -29.001], [134.67, -28.842], [134.577, -28.845], [134.489, -28.676], [134.326, -28.648], [134.119, -28.469], [134.224, -28.07], [134.165, -28.095], [134.033, -28.012], [133.984, -27.75], [133.832, -27.641], [133.782, -27.518], [133.922, -27.438], [133.937, -27.285], [133.994, -27.266], [134.101, -27.269], [134.15, -27.378], [134.341, -27.435], [135.063, -27.38], [135.22, -27.295], [135.27, -27.345]]]}}, {"type": "Feature", "properties": {"label": "Murchison", "division": "Pilbara-Gascoyne", "area_ha": 10472254, "zone": false}, "geometry": {"type": "Polygon", "coordinates": [[[117.545, -25.422], [118.17, -25.517], [118.464, -25.487], [118.849, -25.686], [119.09, -25.608], [119.245, -25.99], [119.387, -26.063], [119.363, -26.204], [119.236, -26.24], [119.28, -26.282], [119.242, -26.351], [119.305, -26.407], [119.316, -26.642], [119.434, -26.76], [119.397, -26.994], [119.453, -27.124], [119.295, -27.21], [119.358, -27.322], [119.308, -27.459], [119.119, -27.572], [119.123, -27.718], [118.972, -27.83], [118.961, -28.036], [118.846, -28.145], [118.59, -28.158], [118.284, -28.074], [118.204, -28.149], [117.923, -28.05], [117.795, -27.927], [117.529, -27.942], [117.481, -27.912], [117.51, -27.758], [117.35, -27.666], [117.145, -27.772], [116.952, -27.709], [116.729, -27.827], [116.521, -27.711], [116.261, -27.808], [116.163, -27.724], [116.009, -27.782], [115.903, -27.729], [115.751, -27.805], [115.691, -27.71], [115.492, -28.061], [115.118, -28.236], [114.978, -28.234], [114.933, -28.167], [114.838, -28.226], [114.729, -28.076], [114.618, -28.099], [114.54, -27.928], [114.451, -27.895], [114.345, -27.959], [114.104, -27.85], [114.168, -27.704], [114.048, -27.387], [114.078, -27.311], [114.252, -27.378], [114.305, -27.267], [114.407, -27.291], [114.467, -27.238], [114.465, -27.352], [114.702, -27.416], [114.695, -27.5], [114.771, -27.483], [114.862, -27.637], [114.942, -27.453], [114.889, -27.414], [114.928, -27.162], [115.075, -27.136], [115.11, -27.064], [115.198, -27.114], [115.182, -27.032], [115.28, -26.893], [115.329, -26.912], [115.338, -26.755], [115.389, -26.754], [115.329, -26.433], [115.451, -26.379], [115.678, -26.04], [115.827, -25.988], [115.867, -25.789], [116.208, -25.898], [116.27, -26.006], [116.462, -26.033], [116.687, -25.837], [117.039, -25.808], [117.111, -25.561], [117.358, -25.555], [117.545, -25.422]]]}}, {"type": "Feature", "properties": {"label": "Fitzroy (WA)", "division": "Tanami-Timor Sea Coast", "area_ha": 9720059, "zone": false}, "geometry": {"type": "Polygon", "coordinates": [[[126.417, -16.349], [126.622, -16.499], [126.498, -16.721], [126.647, -16.727], [126.695, -16.933], [126.8, -16.955], [126.79, -17.191], [126.969, -17.119], [127.206, -17.435], [127.338, -17.448], [127.476, -17.554], [127.573, -17.69], [127.542, -17.868], [127.625, -18.048], [127.543, -18.29], [127.601, -18.56], [127.472, -18.762], [127.385, -18.762], [127.296, -18.868], [127.263, -19.069], [127.094, -19.277], [127.146, -19.434], [127.048, -19.465], [126.943, -19.621], [126.69, -19.508], [126.577, -19.526], [126.193, -19.326], [125.944, -19.293], [125.925, -19.223], [125.78, -19.28], [125.634, -19.162], [125.458, -19.244], [125.427, -19.32], [125.208, -19.196], [124.842, -19.264], [124.827, -19.194], [124.553, -19.158], [124.532, -19.068], [124.375, -19.11], [124.369, -19.037], [123.965, -18.847], [123.597, -18.903], [123.539, -18.962], [123.274, -18.825], [123.268, -18.684], [123.38, -18.632], [123.31, -18.553], [123.098, -18.53], [123.06, -18.45], [123.066, -18.334], [123.254, -18.195], [123.104, -17.912], [123.328, -17.776], [123.52, -17.74], [123.566, -17.626], [123.498, -17.596], [123.524, -17.486], [123.608, -17.58], [123.563, -17.368], [123.624, -17.194], [123.65, -17.29], [123.642, -17.192], [123.685, -17.267], [123.702, -17.273], [123.704, -17.267], [123.583, -17.035], [123.861, -17.341], [123.843, -17.463], [123.992, -17.688], [124.152, -17.678], [124.237, -17.788], [124.409, -17.666], [124.617, -17.632], [124.754, -17.725], [125.017, -17.667], [125.209, -17.777], [125.334, -17.701], [125.317, -17.636], [125.457, -17.593], [125.493, -17.368], [125.552, -17.363], [125.572, -17.285], [125.405, -17.162], [125.508, -17.175], [125.693, -16.903], [125.86, -16.842], [125.821, -16.661], [125.87, -16.62], [125.777, -16.308], [125.917, -16.348], [126.104, -16.111], [126.226, -16.218], [126.267, -16.186], [126.332, -16.362], [126.417, -16.349]]]}}, {"type": "Feature", "properties": {"label": "Bullo River-Lake Bancannia", "division": "Lake Eyre Basin", "area_ha": 9411226, "zone": false}, "geometry": {"type": "Polygon", "coordinates": [[[144.899, -25.038], [145.133, -25.042], [145.126, -25.161], [145.354, -25.155], [145.377, -25.263], [145.495, -25.24], [145.51, -25.458], [145.404, -25.569], [145.287, -25.511], [145.135, -25.697], [145.118, -25.905], [145.039, -26.018], [145.096, -26.154], [145.043, -26.246], [144.893, -26.288], [144.813, -26.768], [144.651, -26.844], [144.74, -26.986], [144.52, -27.22], [144.507, -27.411], [144.585, -27.434], [144.589, -27.517], [144.349, -27.605], [144.315, -27.786], [144.216, -27.832], [144.244, -27.88], [144.081, -27.903], [144.009, -27.998], [144.033, -28.215], [143.923, -28.338], [144.027, -28.412], [143.98, -28.525], [144.073, -28.716], [144.011, -28.85], [144.099, -29.075], [144.003, -29.374], [143.912, -29.407], [143.898, -29.504], [143.789, -29.533], [143.72, -29.71], [143.599, -29.785], [143.526, -29.956], [143.612, -30.197], [143.465, -30.218], [143.425, -30.372], [143.274, -30.397], [143.207, -30.739], [143.059, -30.878], [142.934, -30.803], [142.642, -30.817], [142.585, -31.11], [142.483, -31.13], [142.388, -31.261], [141.59, -31.49], [141.489, -31.246], [141.654, -31.03], [141.657, -30.828], [142.007, -30.639], [142.119, -30.642], [142.012, -30.49], [141.693, -30.284], [141.627, -30.112], [141.659, -30.022], [141.565, -29.919], [141.652, -29.856], [141.63, -29.767], [141.533, -29.724], [141.642, -29.544], [141.627, -29.375], [141.715, -29.162], [141.778, -29.076], [141.948, -29.089], [141.973, -28.975], [142.057, -28.964], [142.167, -28.513], [142.301, -28.434], [142.277, -28.306], [142.633, -28.13], [142.683, -28.178], [143.083, -27.946], [143.265, -27.67], [143.22, -27.531], [143.355, -27.487], [143.37, -27.378], [143.511, -27.299], [143.572, -27.009], [143.784, -26.996], [143.766, -26.748], [143.862, -26.747], [143.967, -26.539], [144.095, -26.476], [143.987, -26.325], [144.023, -25.871], [143.966, -25.72], [144.183, -25.703], [144.176, -25.586], [144.372, -25.513], [144.595, -25.301], [144.627, -25.119], [144.577, -25.0], [144.677, -24.746], [144.866, -24.906], [144.845, -24.991], [144.899, -25.038]]]}}, {"type": "Feature", "properties": {"label": "Moore-Hill", "division": "South West Coast", "area_ha": 9071513, "zone": false}, "geometry": {"type": "Polygon", "coordinates": [[[118.776, -28.167], [118.985, -27.966], [119.093, -28.038], [119.097, -28.095], [118.83, -28.344], [118.828, -28.51], [118.609, -28.629], [118.757, -28.927], [118.621, -28.95], [118.544, -29.081], [118.78, -29.622], [118.589, -29.74], [118.526, -29.889], [118.579, -29.91], [118.562, -30.0], [118.424, -30.087], [118.431, -30.27], [118.076, -30.284], [117.85, -30.226], [117.721, -30.352], [117.785, -30.484], [117.71, -30.677], [117.528, -30.642], [117.398, -30.517], [117.188, -30.658], [117.021, -30.523], [116.934, -30.192], [116.699, -30.128], [116.606, -30.502], [116.245, -30.694], [116.395, -30.743], [116.492, -30.885], [116.536, -31.138], [116.285, -31.173], [116.054, -31.04], [115.952, -31.049], [115.859, -31.203], [115.959, -31.225], [116.052, -31.395], [115.91, -31.382], [115.823, -31.539], [115.585, -31.503], [115.058, -30.509], [114.955, -30.049], [114.977, -29.558], [115.036, -29.507], [115.145, -29.666], [115.27, -29.631], [115.362, -29.709], [115.43, -29.708], [115.551, -29.563], [115.662, -29.589], [115.643, -29.406], [115.835, -29.207], [115.801, -29.166], [115.872, -29.071], [115.826, -28.908], [115.993, -28.792], [116.11, -28.545], [116.234, -28.468], [116.305, -28.15], [116.454, -28.088], [116.517, -27.906], [116.608, -27.914], [116.952, -27.709], [117.145, -27.772], [117.35, -27.666], [117.51, -27.758], [117.474, -27.834], [117.525, -27.941], [117.795, -27.927], [117.923, -28.05], [118.204, -28.149], [118.284, -28.074], [118.776, -28.167]]]}}, {"type": "Feature", "properties": {"label": "Nicholson-Leichhardt", "division": "Carpentaria Coast", "area_ha": 8519951, "zone": false}, "geometry": {"type": "Polygon", "coordinates": [[[139.308, -17.36], [139.533, -17.437], [139.553, -17.462], [139.542, -17.464], [139.532, -17.472], [139.523, -17.464], [139.513, -17.466], [139.511, -17.471], [139.511, -17.475], [139.518, -17.484], [139.505, -17.498], [139.5, -17.497], [139.506, -17.492], [139.505, -17.488], [139.493, -17.482], [139.486, -17.485], [139.485, -17.49], [139.486, -17.495], [139.498, -17.5], [139.492, -17.506], [139.497, -17.524], [139.498, -17.5], [139.486, -17.486], [139.504, -17.489], [139.5, -17.494], [139.5, -17.498], [139.505, -17.499], [139.509, -17.497], [139.52, -17.484], [139.515, -17.467], [139.532, -17.473], [139.547, -17.465], [139.59, -17.48], [139.604, -17.505], [139.578, -17.546], [139.591, -17.558], [139.577, -17.566], [139.571, -17.562], [139.559, -17.562], [139.559, -17.552], [139.557, -17.549], [139.552, -17.55], [139.542, -17.558], [139.543, -17.561], [139.549, -17.569], [139.549, -17.575], [139.554, -17.55], [139.558, -17.552], [139.557, -17.561], [139.561, -17.564], [139.58, -17.568], [139.592, -17.56], [139.607, -17.505], [139.754, -17.565], [139.715, -17.629], [139.718, -17.646], [139.728, -17.66], [139.687, -17.667], [139.66, -17.683], [139.655, -17.697], [139.727, -17.666], [139.787, -17.567], [139.788, -17.6], [139.818, -17.634], [139.811, -17.645], [139.797, -17.639], [139.778, -17.643], [139.774, -17.65], [139.787, -17.674], [139.816, -17.693], [139.808, -17.702], [139.796, -17.689], [139.78, -17.69], [139.775, -17.709], [139.78, -17.716], [139.819, -17.699], [139.819, -17.684], [139.776, -17.647], [139.811, -17.647], [139.818, -17.642], [139.82, -17.637], [139.818, -17.62], [139.793, -17.587], [139.821, -17.568], [140.0, -17.713], [140.178, -17.705], [140.018, -17.992], [140.091, -18.162], [140.208, -18.246], [140.294, -18.227], [140.298, -18.335], [140.574, -18.452], [140.617, -18.538], [140.497, -18.626], [140.471, -18.741], [140.523, -19.041], [140.399, -19.084], [140.254, -19.255], [140.237, -20.105], [140.094, -20.344], [139.88, -20.458], [139.883, -20.667], [139.949, -20.778], [139.859, -20.817], [139.873, -20.935], [139.744, -21.119], [139.676, -21.011], [139.569, -21.04], [139.39, -20.887], [139.404, -20.414], [139.297, -20.189], [139.235, -20.19], [139.093, -20.016], [139.132, -19.91], [139.061, -19.92], [139.02, -19.839], [138.899, -19.917], [138.841, -19.804], [138.709, -19.794], [138.539, -19.942], [138.483, -19.738], [138.297, -19.697], [138.172, -19.502], [138.033, -19.515], [137.847, -19.24], [137.621, -19.163], [137.627, -19.1], [137.466, -18.99], [137.467, -18.834], [137.378, -18.777], [137.468, -18.621], [137.414, -18.563], [137.124, -18.623], [137.103, -18.495], [136.845, -18.325], [136.842, -17.745], [136.633, -17.549], [136.731, -17.492], [136.901, -17.555], [137.111, -17.453], [137.195, -17.495], [137.147, -17.597], [137.358, -17.671], [137.419, -17.638], [137.529, -17.825], [137.868, -17.611], [138.137, -17.726], [138.285, -17.72], [138.303, -17.815], [138.463, -17.878], [138.552, -17.825], [138.632, -17.578], [139.204, -17.572], [139.284, -17.502], [139.308, -17.36]]]}}, {"type": "Feature", "properties": {"label": "Ord-Pentecost", "division": "Tanami-Timor Sea Coast", "area_ha": 8423575, "zone": false}, "geometry": {"type": "Polygon", "coordinates": [[[128.52, -15.307], [128.755, -15.613], [128.749, -15.733], [128.822, -15.736], [128.912, -15.891], [128.878, -15.917], [128.958, -16.005], [128.915, -16.077], [129.097, -16.085], [129.242, -16.234], [129.201, -16.263], [129.25, -16.321], [129.105, -16.545], [129.211, -16.747], [129.09, -16.84], [129.28, -16.863], [129.37, -16.998], [129.426, -16.965], [129.728, -17.09], [129.77, -17.048], [129.992, -17.225], [130.032, -17.289], [129.936, -17.339], [130.07, -17.621], [130.037, -17.807], [129.895, -17.837], [129.683, -17.705], [129.449, -17.682], [129.399, -17.898], [129.278, -17.838], [129.173, -17.9], [129.114, -18.187], [128.917, -18.128], [128.791, -18.236], [128.618, -18.239], [128.428, -18.127], [128.348, -18.167], [128.344, -18.267], [128.162, -18.337], [128.177, -18.515], [128.113, -18.566], [128.043, -18.553], [127.959, -18.645], [127.76, -18.577], [127.706, -18.615], [127.587, -18.553], [127.54, -18.427], [127.628, -18.096], [127.542, -17.868], [127.566, -17.671], [127.383, -17.475], [127.206, -17.435], [127.036, -17.264], [127.002, -17.138], [126.942, -17.111], [126.79, -17.191], [126.8, -16.955], [126.695, -16.933], [126.647, -16.727], [126.498, -16.721], [126.636, -16.457], [126.517, -16.197], [126.562, -16.143], [126.641, -16.267], [126.79, -16.283], [126.83, -16.14], [126.747, -16.082], [126.815, -15.983], [126.696, -15.855], [126.715, -15.792], [126.801, -15.734], [126.91, -15.769], [126.929, -15.674], [127.09, -15.527], [127.289, -15.516], [127.299, -15.403], [127.136, -15.326], [127.235, -15.208], [127.344, -15.187], [127.39, -15.068], [127.643, -15.028], [127.715, -14.942], [127.775, -15.01], [127.855, -14.967], [127.857, -14.76], [127.912, -14.717], [127.857, -14.715], [127.8, -14.579], [127.879, -14.471], [127.953, -14.609], [128.013, -14.613], [127.99, -14.576], [127.993, -14.556], [128.226, -14.745], [128.146, -14.735], [128.192, -14.84], [128.048, -14.879], [128.083, -14.89], [128.087, -14.886], [128.085, -14.873], [128.088, -14.869], [128.13, -14.87], [128.087, -14.874], [128.101, -14.94], [128.116, -14.892], [128.138, -14.873], [128.093, -15.283], [127.968, -15.346], [128.065, -15.322], [128.077, -15.435], [127.817, -15.593], [127.854, -15.675], [127.86, -15.616], [128.167, -15.427], [128.158, -15.371], [128.124, -15.35], [128.128, -15.329], [128.234, -15.419], [128.259, -15.331], [128.213, -15.264], [128.129, -15.326], [128.128, -15.185], [128.275, -15.317], [128.292, -15.461], [128.327, -15.507], [128.337, -15.508], [128.353, -15.482], [128.372, -15.507], [128.378, -15.503], [128.352, -15.48], [128.33, -15.507], [128.299, -15.464], [128.243, -15.089], [128.373, -15.263], [128.418, -15.238], [128.459, -15.332], [128.52, -15.307]]]}}, {"type": "Feature", "properties": {"label": "Mitchell-Coleman Rivers (Qld)", "division": "Carpentaria Coast", "area_ha": 8314018, "zone": false}, "geometry": {"type": "Polygon", "coordinates": [[[143.419, -14.457], [143.483, -14.59], [143.391, -14.788], [143.461, -14.907], [143.363, -14.963], [143.302, -15.182], [143.408, -15.22], [143.483, -15.354], [143.538, -15.334], [143.63, -15.553], [143.83, -15.665], [143.848, -15.807], [144.087, -15.885], [144.219, -15.846], [144.363, -15.947], [144.55, -15.853], [144.739, -15.893], [144.929, -16.166], [145.133, -16.286], [145.295, -16.537], [145.39, -16.537], [145.396, -16.605], [145.514, -16.654], [145.398, -16.742], [145.403, -16.987], [145.321, -17.012], [145.436, -17.306], [145.26, -17.411], [145.224, -17.528], [144.994, -17.606], [144.867, -17.903], [144.868, -18.123], [144.772, -18.287], [144.637, -18.087], [144.556, -18.112], [144.342, -17.945], [144.235, -17.981], [144.065, -17.917], [143.911, -17.734], [143.893, -17.594], [143.659, -17.442], [143.47, -17.196], [143.32, -16.586], [143.015, -16.358], [142.971, -16.243], [142.595, -16.155], [141.684, -16.291], [141.342, -16.273], [141.432, -16.078], [141.377, -15.919], [141.41, -15.912], [141.435, -15.872], [141.427, -15.834], [141.437, -15.834], [141.431, -15.84], [141.432, -15.846], [141.437, -15.849], [141.463, -15.844], [141.468, -15.828], [141.477, -15.836], [141.491, -15.833], [141.482, -15.843], [141.484, -15.851], [141.491, -15.856], [141.494, -15.853], [141.492, -15.842], [141.498, -15.837], [141.49, -15.843], [141.493, -15.851], [141.491, -15.854], [141.484, -15.843], [141.492, -15.831], [141.468, -15.826], [141.438, -15.847], [141.438, -15.833], [141.425, -15.833], [141.433, -15.871], [141.395, -15.905], [141.472, -15.523], [141.581, -15.209], [141.675, -15.246], [141.692, -15.197], [141.555, -14.605], [141.633, -14.633], [141.92, -14.491], [142.264, -14.498], [142.49, -14.4], [142.834, -14.591], [142.972, -14.433], [143.05, -14.496], [143.215, -14.316], [143.339, -14.294], [143.465, -14.382], [143.419, -14.457]]]}}, {"type": "Feature", "properties": {"label": "Roper", "division": "Carpentaria Coast", "area_ha": 7737667, "zone": false}, "geometry": {"type": "Polygon", "coordinates": [[[134.376, -13.303], [134.365, -13.426], [134.448, -13.516], [134.573, -13.529], [134.581, -13.606], [134.733, -13.637], [134.778, -13.822], [135.251, -14.057], [135.378, -14.325], [135.468, -14.343], [135.444, -14.54], [135.539, -14.643], [135.412, -14.738], [135.37, -14.707], [135.326, -14.71], [135.375, -14.774], [135.208, -14.795], [135.162, -14.903], [135.038, -14.905], [134.959, -15.02], [134.549, -15.281], [134.589, -15.393], [134.445, -15.534], [134.502, -15.644], [134.679, -15.755], [134.69, -15.933], [134.545, -16.028], [134.609, -16.166], [134.552, -16.44], [134.365, -16.438], [134.308, -16.499], [134.235, -16.428], [134.093, -16.427], [134.037, -16.152], [133.895, -16.19], [133.76, -16.12], [133.622, -16.303], [133.533, -16.298], [133.348, -16.563], [133.311, -16.524], [133.23, -16.613], [132.635, -16.558], [132.587, -16.437], [132.308, -16.403], [132.136, -16.217], [132.336, -16.065], [132.337, -15.884], [132.491, -15.772], [132.558, -15.636], [132.521, -15.446], [132.677, -15.262], [132.568, -15.012], [132.705, -14.988], [132.805, -15.075], [132.905, -15.009], [132.805, -14.783], [132.669, -14.741], [132.68, -14.675], [132.608, -14.629], [132.725, -14.414], [132.803, -14.302], [133.096, -14.172], [133.135, -14.037], [133.201, -14.021], [133.157, -13.93], [133.206, -13.844], [133.427, -13.733], [133.474, -13.581], [133.628, -13.423], [133.829, -13.35], [134.042, -13.057], [134.241, -12.998], [134.291, -13.069], [134.256, -13.217], [134.376, -13.303]]]}}, {"type": "Feature", "properties": {"label": "Lachlan", "division": "Murray-Darling Basin", "area_ha": 7705123, "zone": true}, "geometry": {"type": "Polygon", "coordinates": [[[148.056, -33.011], [148.4, -32.959], [148.58, -33.067], [148.815, -33.033], [148.828, -33.17], [148.967, -33.213], [148.982, -33.361], [149.139, -33.385], [149.208, -33.459], [149.29, -33.412], [149.363, -33.451], [149.295, -33.586], [149.439, -33.71], [149.489, -33.87], [149.832, -33.921], [149.963, -34.101], [149.938, -34.269], [149.814, -34.314], [149.75, -34.449], [149.61, -34.483], [149.558, -34.432], [149.407, -34.626], [149.418, -34.698], [149.59, -34.777], [149.577, -34.97], [149.523, -34.973], [149.472, -34.797], [149.338, -34.945], [149.268, -34.88], [149.107, -34.882], [148.937, -34.703], [148.782, -34.726], [148.625, -34.474], [148.453, -34.362], [148.221, -34.394], [148.119, -34.525], [148.043, -34.512], [147.889, -34.654], [147.789, -34.538], [147.533, -34.56], [147.493, -34.616], [147.454, -34.539], [147.229, -34.482], [147.179, -34.408], [147.036, -34.421], [146.94, -34.554], [146.832, -34.562], [146.773, -34.662], [146.563, -34.759], [146.439, -34.682], [146.415, -34.593], [146.251, -34.585], [146.073, -34.443], [146.008, -34.498], [145.658, -34.387], [144.95, -34.495], [144.888, -34.405], [144.691, -34.363], [144.542, -34.227], [144.271, -34.314], [144.186, -34.247], [143.995, -34.365], [143.93, -34.312], [143.943, -34.238], [144.028, -34.255], [144.261, -34.048], [144.378, -34.103], [144.59, -33.96], [144.68, -34.014], [144.831, -33.93], [144.952, -33.823], [144.984, -33.641], [145.364, -33.327], [145.577, -33.288], [145.972, -33.33], [146.027, -33.391], [145.975, -33.212], [146.088, -32.828], [146.136, -32.736], [146.318, -32.712], [146.422, -32.597], [146.424, -32.34], [146.676, -32.333], [146.916, -32.508], [146.935, -32.594], [147.319, -32.667], [147.386, -32.82], [147.77, -32.796], [148.056, -33.011]]]}}, {"type": "Feature", "properties": {"label": "Ashburton", "division": "Pilbara-Gascoyne", "area_ha": 7617644, "zone": false}, "geometry": {"type": "Polygon", "coordinates": [[[114.985, -21.678], [115.077, -22.108], [115.245, -22.217], [115.372, -22.147], [115.531, -22.195], [115.575, -22.36], [115.775, -22.373], [115.816, -22.482], [115.908, -22.282], [116.26, -22.279], [116.555, -22.112], [116.743, -22.144], [116.725, -22.233], [116.789, -22.314], [117.081, -22.192], [117.263, -22.269], [117.72, -22.289], [117.859, -22.503], [117.83, -22.572], [117.978, -22.697], [118.116, -22.714], [118.093, -22.549], [118.184, -22.51], [118.515, -22.64], [118.479, -22.777], [118.53, -22.836], [118.89, -22.887], [118.893, -23.032], [118.807, -23.08], [118.919, -23.222], [118.866, -23.297], [119.152, -23.413], [119.204, -23.556], [119.154, -23.645], [119.229, -23.698], [119.313, -23.617], [119.398, -23.625], [119.512, -23.768], [119.721, -23.759], [119.71, -23.853], [119.828, -23.975], [119.718, -23.977], [119.63, -24.243], [119.443, -24.331], [119.402, -24.409], [119.475, -24.54], [119.449, -24.668], [119.102, -24.748], [119.133, -24.82], [118.786, -24.749], [118.715, -24.824], [118.63, -24.712], [118.38, -24.66], [118.192, -24.468], [117.968, -24.547], [117.901, -24.461], [117.936, -24.369], [117.636, -24.221], [117.721, -24.198], [117.73, -24.176], [117.368, -24.236], [117.2, -24.087], [117.183, -23.927], [116.912, -23.797], [116.858, -23.785], [116.805, -23.897], [116.67, -23.902], [116.507, -23.805], [116.345, -23.508], [116.158, -23.481], [115.924, -23.712], [115.772, -23.717], [115.715, -23.583], [115.776, -23.516], [115.698, -23.356], [115.417, -23.193], [115.387, -23.076], [115.155, -22.803], [115.305, -22.558], [115.21, -22.489], [114.967, -21.891], [114.98, -21.794], [114.877, -21.732], [114.985, -21.678]]]}}, {"type": "Feature", "properties": {"label": "Paroo", "division": "Murray-Darling Basin", "area_ha": 7355169, "zone": false}, "geometry": {"type": "Polygon", "coordinates": [[[145.144, -26.065], [145.297, -26.168], [145.33, -26.304], [145.575, -26.388], [145.619, -26.505], [145.489, -26.827], [145.6, -26.928], [145.617, -27.065], [145.465, -27.38], [145.553, -27.508], [145.73, -27.57], [145.745, -27.657], [145.63, -27.95], [145.698, -28.15], [145.561, -28.64], [145.612, -28.959], [145.57, -29.322], [145.461, -29.564], [145.287, -29.61], [145.199, -29.745], [145.236, -29.826], [145.173, -30.04], [145.23, -30.1], [145.082, -30.16], [145.097, -30.274], [144.888, -30.472], [144.59, -30.597], [144.579, -30.736], [144.44, -30.758], [144.405, -30.837], [144.462, -30.901], [144.379, -30.977], [144.172, -30.988], [144.15, -31.036], [143.723, -30.95], [143.647, -31.451], [143.407, -31.551], [143.369, -31.454], [143.241, -31.458], [143.222, -31.3], [143.041, -31.131], [142.832, -31.124], [142.753, -31.235], [142.608, -31.136], [142.588, -31.016], [142.646, -30.929], [142.6, -30.867], [142.833, -30.799], [143.059, -30.878], [143.207, -30.739], [143.274, -30.397], [143.425, -30.372], [143.465, -30.218], [143.612, -30.197], [143.526, -29.956], [143.599, -29.785], [143.72, -29.71], [143.789, -29.533], [143.898, -29.504], [143.912, -29.407], [144.003, -29.374], [144.099, -29.075], [144.011, -28.85], [144.073, -28.716], [143.98, -28.525], [144.027, -28.412], [143.923, -28.338], [144.033, -28.215], [144.009, -27.998], [144.081, -27.903], [144.245, -27.88], [144.216, -27.832], [144.315, -27.786], [144.35, -27.606], [144.589, -27.518], [144.585, -27.434], [144.507, -27.411], [144.52, -27.22], [144.74, -26.986], [144.651, -26.844], [144.813, -26.768], [144.893, -26.288], [145.043, -26.246], [145.144, -26.065]]]}}, {"type": "Feature", "properties": {"label": "Macquarie-Bogan", "division": "Murray-Darling Basin", "area_ha": 7342722, "zone": false}, "geometry": {"type": "Polygon", "coordinates": [[[146.984, -30.025], [147.23, -30.137], [147.515, -30.11], [147.592, -30.14], [147.525, -30.205], [147.594, -30.231], [147.642, -30.176], [147.707, -30.246], [147.765, -30.203], [147.904, -30.282], [147.823, -30.364], [147.893, -30.628], [147.811, -30.655], [147.806, -30.802], [148.075, -30.992], [148.119, -31.16], [148.241, -31.208], [148.544, -31.508], [148.862, -32.057], [149.103, -31.946], [149.643, -31.848], [149.842, -31.679], [150.128, -31.766], [149.753, -32.097], [149.672, -32.252], [149.704, -32.377], [149.883, -32.446], [149.876, -32.533], [150.093, -32.716], [150.241, -32.719], [150.219, -32.761], [150.363, -32.845], [150.28, -32.92], [150.001, -32.888], [149.931, -32.976], [149.963, -33.128], [150.109, -33.244], [149.947, -33.405], [150.036, -33.45], [150.064, -33.679], [149.918, -33.905], [149.489, -33.87], [149.439, -33.71], [149.295, -33.586], [149.363, -33.451], [149.29, -33.412], [149.208, -33.459], [149.139, -33.385], [148.982, -33.361], [148.967, -33.213], [148.828, -33.17], [148.812, -33.032], [148.58, -33.067], [148.4, -32.959], [148.004, -33.008], [147.77, -32.796], [147.396, -32.824], [147.319, -32.667], [146.935, -32.594], [146.916, -32.508], [146.676, -32.333], [146.462, -32.346], [146.385, -32.045], [146.28, -31.905], [146.36, -31.87], [146.335, -31.774], [146.512, -31.586], [146.453, -31.529], [146.501, -31.392], [146.712, -31.386], [146.69, -31.122], [146.755, -30.887], [146.688, -30.666], [146.534, -30.621], [146.513, -30.547], [146.588, -30.498], [146.545, -30.411], [146.388, -30.338], [146.427, -30.147], [146.323, -29.993], [146.449, -29.95], [146.527, -30.01], [146.707, -29.934], [146.83, -30.043], [146.984, -30.025]]]}}, {"type": "Feature", "properties": {"label": "Lake Torrens-Mambray Coast", "division": "South Australian Gulf", "area_ha": 6734605, "zone": false}, "geometry": {"type": "Polygon", "coordinates": [[[137.896, -29.958], [138.059, -30.269], [138.408, -30.6], [138.69, -30.529], [138.794, -30.678], [138.868, -30.678], [138.664, -30.905], [138.714, -30.958], [138.743, -31.401], [138.518, -31.533], [138.598, -31.617], [138.669, -31.584], [138.673, -31.755], [138.764, -31.855], [138.688, -31.877], [138.753, -31.899], [138.695, -32.072], [138.765, -32.099], [138.826, -32.276], [138.596, -32.423], [138.627, -32.499], [138.532, -32.599], [138.565, -32.717], [138.495, -32.925], [138.377, -32.876], [138.309, -32.962], [138.159, -32.997], [138.212, -33.271], [138.111, -33.351], [138.018, -33.307], [137.989, -33.159], [138.02, -33.183], [138.037, -33.17], [138.042, -33.082], [137.95, -33.008], [137.935, -32.758], [137.839, -32.698], [137.857, -32.668], [137.774, -32.558], [137.786, -32.545], [137.765, -32.525], [137.77, -32.477], [137.766, -32.44], [137.754, -32.428], [137.751, -32.707], [137.81, -32.752], [137.765, -32.964], [137.705, -32.907], [137.684, -32.657], [137.589, -32.624], [137.534, -32.49], [137.423, -32.415], [137.176, -32.518], [137.113, -32.648], [136.847, -32.606], [136.739, -32.697], [136.566, -32.664], [136.461, -32.714], [136.388, -32.661], [136.309, -32.482], [136.523, -32.375], [136.316, -32.05], [136.356, -31.937], [136.46, -31.904], [136.354, -31.824], [136.379, -31.729], [136.28, -31.665], [136.241, -31.532], [136.137, -31.466], [136.166, -31.389], [136.241, -31.38], [136.087, -31.324], [136.125, -31.177], [135.938, -30.995], [135.809, -31.063], [135.621, -31.013], [135.582, -30.896], [135.701, -30.802], [135.682, -30.74], [135.772, -30.763], [135.963, -30.566], [136.338, -30.611], [136.536, -30.487], [136.556, -29.968], [136.707, -30.178], [136.805, -30.104], [136.765, -30.007], [136.879, -29.97], [136.988, -30.041], [136.995, -30.129], [137.085, -30.127], [137.228, -29.89], [137.478, -29.978], [137.797, -29.883], [137.896, -29.958]]]}}, {"type": "Feature", "properties": {"label": "Warrego", "division": "Murray-Darling Basin", "area_ha": 5628428, "zone": false}, "geometry": {"type": "Polygon", "coordinates": [[[146.878, -24.833], [146.999, -25.038], [147.137, -24.957], [147.233, -24.988], [147.321, -24.87], [147.487, -24.88], [147.737, -24.728], [147.825, -24.736], [147.955, -24.888], [147.742, -25.032], [147.741, -25.201], [147.493, -25.377], [147.472, -25.553], [147.244, -25.761], [147.269, -25.907], [147.458, -25.99], [147.458, -26.13], [147.315, -26.301], [147.293, -26.426], [147.125, -26.504], [147.047, -26.653], [146.713, -26.639], [146.558, -26.785], [146.23, -26.742], [146.194, -26.854], [146.055, -26.934], [145.998, -27.09], [146.039, -27.127], [145.978, -27.155], [146.021, -27.267], [145.834, -27.617], [145.868, -27.859], [145.749, -28.288], [145.922, -28.962], [145.868, -29.037], [145.878, -29.547], [146.018, -29.724], [145.925, -29.824], [146.01, -29.933], [145.795, -30.08], [145.802, -30.13], [145.614, -30.189], [145.573, -30.317], [145.45, -30.404], [145.267, -30.377], [145.159, -30.449], [145.155, -30.351], [145.065, -30.291], [145.094, -30.145], [145.23, -30.1], [145.173, -30.04], [145.236, -29.826], [145.199, -29.745], [145.287, -29.61], [145.461, -29.564], [145.57, -29.322], [145.612, -28.959], [145.561, -28.64], [145.698, -28.15], [145.63, -27.95], [145.745, -27.657], [145.73, -27.57], [145.553, -27.508], [145.465, -27.38], [145.617, -27.065], [145.6, -26.928], [145.489, -26.827], [145.619, -26.505], [145.543, -26.362], [145.33, -26.304], [145.288, -26.157], [145.155, -26.064], [145.062, -26.092], [145.135, -25.697], [145.288, -25.511], [145.42, -25.563], [145.51, -25.458], [145.479, -25.395], [145.534, -25.315], [145.479, -25.216], [145.592, -25.242], [145.641, -25.088], [145.903, -24.898], [146.062, -24.898], [146.131, -24.998], [146.491, -25.0], [146.621, -24.762], [146.863, -24.585], [146.944, -24.7], [146.878, -24.833]]]}}, {"type": "Feature", "properties": {"label": "Daly", "division": "Tanami-Timor Sea Coast", "area_ha": 5467008, "zone": false}, "geometry": {"type": "Polygon", "coordinates": [[[133.339, -13.348], [133.515, -13.558], [133.427, -13.733], [133.174, -13.883], [133.201, -14.021], [133.135, -14.037], [133.096, -14.172], [132.803, -14.302], [132.638, -14.558], [132.653, -14.726], [132.78, -14.753], [132.905, -15.009], [132.805, -15.075], [132.705, -14.988], [132.569, -15.011], [132.677, -15.262], [132.521, -15.446], [132.558, -15.636], [132.491, -15.772], [132.337, -15.884], [132.336, -16.065], [132.138, -16.217], [132.067, -16.123], [131.957, -16.13], [131.828, -15.776], [131.691, -15.713], [131.599, -15.53], [131.254, -15.433], [131.189, -15.361], [131.094, -15.112], [131.187, -15.05], [131.19, -14.952], [131.043, -14.847], [131.094, -14.737], [130.979, -14.558], [130.779, -14.513], [130.743, -14.395], [130.616, -14.393], [130.543, -14.464], [130.469, -14.389], [130.483, -14.267], [130.279, -14.225], [130.196, -14.121], [130.293, -13.867], [130.22, -13.736], [130.25, -13.614], [130.189, -13.394], [130.28, -13.252], [130.567, -13.269], [130.808, -13.587], [130.892, -13.615], [131.032, -13.495], [131.116, -13.527], [131.133, -13.468], [131.216, -13.468], [131.277, -13.547], [131.439, -13.531], [131.533, -13.632], [131.648, -13.615], [131.785, -13.811], [131.99, -13.758], [132.15, -13.794], [132.264, -13.729], [132.402, -13.847], [132.545, -13.817], [132.584, -13.747], [132.645, -13.787], [132.743, -13.738], [132.768, -13.648], [132.858, -13.614], [132.837, -13.487], [132.984, -13.503], [133.087, -13.242], [133.173, -13.343], [133.339, -13.348]]]}}, {"type": "Feature", "properties": {"label": "Benanee-Willandra Creek", "division": "Murray-Darling Basin", "area_ha": 5083867, "zone": false}, "geometry": {"type": "Polygon", "coordinates": [[[145.827, -32.222], [146.106, -32.397], [146.23, -32.342], [146.432, -32.42], [146.422, -32.597], [146.318, -32.712], [146.136, -32.736], [146.088, -32.828], [145.974, -33.212], [146.027, -33.391], [145.972, -33.33], [145.577, -33.288], [145.364, -33.327], [144.984, -33.641], [144.952, -33.823], [144.831, -33.93], [144.68, -34.014], [144.59, -33.96], [144.378, -34.103], [144.261, -34.048], [144.028, -34.255], [143.943, -34.238], [143.796, -34.361], [143.687, -34.335], [143.591, -34.551], [143.443, -34.666], [143.42, -34.627], [143.241, -34.674], [143.27, -34.586], [143.088, -34.509], [143.12, -34.445], [142.931, -34.492], [142.686, -34.222], [142.602, -34.203], [142.713, -34.043], [142.6, -33.938], [142.841, -33.634], [142.799, -33.571], [142.863, -33.439], [142.97, -33.462], [143.281, -33.093], [143.362, -33.083], [143.382, -32.97], [143.562, -32.746], [143.79, -32.781], [143.921, -32.6], [144.405, -32.497], [144.635, -32.289], [144.78, -32.293], [144.766, -32.213], [144.867, -32.175], [144.884, -32.104], [145.067, -32.106], [145.08, -31.932], [145.203, -31.876], [145.397, -31.913], [145.7, -32.235], [145.827, -32.222]]]}}, {"type": "Feature", "properties": {"label": "Fortescue", "division": "Pilbara-Gascoyne", "area_ha": 4868348, "zone": false}, "geometry": {"type": "Polygon", "coordinates": [[[116.402, -21.154], [116.444, -21.228], [116.65, -21.248], [116.727, -21.333], [117.111, -21.358], [117.325, -21.587], [117.447, -21.526], [117.566, -21.636], [117.745, -21.633], [117.911, -21.817], [118.168, -21.826], [118.253, -21.772], [118.305, -21.973], [118.427, -21.921], [118.755, -22.103], [119.029, -22.109], [119.151, -22.187], [119.717, -22.296], [119.841, -22.217], [119.909, -22.271], [120.167, -22.221], [120.183, -22.347], [120.612, -22.571], [120.781, -22.897], [120.934, -22.987], [120.918, -23.107], [121.028, -23.176], [120.904, -23.262], [120.954, -23.431], [120.826, -23.578], [120.667, -23.516], [120.568, -23.611], [120.322, -23.622], [120.267, -23.699], [120.076, -23.642], [119.797, -23.793], [119.512, -23.768], [119.433, -23.634], [119.341, -23.613], [119.202, -23.694], [119.152, -23.413], [118.866, -23.297], [118.919, -23.222], [118.807, -23.08], [118.893, -23.032], [118.89, -22.887], [118.53, -22.836], [118.479, -22.777], [118.515, -22.64], [118.184, -22.51], [118.093, -22.549], [118.116, -22.714], [117.962, -22.687], [117.83, -22.572], [117.859, -22.503], [117.752, -22.397], [117.77, -22.324], [117.623, -22.263], [117.386, -22.274], [117.238, -22.1], [117.256, -21.938], [117.049, -21.805], [116.965, -21.813], [116.913, -21.643], [116.737, -21.683], [116.641, -21.599], [116.286, -21.635], [116.122, -21.522], [116.087, -21.2], [115.932, -21.077], [116.187, -20.97], [116.29, -21.192], [116.402, -21.154]]]}}, {"type": "Feature", "properties": {"label": "Border Rivers", "division": "Murray-Darling Basin", "area_ha": 4862583, "zone": false}, "geometry": {"type": "Polygon", "coordinates": [[[150.878, -27.549], [151.09, -27.592], [151.075, -27.763], [151.211, -27.985], [151.446, -28.105], [151.509, -28.259], [151.693, -28.309], [151.701, -28.388], [151.859, -28.518], [151.952, -28.507], [152.077, -28.708], [152.016, -28.9], [152.085, -28.944], [152.058, -29.131], [152.119, -29.252], [152.003, -29.399], [152.063, -29.517], [151.976, -29.651], [151.833, -29.694], [151.67, -29.98], [151.596, -29.941], [151.457, -29.998], [151.096, -29.882], [151.062, -29.768], [150.952, -29.69], [150.97, -29.553], [150.792, -29.498], [150.705, -29.387], [150.442, -29.338], [149.902, -29.418], [149.459, -29.129], [149.253, -29.143], [149.173, -29.087], [149.072, -29.167], [148.83, -29.169], [148.798, -29.248], [148.706, -29.29], [148.661, -29.082], [148.752, -29.03], [148.793, -28.905], [148.88, -28.89], [148.879, -28.825], [149.025, -28.775], [149.087, -28.593], [149.22, -28.53], [149.234, -28.387], [149.414, -28.314], [149.546, -28.13], [149.85, -28.115], [149.922, -27.998], [150.107, -28.032], [150.565, -27.591], [150.878, -27.549]]]}}, {"type": "Feature", "properties": {"label": "Murrumbidgee", "division": "Murray-Darling Basin", "area_ha": 4737598, "zone": true}, "geometry": {"type": "Polygon", "coordinates": [[[144.563, -34.245], [144.691, -34.363], [144.888, -34.405], [144.95, -34.495], [145.658, -34.387], [146.008, -34.498], [146.107, -34.452], [146.251, -34.585], [146.415, -34.593], [146.439, -34.682], [146.563, -34.759], [146.773, -34.662], [146.832, -34.562], [146.94, -34.554], [147.036, -34.421], [147.179, -34.408], [147.229, -34.482], [147.454, -34.539], [147.493, -34.616], [147.533, -34.56], [147.789, -34.538], [147.889, -34.654], [148.043, -34.512], [148.119, -34.525], [148.221, -34.394], [148.453, -34.362], [148.625, -34.474], [148.782, -34.726], [148.937, -34.703], [149.122, -34.889], [149.268, -34.88], [149.353, -34.944], [149.375, -34.876], [149.492, -34.804], [149.576, -35.03], [149.484, -35.838], [149.569, -36.087], [149.416, -36.273], [149.513, -36.417], [149.402, -36.55], [149.049, -36.405], [148.855, -36.223], [148.823, -36.079], [148.65, -35.974], [148.643, -35.897], [148.504, -35.776], [148.438, -35.899], [148.559, -36.0], [148.566, -36.095], [148.372, -36.158], [148.35, -35.916], [148.131, -35.598], [147.995, -35.747], [147.892, -35.632], [147.671, -35.691], [147.641, -35.547], [147.522, -35.482], [147.392, -35.563], [147.232, -35.47], [147.17, -35.557], [146.903, -35.555], [146.811, -35.465], [146.843, -35.155], [146.625, -34.964], [146.488, -34.951], [146.52, -34.752], [146.323, -34.641], [146.042, -34.683], [145.701, -34.594], [145.65, -34.689], [145.276, -34.61], [144.941, -34.755], [144.791, -34.705], [144.718, -34.742], [144.716, -34.817], [144.538, -34.791], [143.983, -34.96], [143.893, -34.928], [143.833, -35.005], [143.573, -34.963], [143.481, -34.78], [143.387, -34.812], [143.19, -34.689], [143.42, -34.627], [143.443, -34.666], [143.591, -34.551], [143.668, -34.348], [143.796, -34.361], [143.902, -34.262], [143.995, -34.365], [144.186, -34.247], [144.271, -34.314], [144.563, -34.245]]]}}, {"type": "Feature", "properties": {"label": "Lower Murray", "division": "Murray-Darling Basin", "area_ha": 4554152, "zone": false}, "geometry": {"type": "Polygon", "coordinates": [[[140.077, -32.677], [139.993, -32.972], [140.16, -33.085], [140.163, -33.156], [140.272, -33.184], [140.342, -33.357], [140.521, -33.392], [140.508, -33.479], [140.605, -33.492], [140.55, -33.571], [140.651, -33.603], [140.554, -33.783], [140.476, -33.784], [140.47, -33.915], [140.389, -33.99], [140.007, -33.905], [139.996, -33.966], [139.785, -34.025], [139.836, -34.169], [139.72, -34.209], [139.697, -34.294], [139.776, -34.405], [140.09, -34.46], [140.087, -34.521], [140.203, -34.55], [140.211, -34.759], [140.432, -34.862], [140.5, -34.835], [140.513, -34.998], [140.802, -34.985], [140.902, -35.192], [140.865, -35.333], [141.028, -35.43], [140.923, -35.513], [140.859, -35.463], [140.587, -35.48], [140.348, -35.59], [140.164, -35.558], [140.105, -35.625], [139.988, -35.556], [139.589, -35.537], [139.575, -35.627], [139.745, -35.769], [139.782, -35.896], [139.582, -36.026], [139.784, -36.312], [139.805, -36.407], [139.883, -36.573], [139.917, -36.673], [139.912, -36.685], [139.426, -35.94], [138.971, -35.601], [138.675, -35.537], [138.566, -35.326], [138.962, -34.948], [139.091, -34.744], [139.02, -34.64], [139.102, -34.622], [139.171, -34.483], [139.09, -34.405], [139.127, -34.315], [139.022, -34.04], [138.969, -34.047], [138.811, -33.826], [138.808, -33.775], [138.889, -33.778], [138.836, -33.594], [138.932, -33.443], [138.84, -33.423], [138.932, -33.297], [138.831, -33.202], [138.867, -33.032], [139.027, -32.999], [139.168, -32.798], [139.139, -32.692], [139.23, -32.522], [139.487, -32.366], [139.683, -32.478], [139.806, -32.425], [139.865, -32.566], [140.002, -32.508], [140.077, -32.677]]]}}, {"type": "Feature", "properties": {"label": "Wooramel", "division": "Pilbara-Gascoyne", "area_ha": 4274318, "zone": false}, "geometry": {"type": "Polygon", "coordinates": [[[115.063, -25.317], [115.138, -25.331], [115.171, -25.418], [115.362, -25.335], [115.382, -25.442], [115.475, -25.457], [115.624, -25.632], [115.866, -25.696], [116.184, -25.638], [116.26, -25.546], [116.372, -25.591], [116.722, -25.497], [117.104, -25.616], [117.039, -25.808], [116.687, -25.837], [116.462, -26.033], [116.27, -26.006], [116.208, -25.898], [115.865, -25.792], [115.827, -25.988], [115.678, -26.04], [115.451, -26.379], [115.329, -26.433], [115.391, -26.743], [115.335, -26.763], [115.335, -26.898], [115.182, -27.032], [115.198, -27.114], [115.11, -27.064], [115.075, -27.136], [114.928, -27.162], [114.889, -27.414], [114.942, -27.453], [114.892, -27.599], [114.835, -27.639], [114.855, -27.56], [114.769, -27.548], [114.77, -27.483], [114.7, -27.506], [114.702, -27.416], [114.465, -27.352], [114.467, -27.238], [114.407, -27.291], [114.305, -27.267], [114.252, -27.378], [114.067, -27.314], [114.048, -27.386], [113.78, -26.925], [113.296, -26.401], [113.155, -26.151], [113.275, -26.236], [113.3, -26.016], [113.357, -26.257], [113.363, -26.016], [113.508, -26.363], [113.477, -26.475], [113.538, -26.28], [113.559, -26.574], [113.595, -26.595], [113.632, -26.463], [113.635, -26.607], [113.699, -26.66], [113.687, -26.601], [113.808, -26.608], [113.879, -26.515], [113.882, -26.337], [113.573, -26.085], [113.473, -25.71], [113.47, -25.785], [113.414, -25.724], [113.503, -25.507], [113.525, -25.608], [113.762, -25.878], [113.715, -26.198], [113.812, -26.181], [113.892, -26.047], [113.864, -25.952], [113.907, -25.959], [113.97, -26.335], [114.095, -26.455], [114.237, -26.316], [114.187, -26.179], [114.223, -26.118], [114.217, -26.167], [114.259, -26.161], [114.195, -25.983], [114.26, -25.986], [114.265, -25.894], [114.205, -25.853], [113.996, -25.61], [114.043, -25.646], [113.827, -25.189], [114.104, -25.077], [114.4, -25.143], [114.753, -25.077], [115.012, -25.196], [115.063, -25.317]]]}}, {"type": "Feature", "properties": {"label": "Namoi", "division": "Murray-Darling Basin", "area_ha": 3937612, "zone": false}, "geometry": {"type": "Polygon", "coordinates": [[[148.41, -29.823], [148.908, -29.894], [148.966, -29.957], [149.162, -29.941], [149.247, -30.048], [149.647, -30.196], [150.074, -30.105], [150.29, -30.371], [150.46, -30.253], [150.541, -30.316], [150.72, -30.295], [150.925, -30.183], [150.976, -30.267], [150.947, -30.423], [151.027, -30.412], [151.067, -30.563], [151.248, -30.725], [151.375, -30.723], [151.366, -30.82], [151.461, -30.9], [151.44, -31.002], [151.55, -31.019], [151.553, -31.13], [151.673, -31.247], [151.656, -31.333], [151.413, -31.384], [151.355, -31.49], [151.247, -31.461], [151.168, -31.621], [150.998, -31.603], [150.724, -31.838], [150.293, -31.849], [149.883, -31.697], [149.813, -31.584], [149.673, -31.558], [149.522, -31.235], [149.362, -31.195], [149.029, -31.261], [149.069, -30.947], [148.568, -30.498], [148.382, -30.16], [148.098, -30.027], [148.316, -29.947], [148.41, -29.823]]]}}, {"type": "Feature", "properties": {"label": "Port Hedland Coast", "division": "Pilbara-Gascoyne", "area_ha": 3416009, "zone": false}, "geometry": {"type": "Polygon", "coordinates": [[[118.747, -20.293], [118.989, -20.954], [118.945, -21.117], [119.074, -21.212], [119.063, -21.318], [119.141, -21.369], [119.102, -21.713], [119.164, -21.817], [119.109, -22.017], [118.986, -22.112], [118.618, -22.06], [118.427, -21.921], [118.305, -21.973], [118.253, -21.772], [118.168, -21.826], [117.913, -21.818], [117.745, -21.633], [117.566, -21.636], [117.447, -21.526], [117.376, -21.593], [117.287, -21.566], [117.111, -21.358], [116.727, -21.333], [116.65, -21.248], [116.444, -21.228], [116.399, -21.152], [116.291, -21.193], [116.22, -21.096], [116.205, -20.833], [116.295, -20.881], [116.63, -20.711], [116.62, -20.76], [116.722, -20.762], [116.735, -20.693], [116.645, -20.71], [116.642, -20.704], [116.809, -20.529], [116.868, -20.525], [116.789, -20.668], [116.832, -20.71], [117.183, -20.592], [117.185, -20.7], [117.351, -20.774], [117.375, -20.734], [117.383, -20.784], [117.394, -20.729], [117.636, -20.663], [117.642, -20.712], [117.798, -20.677], [117.881, -20.552], [117.968, -20.55], [117.94, -20.48], [118.18, -20.335], [118.198, -20.392], [118.747, -20.293]]]}}, {"type": "Feature", "properties": {"label": "Burnett", "division": "North East Coast", "area_ha": 3322926, "zone": false}, "geometry": {"type": "Polygon", "coordinates": [[[151.874, -25.081], [152.199, -24.821], [152.359, -24.797], [152.346, -24.733], [152.417, -24.772], [152.427, -24.872], [152.223, -24.962], [152.07, -25.214], [152.179, -25.529], [151.98, -25.731], [152.046, -25.878], [152.169, -25.882], [152.206, -25.955], [152.205, -26.025], [152.094, -26.096], [152.139, -26.258], [152.242, -26.308], [152.309, -26.268], [152.423, -26.365], [152.37, -26.463], [152.214, -26.513], [152.138, -26.477], [152.132, -26.638], [151.82, -26.929], [151.701, -26.939], [151.421, -26.746], [151.405, -26.647], [151.204, -26.503], [151.235, -26.389], [151.115, -26.336], [151.049, -26.177], [150.927, -26.168], [150.878, -26.265], [150.817, -26.22], [150.613, -26.279], [150.322, -26.183], [150.306, -25.997], [150.413, -25.893], [150.372, -25.813], [150.456, -25.651], [150.369, -25.479], [150.472, -25.192], [150.561, -25.154], [150.569, -24.782], [150.652, -24.691], [150.874, -24.721], [151.006, -24.394], [151.169, -24.479], [151.195, -24.642], [151.337, -24.646], [151.436, -24.837], [151.55, -24.836], [151.559, -25.102], [151.704, -25.092], [151.713, -25.159], [151.789, -25.067], [151.874, -25.081]]]}}, {"type": "Feature", "properties": {"label": "Millicent Coast", "division": "South East Coast (Victoria)", "area_ha": 3252150, "zone": false}, "geometry": {"type": "Polygon", "coordinates": [[[140.956, -35.616], [141.187, -35.915], [141.073, -35.984], [141.195, -36.041], [141.612, -36.577], [141.687, -36.952], [141.559, -37.001], [141.512, -37.092], [141.381, -37.071], [141.23, -37.217], [141.055, -37.205], [141.142, -37.329], [140.977, -37.35], [140.929, -37.416], [140.983, -37.567], [140.822, -37.559], [140.768, -37.63], [140.49, -37.588], [140.533, -37.698], [140.681, -37.716], [140.672, -37.818], [140.942, -37.992], [140.88, -37.987], [140.912, -38.049], [140.661, -38.062], [140.396, -37.92], [140.121, -37.531], [139.994, -37.485], [139.74, -37.182], [139.796, -37.125], [139.672, -36.952], [139.848, -36.832], [139.85, -36.633], [139.879, -36.675], [139.917, -36.673], [139.784, -36.312], [139.582, -36.026], [139.782, -35.894], [139.576, -35.58], [139.743, -35.518], [140.105, -35.625], [140.164, -35.558], [140.346, -35.59], [140.491, -35.498], [140.858, -35.464], [140.928, -35.572], [141.085, -35.558], [140.956, -35.616]]]}}, {"type": "Feature", "properties": {"label": "Lower Mallee", "division": "Murray-Darling Basin", "area_ha": 2996920, "zone": false}, "geometry": {"type": "Polygon", "coordinates": [[[141.243, -33.406], [141.429, -33.57], [141.41, -33.649], [141.564, -33.783], [141.53, -33.868], [141.66, -33.947], [141.725, -34.088], [141.908, -34.109], [141.985, -34.18], [141.73, -34.482], [141.58, -34.527], [141.647, -34.579], [141.488, -34.858], [141.144, -35.062], [141.136, -35.151], [141.08, -35.155], [141.138, -35.21], [140.939, -35.247], [140.922, -35.318], [140.865, -35.333], [140.902, -35.192], [140.802, -34.985], [140.513, -34.998], [140.5, -34.835], [140.432, -34.862], [140.211, -34.759], [140.203, -34.55], [140.087, -34.521], [140.09, -34.46], [139.776, -34.405], [139.697, -34.294], [139.72, -34.209], [139.836, -34.169], [139.785, -34.025], [139.996, -33.966], [140.007, -33.905], [140.389, -33.99], [140.47, -33.915], [140.476, -33.784], [140.554, -33.783], [140.651, -33.603], [140.55, -33.571], [140.605, -33.492], [140.508, -33.479], [140.521, -33.392], [140.342, -33.357], [140.272, -33.184], [140.163, -33.156], [140.16, -33.085], [139.993, -32.972], [140.054, -32.792], [140.021, -32.73], [140.076, -32.692], [140.031, -32.605], [140.198, -32.492], [140.357, -32.499], [140.442, -32.409], [140.58, -32.428], [140.692, -32.519], [140.751, -32.648], [140.712, -32.724], [140.86, -32.938], [140.693, -33.115], [141.262, -33.305], [141.243, -33.406]]]}}, {"type": "Feature", "properties": {"label": "Upper Mallee", "division": "Murray-Darling Basin", "area_ha": 2831077, "zone": false}, "geometry": {"type": "Polygon", "coordinates": [[[142.63, -33.871], [142.6, -33.954], [142.713, -34.045], [142.602, -34.203], [142.686, -34.222], [142.931, -34.492], [143.12, -34.445], [143.088, -34.509], [143.27, -34.586], [143.19, -34.679], [143.208, -34.767], [143.101, -34.745], [142.912, -34.841], [142.76, -34.78], [142.694, -34.899], [142.744, -35.116], [142.649, -35.29], [142.666, -35.433], [142.873, -35.913], [142.806, -36.178], [142.834, -36.483], [142.699, -36.673], [142.772, -36.457], [142.688, -36.41], [142.667, -36.25], [142.608, -36.224], [142.65, -36.123], [142.505, -35.717], [142.375, -35.725], [142.328, -35.802], [142.215, -35.569], [142.245, -35.5], [142.15, -35.487], [142.143, -35.354], [141.842, -35.279], [141.713, -35.381], [141.821, -35.541], [141.745, -35.636], [141.785, -35.707], [141.706, -35.76], [141.77, -35.9], [141.697, -35.937], [141.828, -36.124], [141.889, -36.389], [141.824, -36.43], [141.827, -36.574], [141.641, -36.632], [141.195, -36.041], [141.085, -36.008], [141.185, -35.893], [140.96, -35.631], [141.085, -35.558], [140.917, -35.567], [141.028, -35.43], [140.9, -35.338], [140.938, -35.247], [141.138, -35.21], [141.08, -35.155], [141.136, -35.151], [141.144, -35.062], [141.306, -35.002], [141.592, -34.746], [141.57, -34.641], [141.649, -34.569], [141.612, -34.558], [141.58, -34.527], [141.73, -34.482], [141.891, -34.239], [141.949, -34.249], [141.985, -34.18], [141.908, -34.113], [142.132, -34.116], [142.198, -33.972], [142.303, -33.908], [142.403, -34.101], [142.543, -33.9], [142.63, -33.871]]]}}, {"type": "Feature", "properties": {"label": "Gwydir", "division": "Murray-Darling Basin", "area_ha": 2722429, "zone": false}, "geometry": {"type": "Polygon", "coordinates": [[[149.902, -29.418], [150.705, -29.387], [150.792, -29.498], [150.97, -29.553], [150.952, -29.69], [151.062, -29.768], [151.096, -29.882], [151.457, -29.998], [151.596, -29.941], [151.667, -29.981], [151.694, -30.302], [151.517, -30.405], [151.534, -30.646], [151.428, -30.824], [151.366, -30.82], [151.37, -30.718], [151.248, -30.725], [151.067, -30.563], [151.027, -30.412], [150.947, -30.423], [150.976, -30.267], [150.925, -30.183], [150.72, -30.295], [150.541, -30.316], [150.46, -30.253], [150.29, -30.371], [150.074, -30.105], [149.647, -30.196], [149.247, -30.048], [149.162, -29.941], [148.966, -29.957], [148.815, -29.872], [148.41, -29.823], [148.315, -29.948], [148.093, -29.988], [148.193, -29.82], [148.367, -29.744], [148.369, -29.65], [148.487, -29.58], [148.589, -29.34], [148.692, -29.329], [148.886, -29.151], [149.072, -29.167], [149.173, -29.087], [149.253, -29.143], [149.459, -29.129], [149.902, -29.418]]]}}, {"type": "Feature", "properties": {"label": "Drysdale", "division": "Tanami-Timor Sea Coast", "area_ha": 2600774, "zone": false}, "geometry": {"type": "Polygon", "coordinates": [[[127.8, -14.57], [127.912, -14.717], [127.857, -14.76], [127.855, -14.967], [127.775, -15.01], [127.715, -14.942], [127.643, -15.028], [127.39, -15.068], [127.344, -15.187], [127.235, -15.208], [127.136, -15.326], [127.299, -15.403], [127.289, -15.516], [127.09, -15.527], [126.929, -15.674], [126.91, -15.769], [126.801, -15.734], [126.715, -15.792], [126.696, -15.855], [126.815, -15.983], [126.747, -16.083], [126.83, -16.153], [126.771, -16.293], [126.641, -16.267], [126.562, -16.143], [126.53, -16.175], [126.62, -16.483], [126.417, -16.349], [126.332, -16.362], [126.267, -16.186], [126.226, -16.218], [126.104, -16.111], [125.95, -16.271], [125.898, -16.24], [125.877, -16.085], [125.763, -16.024], [125.848, -15.94], [125.82, -15.811], [125.935, -15.726], [125.988, -15.556], [126.222, -15.497], [126.168, -15.367], [126.269, -15.247], [126.416, -15.275], [126.487, -15.389], [126.595, -15.42], [126.845, -15.018], [126.824, -14.476], [126.617, -14.185], [126.644, -14.078], [126.697, -14.145], [126.758, -14.05], [126.706, -13.974], [126.916, -13.984], [126.939, -14.025], [126.94, -14.022], [126.932, -13.975], [126.805, -13.929], [126.743, -13.788], [126.818, -13.767], [126.843, -13.817], [126.85, -13.757], [126.962, -13.74], [127.142, -13.982], [127.191, -13.902], [127.208, -13.972], [127.265, -13.902], [127.353, -14.003], [127.322, -13.913], [127.428, -13.943], [127.453, -14.066], [127.763, -14.304], [127.781, -14.344], [127.761, -14.348], [127.767, -14.353], [127.758, -14.358], [127.754, -14.372], [127.758, -14.382], [127.733, -14.385], [127.725, -14.396], [127.723, -14.408], [127.734, -14.387], [127.757, -14.385], [127.783, -14.351], [127.821, -14.455], [127.874, -14.438], [127.8, -14.57]]]}}, {"type": "Feature", "properties": {"label": "Esperance Coast", "division": "South West Coast", "area_ha": 2595760, "zone": false}, "geometry": {"type": "Polygon", "coordinates": [[[121.423, -32.462], [121.751, -32.573], [121.733, -32.79], [121.515, -33.088], [121.63, -33.16], [121.87, -33.078], [122.018, -33.221], [121.831, -33.242], [121.823, -33.358], [121.897, -33.395], [121.809, -33.574], [121.856, -33.662], [121.714, -33.867], [121.645, -33.898], [121.552, -33.829], [121.363, -33.816], [121.137, -33.854], [121.185, -33.82], [121.195, -33.803], [121.193, -33.8], [121.08, -33.863], [120.586, -33.888], [120.437, -33.972], [120.127, -33.955], [119.572, -33.649], [119.599, -33.445], [119.715, -33.33], [119.714, -33.148], [120.037, -32.976], [119.955, -32.771], [120.014, -32.695], [120.345, -32.822], [120.595, -32.764], [120.73, -32.642], [120.835, -32.704], [121.111, -32.509], [121.12, -32.415], [121.258, -32.293], [121.423, -32.462]]]}}, {"type": "Feature", "properties": {"label": "Greenough", "division": "Pilbara-Gascoyne", "area_ha": 2531184, "zone": false}, "geometry": {"type": "Polygon", "coordinates": [[[115.883, -27.742], [116.009, -27.782], [116.163, -27.724], [116.268, -27.808], [116.521, -27.711], [116.729, -27.827], [116.608, -27.914], [116.519, -27.904], [116.454, -28.088], [116.305, -28.15], [116.234, -28.468], [116.11, -28.545], [115.993, -28.792], [115.826, -28.908], [115.872, -29.071], [115.801, -29.166], [115.835, -29.207], [115.643, -29.406], [115.662, -29.589], [115.532, -29.571], [115.43, -29.708], [115.258, -29.629], [115.145, -29.666], [115.036, -29.507], [114.977, -29.558], [114.872, -29.117], [114.578, -28.784], [114.621, -28.729], [114.582, -28.582], [114.177, -28.114], [114.104, -27.85], [114.345, -27.959], [114.451, -27.895], [114.54, -27.928], [114.618, -28.099], [114.729, -28.076], [114.838, -28.226], [114.933, -28.167], [114.978, -28.234], [115.118, -28.236], [115.492, -28.061], [115.685, -27.713], [115.751, -27.805], [115.883, -27.742]]]}}, {"type": "Feature", "properties": {"label": "Normanby", "division": "North East Coast", "area_ha": 2438657, "zone": false}, "geometry": {"type": "Polygon", "coordinates": [[[144.377, -14.395], [144.485, -14.507], [144.471, -14.63], [144.719, -14.74], [144.742, -14.904], [144.852, -14.871], [145.022, -14.942], [144.94, -15.119], [145.058, -15.204], [144.899, -15.463], [144.974, -15.587], [145.167, -15.64], [145.137, -15.804], [145.256, -15.88], [145.07, -15.968], [145.042, -16.162], [144.929, -16.166], [144.814, -15.962], [144.651, -15.852], [144.363, -15.947], [144.219, -15.846], [144.096, -15.886], [143.871, -15.825], [143.814, -15.75], [143.845, -15.685], [143.627, -15.55], [143.538, -15.334], [143.483, -15.354], [143.408, -15.22], [143.302, -15.182], [143.363, -14.963], [143.461, -14.907], [143.391, -14.786], [143.483, -14.59], [143.407, -14.482], [143.467, -14.386], [143.709, -14.439], [143.742, -14.326], [143.941, -14.511], [144.143, -14.409], [144.202, -14.26], [144.28, -14.422], [144.377, -14.395]]]}}, {"type": "Feature", "properties": {"label": "Billabong-Yanco Creeks", "division": "Murray-Darling Basin", "area_ha": 2408677, "zone": false}, "geometry": {"type": "Polygon", "coordinates": [[[146.035, -34.682], [146.315, -34.639], [146.511, -34.738], [146.488, -34.951], [146.625, -34.964], [146.854, -35.175], [146.811, -35.465], [146.903, -35.555], [147.17, -35.557], [147.232, -35.47], [147.391, -35.563], [147.521, -35.482], [147.639, -35.546], [147.609, -35.817], [147.377, -35.858], [147.305, -35.945], [147.08, -35.79], [146.822, -35.89], [146.683, -35.765], [146.477, -35.891], [146.339, -35.813], [146.193, -35.88], [146.026, -35.763], [145.794, -35.808], [145.828, -35.679], [145.41, -35.583], [145.142, -35.355], [144.945, -35.36], [144.585, -35.119], [144.45, -35.161], [144.328, -35.091], [144.163, -35.157], [144.033, -35.095], [144.085, -35.024], [143.979, -35.056], [143.84, -34.96], [144.325, -34.886], [144.538, -34.791], [144.716, -34.817], [144.718, -34.742], [144.791, -34.705], [144.941, -34.755], [145.276, -34.61], [145.651, -34.689], [145.707, -34.594], [146.035, -34.682]]]}}, {"type": "Feature", "properties": {"label": "Cape Leveque Coast", "division": "Tanami-Timor Sea Coast", "area_ha": 2278642, "zone": false}, "geometry": {"type": "Polygon", "coordinates": [[[123.158, -16.918], [123.282, -17.031], [123.375, -17.332], [123.52, -17.392], [123.498, -17.596], [123.566, -17.624], [123.52, -17.74], [123.111, -17.897], [123.254, -18.195], [123.066, -18.334], [123.065, -18.586], [122.672, -18.665], [122.326, -18.584], [122.242, -18.405], [122.117, -18.314], [122.382, -18.07], [122.352, -17.975], [122.253, -17.938], [122.208, -18.009], [122.176, -17.974], [122.237, -17.76], [122.19, -17.764], [122.146, -17.562], [122.173, -17.262], [122.316, -17.157], [122.252, -17.122], [122.366, -16.996], [122.463, -16.94], [122.437, -16.983], [122.473, -16.986], [122.479, -16.895], [122.51, -16.951], [122.528, -16.945], [122.537, -16.956], [122.6, -16.969], [122.612, -16.965], [122.533, -16.837], [122.579, -16.762], [122.638, -16.801], [122.762, -16.743], [122.871, -16.809], [122.742, -16.682], [122.924, -16.388], [123.039, -16.358], [123.016, -16.407], [123.077, -16.435], [122.987, -16.462], [122.958, -16.587], [123.042, -16.614], [123.051, -16.689], [123.139, -16.688], [123.102, -16.757], [123.158, -16.918]]]}}, {"type": "Feature", "properties": {"label": "Blackwood", "division": "South West Coast", "area_ha": 2255507, "zone": false}, "geometry": {"type": "Polygon", "coordinates": [[[118.047, -32.923], [118.268, -33.334], [118.239, -33.534], [118.428, -33.697], [118.365, -33.747], [118.4, -33.857], [118.326, -33.906], [118.207, -33.927], [118.088, -33.832], [117.727, -33.893], [117.512, -33.791], [117.375, -33.862], [117.348, -33.955], [117.191, -33.984], [116.938, -33.907], [116.491, -34.109], [116.415, -34.043], [116.355, -34.088], [116.18, -34.027], [116.087, -34.083], [115.906, -34.0], [115.768, -34.178], [115.638, -34.239], [115.607, -34.439], [115.322, -34.312], [115.136, -34.377], [115.089, -34.295], [115.115, -34.195], [115.043, -34.093], [115.095, -34.017], [115.202, -33.952], [115.375, -33.965], [115.575, -33.759], [115.757, -33.733], [115.875, -33.824], [115.923, -33.71], [116.111, -33.615], [116.396, -33.73], [116.422, -33.551], [116.616, -33.554], [116.572, -33.49], [116.701, -33.377], [116.557, -33.238], [116.679, -33.139], [116.82, -33.183], [116.966, -33.055], [117.12, -33.079], [117.161, -32.896], [117.294, -32.908], [117.393, -32.822], [117.663, -32.765], [117.885, -32.91], [118.047, -32.923]]]}}, {"type": "Feature", "properties": {"label": "Clarence", "division": "South East Coast (NSW)", "area_ha": 2219739, "zone": false}, "geometry": {"type": "Polygon", "coordinates": [[[152.556, -28.318], [152.614, -28.27], [152.672, -28.315], [152.717, -28.477], [152.755, -28.928], [152.69, -29.035], [152.759, -29.091], [152.718, -29.183], [152.811, -29.317], [153.172, -29.32], [153.229, -29.168], [153.408, -29.19], [153.34, -29.311], [153.373, -29.426], [153.273, -29.361], [153.217, -29.384], [153.188, -29.464], [153.148, -29.412], [153.106, -29.435], [153.162, -29.452], [153.071, -29.57], [153.182, -29.54], [153.289, -29.382], [153.324, -29.403], [153.3, -29.418], [153.318, -29.434], [153.319, -29.449], [153.33, -29.456], [153.327, -29.465], [153.334, -29.469], [153.291, -29.521], [153.349, -29.474], [153.322, -29.417], [153.373, -29.439], [153.127, -29.896], [153.157, -29.998], [153.077, -30.07], [153.135, -30.157], [153.111, -30.265], [153.022, -30.341], [152.822, -30.309], [152.838, -30.352], [152.761, -30.333], [152.693, -30.4], [152.605, -30.371], [152.277, -30.456], [152.133, -30.278], [151.765, -30.227], [151.66, -29.991], [151.833, -29.694], [151.976, -29.651], [152.063, -29.517], [152.008, -29.372], [152.119, -29.252], [152.058, -29.131], [152.085, -28.944], [152.016, -28.9], [152.077, -28.708], [151.955, -28.515], [152.387, -28.368], [152.469, -28.257], [152.556, -28.318]]]}}, {"type": "Feature", "properties": {"label": "Albany Coast", "division": "South West Coast", "area_ha": 2202950, "zone": false}, "geometry": {"type": "Polygon", "coordinates": [[[119.572, -33.649], [120.022, -33.932], [119.623, -34.105], [119.5, -34.288], [119.576, -34.388], [119.373, -34.37], [119.42, -34.458], [119.289, -34.452], [119.257, -34.535], [118.911, -34.463], [118.755, -34.545], [118.782, -34.61], [118.725, -34.661], [118.44, -34.761], [118.402, -34.918], [118.177, -34.939], [118.211, -34.979], [118.206, -35.01], [118.19, -35.025], [118.103, -34.985], [117.851, -35.033], [117.888, -35.078], [117.92, -35.041], [118.021, -35.107], [117.949, -35.128], [117.761, -35.055], [117.837, -34.989], [117.673, -34.832], [117.756, -34.64], [117.549, -34.569], [117.526, -34.471], [117.671, -34.149], [117.81, -34.047], [117.727, -33.893], [118.088, -33.832], [118.228, -33.933], [118.401, -33.857], [118.69, -33.936], [118.674, -33.788], [119.026, -33.686], [118.993, -33.594], [119.047, -33.438], [118.928, -33.235], [119.067, -33.038], [119.358, -33.035], [119.443, -33.281], [119.605, -33.435], [119.572, -33.649]]]}}, {"type": "Feature", "properties": {"label": "Hawkesbury", "division": "South East Coast (NSW)", "area_ha": 2194716, "zone": false}, "geometry": {"type": "Polygon", "coordinates": [[[151.156, -33.652], [151.302, -33.573], [151.273, -33.656], [151.304, -33.666], [151.323, -33.58], [151.336, -33.582], [151.312, -33.682], [150.938, -33.742], [150.823, -33.88], [150.791, -34.218], [150.948, -34.264], [150.708, -34.526], [150.597, -34.593], [150.313, -34.607], [150.263, -34.681], [150.017, -34.692], [149.916, -34.784], [149.829, -34.758], [149.763, -35.099], [149.553, -35.163], [149.59, -34.777], [149.418, -34.698], [149.407, -34.626], [149.558, -34.432], [149.61, -34.483], [149.75, -34.449], [149.814, -34.314], [149.938, -34.269], [149.963, -34.101], [149.829, -33.919], [150.0, -33.833], [149.985, -33.743], [150.051, -33.755], [150.064, -33.679], [150.036, -33.45], [149.947, -33.406], [150.109, -33.244], [150.012, -33.192], [149.92, -33.023], [150.001, -32.888], [150.28, -32.92], [150.495, -32.751], [150.795, -32.704], [150.783, -32.759], [150.918, -32.823], [150.863, -32.928], [151.006, -32.953], [151.053, -33.08], [151.203, -33.139], [151.293, -33.362], [151.475, -33.405], [151.417, -33.524], [151.259, -33.571], [151.265, -33.485], [151.163, -33.515], [151.171, -33.437], [151.169, -33.427], [151.157, -33.416], [151.155, -33.523], [151.14, -33.524], [151.134, -33.513], [151.126, -33.518], [151.121, -33.511], [151.115, -33.513], [151.117, -33.628], [151.177, -33.513], [151.247, -33.578], [151.191, -33.592], [151.156, -33.652]]]}}, {"type": "Feature", "properties": {"label": "Hunter", "division": "South East Coast (NSW)", "area_ha": 2139726, "zone": false}, "geometry": {"type": "Polygon", "coordinates": [[[151.843, -32.325], [151.845, -32.412], [151.919, -32.447], [151.8, -32.612], [151.857, -32.665], [151.856, -32.852], [151.731, -32.99], [151.539, -32.89], [151.516, -32.967], [151.202, -33.139], [151.053, -33.08], [151.006, -32.953], [150.863, -32.928], [150.918, -32.823], [150.783, -32.759], [150.795, -32.704], [150.633, -32.702], [150.365, -32.845], [150.219, -32.761], [150.241, -32.719], [150.093, -32.716], [149.876, -32.533], [149.882, -32.445], [149.704, -32.377], [149.672, -32.252], [150.07, -31.78], [150.293, -31.849], [150.724, -31.838], [150.915, -31.646], [151.07, -31.595], [151.419, -31.753], [151.455, -31.991], [151.404, -32.044], [151.65, -32.101], [151.843, -32.325]]]}}, {"type": "Feature", "properties": {"label": "Mitchell-Thomson", "division": "South East Coast (Victoria)", "area_ha": 2113189, "zone": false}, "geometry": {"type": "Polygon", "coordinates": [[[147.999, -37.153], [148.101, -37.271], [148.104, -37.441], [148.199, -37.583], [148.112, -37.672], [148.186, -37.83], [147.722, -37.989], [147.208, -38.364], [146.823, -38.216], [146.353, -38.537], [146.127, -38.387], [146.177, -38.305], [146.052, -38.248], [145.9, -38.3], [145.884, -38.137], [145.973, -38.098], [145.962, -37.924], [145.785, -37.919], [145.791, -37.822], [145.926, -37.829], [145.944, -37.757], [146.132, -37.792], [146.127, -37.647], [146.19, -37.576], [146.462, -37.618], [146.503, -37.559], [146.389, -37.461], [146.427, -37.341], [146.573, -37.285], [146.652, -37.116], [147.13, -36.975], [147.53, -37.319], [147.72, -37.021], [147.903, -36.914], [147.977, -36.917], [147.992, -37.021], [147.94, -37.062], [148.023, -37.097], [147.999, -37.153]]]}}, {"type": "Feature", "properties": {"label": "Yannarie", "division": "Pilbara-Gascoyne", "area_ha": 2020835, "zone": false}, "geometry": {"type": "Polygon", "coordinates": [[[114.967, -21.891], [115.21, -22.489], [115.305, -22.558], [115.155, -22.803], [115.387, -23.076], [115.417, -23.193], [115.698, -23.356], [115.776, -23.516], [115.715, -23.583], [115.762, -23.713], [115.448, -23.631], [115.031, -23.221], [114.692, -23.289], [114.541, -23.21], [114.422, -23.018], [114.339, -23.161], [114.22, -23.116], [114.187, -22.887], [114.087, -23.018], [113.829, -23.001], [113.767, -22.777], [113.671, -22.717], [113.66, -22.56], [113.934, -21.973], [114.108, -21.803], [114.191, -21.814], [114.081, -22.154], [114.115, -22.33], [114.179, -22.305], [114.122, -22.419], [114.155, -22.525], [114.28, -22.434], [114.34, -22.506], [114.382, -22.492], [114.453, -22.208], [114.496, -22.218], [114.455, -22.162], [114.527, -22.128], [114.507, -21.996], [114.548, -22.053], [114.658, -21.918], [114.647, -21.847], [114.874, -21.722], [114.98, -21.794], [114.967, -21.891]]]}}, {"type": "Feature", "properties": {"label": "Isdell", "division": "Tanami-Timor Sea Coast", "area_ha": 2008396, "zone": false}, "geometry": {"type": "Polygon", "coordinates": [[[125.464, -15.861], [125.472, -15.985], [125.712, -15.983], [125.874, -16.082], [125.861, -16.188], [125.972, -16.285], [125.917, -16.348], [125.775, -16.316], [125.87, -16.62], [125.821, -16.661], [125.857, -16.847], [125.693, -16.903], [125.508, -17.175], [125.405, -17.162], [125.559, -17.321], [125.3, -17.182], [124.87, -16.651], [124.754, -16.685], [124.765, -16.886], [124.647, -16.934], [124.403, -16.947], [124.335, -16.885], [123.829, -16.958], [123.953, -16.854], [123.97, -16.768], [123.945, -16.851], [123.795, -16.912], [123.714, -16.725], [123.502, -16.66], [123.633, -16.564], [123.529, -16.545], [123.511, -16.598], [123.425, -16.506], [123.497, -16.513], [123.461, -16.477], [123.476, -16.47], [123.535, -16.508], [123.594, -16.525], [123.585, -16.517], [123.639, -16.529], [123.65, -16.524], [123.583, -16.498], [123.658, -16.495], [123.652, -16.474], [123.471, -16.407], [123.709, -16.422], [123.629, -16.36], [123.716, -16.377], [123.697, -16.325], [123.503, -16.259], [123.612, -16.26], [123.556, -16.178], [123.631, -16.229], [123.584, -16.165], [123.703, -16.185], [123.706, -16.129], [123.737, -16.159], [123.778, -16.164], [123.816, -16.197], [123.749, -16.187], [123.791, -16.23], [123.797, -16.263], [123.766, -16.237], [123.729, -16.255], [123.866, -16.328], [123.879, -16.375], [123.854, -16.374], [123.839, -16.358], [123.838, -16.361], [123.87, -16.443], [123.913, -16.35], [123.885, -16.303], [123.993, -16.385], [123.934, -16.297], [124.002, -16.31], [124.03, -16.289], [123.953, -16.266], [123.962, -16.253], [123.92, -16.236], [123.91, -16.217], [123.911, -16.211], [124.335, -16.429], [124.307, -16.459], [124.249, -16.453], [124.236, -16.461], [124.309, -16.469], [124.391, -16.445], [124.387, -16.54], [124.408, -16.533], [124.4, -16.565], [124.408, -16.572], [124.44, -16.57], [124.428, -16.498], [124.49, -16.532], [124.481, -16.501], [124.387, -16.414], [124.336, -16.419], [124.388, -16.346], [124.452, -16.411], [124.747, -16.39], [124.837, -16.437], [124.911, -16.42], [124.95, -16.386], [124.815, -16.417], [124.735, -16.37], [125.065, -16.202], [125.201, -15.798], [125.353, -15.89], [125.464, -15.861]]]}}, {"type": "Feature", "properties": {"label": "Mcarthur", "division": "Carpentaria Coast", "area_ha": 1969838, "zone": false}, "geometry": {"type": "Polygon", "coordinates": [[[136.663, -15.822], [136.716, -15.875], [136.666, -15.927], [136.726, -15.94], [136.643, -16.122], [136.663, -16.329], [136.436, -16.433], [136.345, -16.678], [136.483, -16.965], [136.448, -17.34], [136.388, -17.316], [136.238, -17.42], [136.263, -17.345], [136.118, -17.372], [135.912, -17.277], [135.813, -17.395], [135.7, -17.342], [135.663, -17.405], [135.588, -17.356], [135.53, -17.418], [135.458, -17.272], [135.394, -17.272], [135.42, -17.093], [135.069, -17.07], [135.009, -16.96], [135.07, -16.906], [134.957, -16.725], [135.367, -16.705], [135.389, -16.592], [135.572, -16.441], [135.599, -16.232], [135.751, -16.048], [136.09, -15.847], [136.275, -15.875], [136.483, -15.681], [136.576, -15.771], [136.642, -15.673], [136.723, -15.696], [136.567, -15.913], [136.663, -15.822]]]}}, {"type": "Feature", "properties": {"label": "Castlereagh", "division": "Murray-Darling Basin", "area_ha": 1895328, "zone": false}, "geometry": {"type": "Polygon", "coordinates": [[[148.387, -30.185], [148.576, -30.508], [149.069, -30.947], [149.029, -31.261], [149.362, -31.195], [149.522, -31.235], [149.673, -31.558], [149.813, -31.584], [149.864, -31.681], [149.643, -31.848], [149.103, -31.946], [148.862, -32.057], [148.544, -31.508], [148.241, -31.208], [148.119, -31.16], [148.075, -30.992], [147.806, -30.802], [147.811, -30.655], [147.893, -30.628], [147.823, -30.364], [147.904, -30.282], [147.765, -30.203], [147.713, -30.247], [147.642, -30.176], [147.594, -30.231], [147.517, -30.198], [147.757, -30.06], [147.864, -30.094], [148.142, -30.023], [148.387, -30.185]]]}}, {"type": "Feature", "properties": {"label": "Murray Riverina", "division": "Murray-Darling Basin", "area_ha": 1893369, "zone": false}, "geometry": {"type": "Polygon", "coordinates": [[[143.573, -34.963], [143.979, -35.056], [144.085, -35.024], [144.033, -35.095], [144.169, -35.158], [144.333, -35.09], [144.45, -35.161], [144.635, -35.138], [144.945, -35.36], [145.142, -35.355], [145.41, -35.583], [145.824, -35.676], [145.794, -35.808], [146.026, -35.763], [146.193, -35.88], [146.339, -35.813], [146.477, -35.891], [146.582, -35.78], [146.701, -35.766], [146.85, -36.01], [147.0, -35.965], [147.045, -36.09], [146.824, -36.199], [146.844, -36.272], [146.513, -36.233], [146.417, -36.321], [146.338, -36.296], [146.178, -36.033], [146.133, -36.115], [145.887, -35.982], [145.634, -35.994], [145.268, -35.854], [144.955, -35.962], [144.979, -36.089], [144.871, -36.063], [144.755, -36.156], [144.581, -36.03], [144.552, -36.093], [144.23, -35.88], [144.254, -35.811], [143.955, -35.627], [143.813, -35.436], [143.636, -35.414], [143.561, -35.342], [143.557, -35.407], [143.472, -35.483], [143.43, -35.331], [143.365, -35.341], [143.281, -35.228], [143.268, -34.841], [143.226, -34.807], [143.138, -34.87], [143.104, -34.792], [143.248, -34.712], [143.387, -34.812], [143.481, -34.78], [143.573, -34.963]]]}}, {"type": "Feature", "properties": {"label": "Onslow Coast", "division": "Pilbara-Gascoyne", "area_ha": 1806453, "zone": false}, "geometry": {"type": "Polygon", "coordinates": [[[116.087, -21.2], [116.117, -21.517], [116.286, -21.635], [116.641, -21.599], [116.737, -21.683], [116.913, -21.643], [116.965, -21.813], [117.049, -21.805], [117.256, -21.938], [117.238, -22.1], [117.384, -22.271], [117.081, -22.192], [116.789, -22.314], [116.725, -22.233], [116.743, -22.144], [116.555, -22.112], [116.26, -22.279], [115.908, -22.282], [115.816, -22.482], [115.775, -22.373], [115.575, -22.36], [115.531, -22.195], [115.372, -22.147], [115.245, -22.217], [115.043, -22.057], [114.968, -21.751], [115.007, -21.686], [115.441, -21.499], [115.514, -21.517], [115.508, -21.453], [115.652, -21.315], [115.828, -21.254], [115.92, -21.076], [116.087, -21.2]]]}}, {"type": "Feature", "properties": {"label": "Settlement Creek", "division": "Carpentaria Coast", "area_ha": 1789703, "zone": false}, "geometry": {"type": "Polygon", "coordinates": [[[139.293, -17.351], [139.284, -17.502], [139.208, -17.571], [138.632, -17.578], [138.552, -17.825], [138.467, -17.878], [138.303, -17.815], [138.285, -17.72], [138.137, -17.726], [137.991, -17.63], [137.715, -17.666], [137.604, -17.533], [137.637, -17.396], [137.581, -17.307], [137.604, -17.187], [137.677, -17.19], [137.697, -16.971], [137.518, -16.743], [137.631, -16.441], [137.694, -16.34], [137.787, -16.323], [138.158, -16.672], [138.145, -16.691], [138.149, -16.706], [138.139, -16.713], [138.332, -16.737], [138.315, -16.78], [138.351, -16.736], [138.628, -16.768], [139.011, -16.897], [139.157, -17.03], [139.168, -17.202], [139.293, -17.351]]]}}, {"type": "Feature", "properties": {"label": "King Edward", "division": "Tanami-Timor Sea Coast", "area_ha": 1767436, "zone": false}, "geometry": {"type": "Polygon", "coordinates": [[[126.095, -13.895], [126.085, -13.946], [126.162, -13.924], [126.11, -14.028], [126.187, -13.968], [126.224, -13.985], [126.144, -14.015], [126.225, -14.027], [126.149, -14.069], [126.192, -14.067], [126.168, -14.087], [126.165, -14.115], [126.214, -14.076], [126.227, -14.259], [126.363, -14.197], [126.297, -14.14], [126.335, -14.05], [126.394, -14.053], [126.438, -13.983], [126.572, -13.941], [126.456, -14.1], [126.517, -14.075], [126.57, -14.246], [126.612, -14.263], [126.603, -14.209], [126.617, -14.18], [126.755, -14.316], [126.868, -14.7], [126.813, -14.761], [126.842, -15.028], [126.605, -15.412], [126.269, -15.247], [126.168, -15.367], [126.222, -15.497], [126.055, -15.525], [125.948, -15.427], [125.993, -15.356], [125.91, -15.256], [125.734, -15.281], [125.64, -15.228], [125.609, -15.088], [125.368, -15.062], [125.412, -15.048], [125.476, -15.005], [125.486, -14.988], [125.42, -15.022], [125.41, -14.981], [125.399, -14.966], [125.388, -15.033], [125.304, -14.963], [125.228, -14.998], [125.257, -14.947], [125.215, -14.97], [125.197, -14.941], [125.333, -14.882], [125.235, -14.867], [125.248, -14.828], [125.21, -14.865], [125.141, -14.748], [125.324, -14.652], [125.248, -14.603], [125.365, -14.505], [125.348, -14.612], [125.41, -14.545], [125.444, -14.652], [125.494, -14.513], [125.599, -14.566], [125.613, -14.235], [125.732, -14.282], [125.652, -14.387], [125.69, -14.498], [125.673, -14.505], [125.643, -14.674], [125.736, -14.409], [125.742, -14.485], [125.853, -14.458], [125.831, -14.584], [125.909, -14.655], [125.893, -14.657], [125.89, -14.661], [125.892, -14.673], [125.871, -14.675], [125.866, -14.679], [125.862, -14.69], [125.931, -14.692], [125.918, -14.537], [126.051, -14.529], [125.977, -14.393], [126.088, -14.352], [126.053, -14.254], [126.167, -14.15], [126.106, -14.078], [126.029, -14.095], [125.976, -14.039], [126.055, -14.03], [126.021, -13.997], [126.039, -13.981], [126.102, -14.045], [126.108, -13.977], [126.01, -13.927], [126.095, -13.895]]]}}, {"type": "Feature", "properties": {"label": "Goulburn", "division": "Murray-Darling Basin", "area_ha": 1710458, "zone": false}, "geometry": {"type": "Polygon", "coordinates": [[[145.266, -36.068], [145.445, -36.363], [145.44, -36.413], [145.368, -36.398], [145.392, -36.436], [145.519, -36.473], [145.641, -36.423], [145.877, -36.553], [145.8, -36.785], [145.964, -36.967], [146.235, -37.055], [146.303, -37.018], [146.655, -37.168], [146.573, -37.285], [146.427, -37.341], [146.389, -37.461], [146.503, -37.559], [146.462, -37.618], [146.19, -37.576], [146.055, -37.665], [145.959, -37.554], [145.825, -37.527], [145.736, -37.568], [145.768, -37.662], [145.737, -37.678], [145.622, -37.571], [145.343, -37.535], [145.085, -37.371], [144.842, -37.312], [144.824, -37.225], [144.657, -37.206], [144.71, -37.103], [144.743, -37.135], [144.828, -37.063], [144.75, -36.874], [144.659, -36.822], [144.724, -36.78], [144.753, -36.611], [144.704, -36.347], [144.778, -36.282], [144.76, -36.137], [144.871, -36.063], [144.979, -36.089], [145.005, -36.016], [145.266, -36.068]]]}}, {"type": "Feature", "properties": {"label": "Wimmera", "division": "Murray-Darling Basin", "area_ha": 1704589, "zone": false}, "geometry": {"type": "Polygon", "coordinates": [[[141.987, -35.285], [142.154, -35.366], [142.17, -35.506], [142.245, -35.5], [142.215, -35.569], [142.327, -35.801], [142.375, -35.725], [142.502, -35.713], [142.583, -35.858], [142.652, -36.143], [142.603, -36.21], [142.667, -36.25], [142.688, -36.41], [142.772, -36.458], [142.658, -36.76], [142.711, -36.902], [142.927, -36.917], [143.01, -36.846], [143.251, -36.905], [143.222, -37.046], [143.373, -37.132], [143.315, -37.205], [143.34, -37.3], [143.125, -37.335], [143.102, -37.248], [142.958, -37.165], [142.854, -37.282], [142.868, -37.368], [142.599, -37.353], [142.481, -37.144], [142.364, -37.101], [142.314, -37.13], [142.218, -37.062], [142.089, -37.107], [141.945, -37.033], [141.803, -37.14], [141.634, -37.068], [141.688, -36.919], [141.638, -36.633], [141.827, -36.574], [141.824, -36.43], [141.889, -36.389], [141.828, -36.124], [141.697, -35.939], [141.77, -35.9], [141.706, -35.76], [141.785, -35.707], [141.745, -35.636], [141.821, -35.541], [141.713, -35.381], [141.788, -35.292], [141.987, -35.285]]]}}, {"type": "Feature", "properties": {"label": "East Alligator", "division": "Tanami-Timor Sea Coast", "area_ha": 1586554, "zone": false}, "geometry": {"type": "MultiPolygon", "coordinates": [[[[132.865, -12.774], [132.657, -12.56], [132.594, -12.462], [132.579, -12.394], [132.643, -12.364], [132.628, -12.26], [132.488, -12.181], [132.56, -12.085], [132.605, -12.123], [132.702, -12.149], [132.754, -12.143], [132.776, -12.216], [132.78, -12.219], [132.786, -12.217], [132.791, -12.198], [132.796, -12.22], [132.823, -12.216], [132.687, -12.068], [132.681, -12.11], [132.625, -12.08], [132.64, -11.904], [132.721, -11.883], [132.581, -11.789], [132.742, -11.639], [132.667, -11.634], [132.705, -11.588], [132.689, -11.572], [132.605, -11.642], [132.548, -11.61], [132.618, -11.565], [132.528, -11.53], [132.565, -11.495], [132.579, -11.508], [132.59, -11.509], [132.596, -11.504], [132.564, -11.485], [132.499, -11.508], [132.57, -11.469], [132.511, -11.472], [132.507, -11.459], [132.517, -11.457], [132.53, -11.445], [132.531, -11.437], [132.528, -11.428], [132.487, -11.487], [132.353, -11.442], [132.079, -11.53], [132.059, -11.433], [131.94, -11.397], [131.984, -11.38], [131.917, -11.36], [131.944, -11.321], [131.763, -11.318], [131.857, -11.279], [131.822, -11.207], [131.879, -11.237], [131.887, -11.21], [131.876, -11.196], [131.882, -11.184], [131.962, -11.252], [132.011, -11.132], [132.115, -11.212], [132.102, -11.327], [132.137, -11.298], [132.201, -11.418], [132.237, -11.342], [132.173, -11.323], [132.198, -11.215], [132.135, -11.123], [132.283, -11.275], [132.265, -11.177], [132.333, -11.117], [132.374, -11.295], [132.451, -11.218], [132.711, -11.524], [132.841, -11.395], [132.896, -11.427], [132.864, -11.34], [132.923, -11.337], [133.145, -11.69], [133.12, -11.924], [133.316, -12.101], [133.503, -12.153], [133.471, -12.216], [133.551, -12.323], [133.443, -12.394], [133.486, -12.439], [133.393, -12.618], [133.511, -12.645], [133.587, -12.742], [133.639, -13.024], [133.517, -13.083], [133.351, -13.343], [133.173, -13.343], [133.255, -13.081], [133.169, -12.966], [133.106, -12.982], [133.056, -12.823], [133.012, -12.862], [132.929, -12.811], [132.95, -12.764], [132.865, -12.774]], [[132.683, -12.57], [132.683, -12.57], [132.683, -12.57], [132.683, -12.57]]], [[[132.564, -11.0], [132.582, -11.169], [132.632, -11.188], [132.588, -11.357], [132.469, -11.155], [132.513, -11.091], [132.462, -11.033], [132.544, -11.055], [132.564, -11.0]]]]}}, {"type": "Feature", "properties": {"label": "Archer-Watson", "division": "Carpentaria Coast", "area_ha": 1584377, "zone": false}, "geometry": {"type": "Polygon", "coordinates": [[[142.408, -12.95], [142.58, -13.075], [142.816, -13.093], [142.855, -13.213], [142.954, -13.265], [143.349, -13.167], [143.35, -13.765], [143.194, -14.033], [143.042, -14.113], [142.965, -14.014], [142.741, -13.942], [142.628, -13.992], [142.555, -13.88], [142.105, -13.786], [142.011, -13.82], [141.581, -13.628], [141.505, -13.655], [141.631, -13.366], [141.717, -13.433], [141.807, -13.33], [141.917, -13.027], [142.001, -13.063], [142.112, -12.962], [142.217, -13.001], [142.408, -12.95]]]}}, {"type": "Feature", "properties": {"label": "Spencer Gulf", "division": "South Australian Gulf", "area_ha": 1577140, "zone": false}, "geometry": {"type": "Polygon", "coordinates": [[[137.642, -32.62], [137.705, -32.907], [137.786, -33.0], [137.641, -32.955], [137.452, -33.137], [137.361, -33.439], [137.213, -33.662], [136.99, -33.727], [136.933, -33.673], [136.88, -33.776], [136.927, -33.729], [136.968, -33.743], [136.435, -34.012], [136.261, -34.268], [136.103, -34.38], [136.05, -34.317], [135.918, -34.313], [135.879, -34.155], [136.021, -34.134], [136.134, -33.978], [136.188, -33.542], [136.31, -33.536], [136.367, -33.442], [136.425, -33.474], [136.449, -33.381], [136.571, -33.385], [136.521, -33.201], [136.347, -33.141], [136.271, -33.004], [136.448, -32.868], [136.456, -32.717], [136.566, -32.664], [136.739, -32.697], [136.847, -32.606], [137.113, -32.648], [137.176, -32.518], [137.382, -32.41], [137.642, -32.62]]]}}, {"type": "Feature", "properties": {"label": "Snowy", "division": "South East Coast (Victoria)", "area_ha": 1576744, "zone": false}, "geometry": {"type": "Polygon", "coordinates": [[[148.503, -35.776], [148.823, -36.079], [148.855, -36.223], [149.049, -36.405], [149.39, -36.541], [149.509, -36.833], [149.377, -36.876], [149.417, -37.009], [149.207, -37.105], [149.195, -37.192], [149.12, -37.153], [149.001, -37.292], [148.831, -37.306], [148.703, -37.569], [148.923, -37.737], [148.899, -37.785], [148.186, -37.83], [148.112, -37.672], [148.199, -37.583], [148.104, -37.441], [148.101, -37.271], [148.004, -37.211], [148.023, -37.097], [147.94, -37.058], [148.232, -36.747], [148.247, -36.627], [148.308, -36.595], [148.251, -36.545], [148.27, -36.433], [148.43, -36.261], [148.454, -36.126], [148.566, -36.095], [148.559, -36.0], [148.438, -35.899], [148.503, -35.776]]]}}, {"type": "Feature", "properties": {"label": "Loddon", "division": "Murray-Darling Basin", "area_ha": 1575027, "zone": false}, "geometry": {"type": "Polygon", "coordinates": [[[144.23, -35.88], [144.551, -36.062], [144.625, -36.397], [144.486, -36.726], [144.322, -36.76], [144.243, -36.857], [144.308, -36.992], [144.296, -37.369], [143.903, -37.505], [143.78, -37.408], [143.455, -37.331], [143.694, -36.575], [143.579, -36.414], [143.499, -36.479], [143.422, -36.441], [143.387, -36.22], [143.526, -36.107], [143.66, -36.225], [143.597, -35.954], [143.672, -35.935], [143.783, -35.715], [143.748, -35.668], [143.618, -35.713], [143.526, -35.836], [143.43, -35.856], [143.424, -35.656], [143.558, -35.344], [143.887, -35.487], [143.955, -35.627], [144.115, -35.679], [144.263, -35.825], [144.23, -35.88]]]}}, {"type": "Feature", "properties": {"label": "Limmen Bight", "division": "Carpentaria Coast", "area_ha": 1572532, "zone": false}, "geometry": {"type": "Polygon", "coordinates": [[[135.727, -15.115], [135.693, -15.563], [135.507, -15.71], [135.652, -15.82], [135.625, -15.899], [135.755, -16.026], [135.599, -16.232], [135.572, -16.441], [135.389, -16.592], [135.366, -16.706], [134.807, -16.755], [134.712, -16.648], [134.739, -16.533], [134.545, -16.314], [134.609, -16.166], [134.545, -16.028], [134.567, -15.967], [134.687, -15.941], [134.674, -15.752], [134.913, -15.497], [135.108, -15.405], [135.165, -15.261], [135.416, -15.225], [135.593, -15.048], [135.671, -15.067], [135.65, -15.1], [135.654, -15.132], [135.647, -15.129], [135.623, -15.13], [135.617, -15.133], [135.617, -15.148], [135.655, -15.132], [135.673, -15.075], [135.706, -15.097], [135.566, -15.218], [135.633, -15.223], [135.727, -15.115]]]}}, {"type": "Feature", "properties": {"label": "Prince Regent", "division": "Tanami-Timor Sea Coast", "area_ha": 1539115, "zone": false}, "geometry": {"type": "Polygon", "coordinates": [[[125.326, -15.173], [125.495, -15.154], [125.546, -15.213], [125.48, -15.136], [125.357, -15.109], [125.423, -15.088], [125.406, -15.067], [125.37, -15.075], [125.368, -15.062], [125.506, -15.05], [125.61, -15.089], [125.64, -15.228], [125.741, -15.283], [125.896, -15.251], [125.992, -15.351], [125.938, -15.403], [126.053, -15.52], [125.82, -15.811], [125.848, -15.94], [125.797, -16.033], [125.543, -15.949], [125.472, -15.985], [125.465, -15.862], [125.353, -15.89], [125.212, -15.795], [125.065, -16.203], [124.832, -16.277], [124.735, -16.375], [124.606, -16.319], [124.412, -16.357], [124.379, -16.217], [124.399, -16.169], [124.445, -16.189], [124.458, -16.173], [124.445, -16.065], [124.515, -16.225], [124.58, -16.197], [124.527, -16.163], [124.561, -16.118], [124.598, -16.126], [124.646, -16.1], [124.648, -16.088], [124.599, -16.064], [124.588, -16.113], [124.605, -15.897], [124.695, -15.887], [124.704, -15.814], [124.727, -15.82], [124.761, -15.814], [124.749, -15.73], [124.788, -15.702], [124.786, -15.67], [124.829, -15.656], [124.837, -15.646], [124.787, -15.665], [124.764, -15.696], [124.755, -15.692], [124.735, -15.632], [124.729, -15.625], [124.725, -15.625], [124.752, -15.809], [124.704, -15.752], [124.676, -15.785], [124.698, -15.746], [124.695, -15.74], [124.632, -15.787], [124.499, -16.0], [124.463, -15.797], [124.414, -15.878], [124.385, -15.718], [124.395, -15.731], [124.423, -15.729], [124.369, -15.674], [124.455, -15.654], [124.419, -15.549], [124.508, -15.522], [124.449, -15.499], [124.629, -15.525], [124.645, -15.425], [124.678, -15.489], [124.674, -15.403], [124.745, -15.362], [124.661, -15.355], [124.704, -15.254], [124.771, -15.303], [124.737, -15.346], [124.847, -15.3], [124.83, -15.362], [124.952, -15.386], [125.015, -15.432], [124.951, -15.477], [125.059, -15.515], [125.091, -15.355], [125.145, -15.339], [125.158, -15.318], [125.089, -15.338], [125.114, -15.262], [124.92, -15.357], [124.876, -15.306], [124.904, -15.256], [124.923, -15.265], [124.927, -15.289], [124.939, -15.293], [124.931, -15.226], [125.005, -15.243], [125.051, -15.152], [124.971, -15.165], [124.877, -15.262], [124.893, -15.175], [124.834, -15.181], [124.906, -15.101], [125.032, -15.112], [125.016, -14.98], [125.092, -14.986], [125.06, -15.038], [125.13, -15.049], [125.122, -15.093], [125.14, -15.105], [125.145, -15.139], [125.175, -15.184], [125.175, -15.131], [125.28, -15.098], [125.326, -15.173]]]}}, {"type": "Feature", "properties": {"label": "Upper Murray", "division": "Murray-Darling Basin", "area_ha": 1533338, "zone": false}, "geometry": {"type": "Polygon", "coordinates": [[[148.35, -35.916], [148.344, -36.11], [148.433, -36.25], [148.27, -36.433], [148.251, -36.545], [148.308, -36.595], [148.201, -36.799], [148.0, -36.986], [147.977, -36.916], [147.902, -36.914], [147.726, -37.017], [147.529, -37.319], [147.43, -37.27], [147.242, -37.022], [147.136, -36.977], [147.349, -36.863], [147.269, -36.784], [147.308, -36.69], [147.215, -36.67], [147.125, -36.551], [147.003, -36.139], [147.039, -35.999], [146.85, -36.01], [146.821, -35.89], [147.08, -35.79], [147.305, -35.945], [147.377, -35.858], [147.585, -35.847], [147.623, -35.656], [147.802, -35.683], [147.892, -35.632], [147.996, -35.747], [148.131, -35.598], [148.35, -35.916]]]}}, {"type": "Feature", "properties": {"label": "Broughton", "division": "South Australian Gulf", "area_ha": 1501054, "zone": false}, "geometry": {"type": "Polygon", "coordinates": [[[138.193, -33.583], [138.131, -33.743], [138.26, -33.839], [138.298, -34.126], [138.129, -34.181], [138.083, -34.137], [138.01, -34.235], [138.012, -34.343], [137.886, -34.513], [137.865, -34.779], [137.71, -35.06], [137.76, -35.114], [137.637, -35.168], [137.425, -35.098], [137.173, -35.238], [137.002, -35.223], [136.857, -35.29], [136.821, -35.245], [136.942, -35.129], [137.01, -34.895], [137.277, -34.894], [137.375, -34.953], [137.45, -34.907], [137.509, -34.614], [137.482, -34.439], [137.413, -34.455], [137.5, -34.31], [137.449, -34.136], [137.522, -34.13], [137.567, -34.042], [137.509, -34.007], [137.631, -33.921], [137.6, -33.876], [137.973, -33.552], [137.812, -33.279], [137.834, -33.205], [138.005, -33.129], [138.018, -33.307], [138.178, -33.332], [138.159, -32.997], [138.309, -32.962], [138.371, -32.878], [138.438, -32.941], [138.575, -32.878], [138.591, -33.125], [138.684, -33.117], [138.74, -33.261], [138.793, -33.197], [138.932, -33.262], [138.842, -33.403], [138.932, -33.443], [138.836, -33.594], [138.898, -33.716], [138.888, -33.779], [138.808, -33.775], [138.837, -33.892], [138.584, -33.901], [138.547, -33.627], [138.451, -33.677], [138.418, -33.618], [138.193, -33.583]]]}}, {"type": "Feature", "properties": {"label": "Lennard", "division": "Tanami-Timor Sea Coast", "area_ha": 1469804, "zone": false}, "geometry": {"type": "Polygon", "coordinates": [[[124.967, -16.718], [125.3, -17.182], [125.56, -17.322], [125.493, -17.368], [125.457, -17.593], [125.317, -17.636], [125.334, -17.701], [125.209, -17.777], [125.017, -17.667], [124.754, -17.725], [124.617, -17.632], [124.409, -17.666], [124.237, -17.788], [124.152, -17.678], [123.992, -17.688], [123.843, -17.463], [123.861, -17.341], [123.583, -17.035], [123.652, -17.002], [123.66, -17.058], [123.668, -17.056], [123.673, -17.073], [123.682, -17.077], [123.672, -17.089], [123.69, -17.111], [123.677, -17.091], [123.683, -17.078], [123.665, -17.038], [123.922, -17.262], [123.794, -16.999], [123.873, -17.036], [123.911, -17.036], [123.91, -17.072], [123.918, -17.08], [123.928, -17.072], [123.923, -17.098], [123.928, -17.11], [123.933, -17.112], [123.931, -17.072], [123.925, -17.069], [123.913, -17.074], [123.918, -17.038], [123.826, -16.958], [123.929, -16.911], [124.647, -16.934], [124.765, -16.886], [124.752, -16.693], [124.83, -16.643], [124.967, -16.718]]]}}, {"type": "Feature", "properties": {"label": "Moonie", "division": "Murray-Darling Basin", "area_ha": 1465486, "zone": false}, "geometry": {"type": "Polygon", "coordinates": [[[150.835, -27.528], [150.565, -27.591], [150.107, -28.032], [149.922, -27.998], [149.85, -28.115], [149.546, -28.13], [149.414, -28.314], [149.234, -28.387], [149.22, -28.53], [149.087, -28.593], [149.025, -28.775], [148.879, -28.825], [148.88, -28.89], [148.793, -28.905], [148.752, -29.03], [148.661, -29.082], [148.713, -29.313], [148.568, -29.323], [148.598, -29.077], [148.805, -28.83], [148.727, -28.755], [148.834, -28.709], [148.712, -28.49], [148.773, -28.304], [148.669, -27.989], [148.715, -27.86], [148.789, -27.872], [148.918, -27.697], [149.179, -27.639], [149.327, -27.39], [149.703, -27.522], [150.153, -27.498], [150.226, -27.542], [150.576, -27.323], [150.788, -27.271], [150.847, -27.338], [150.798, -27.422], [150.835, -27.528]]]}}, {"type": "Feature", "properties": {"label": "Glenelg", "division": "South East Coast (Victoria)", "area_ha": 1400908, "zone": false}, "geometry": {"type": "Polygon", "coordinates": [[[141.64, -37.01], [141.651, -37.088], [141.803, -37.14], [141.949, -37.033], [142.089, -37.107], [142.219, -37.062], [142.48, -37.143], [142.592, -37.324], [142.537, -37.541], [142.605, -37.641], [142.413, -37.728], [142.313, -37.889], [142.099, -37.909], [142.019, -37.823], [141.841, -37.81], [141.733, -37.903], [141.738, -37.985], [141.522, -38.059], [141.364, -38.029], [141.395, -38.113], [141.296, -38.22], [140.892, -38.048], [140.88, -37.987], [140.93, -37.995], [140.937, -37.979], [140.672, -37.818], [140.681, -37.716], [140.528, -37.693], [140.49, -37.588], [140.768, -37.63], [140.822, -37.559], [140.983, -37.567], [140.929, -37.416], [140.977, -37.35], [141.142, -37.329], [141.055, -37.205], [141.23, -37.217], [141.381, -37.071], [141.512, -37.092], [141.559, -37.001], [141.64, -37.01]]]}}, {"type": "Feature", "properties": {"label": "Brisbane", "division": "North East Coast", "area_ha": 1354958, "zone": false}, "geometry": {"type": "Polygon", "coordinates": [[[153.18, -27.36], [153.125, -27.59], [152.614, -27.993], [152.49, -28.213], [152.382, -27.966], [152.223, -27.948], [152.143, -27.824], [151.994, -27.763], [151.938, -27.475], [152.066, -27.321], [151.904, -27.247], [151.647, -26.914], [151.758, -26.948], [151.887, -26.881], [151.951, -26.754], [152.132, -26.638], [152.138, -26.477], [152.35, -26.469], [152.352, -26.6], [152.502, -26.759], [152.572, -26.711], [152.726, -26.852], [152.814, -26.777], [152.93, -26.797], [152.681, -27.254], [152.784, -27.4], [152.966, -27.438], [153.15, -27.394], [153.048, -27.442], [153.052, -27.463], [153.142, -27.422], [153.18, -27.36]]]}}, {"type": "Feature", "properties": {"label": "Holroyd", "division": "Carpentaria Coast", "area_ha": 1286370, "zone": false}, "geometry": {"type": "Polygon", "coordinates": [[[142.047, -13.802], [142.555, -13.88], [142.628, -13.992], [142.741, -13.942], [142.965, -14.014], [143.042, -14.113], [143.183, -14.037], [143.377, -14.28], [143.215, -14.316], [143.05, -14.496], [142.972, -14.433], [142.834, -14.591], [142.49, -14.4], [142.264, -14.498], [141.92, -14.491], [141.565, -14.615], [141.526, -14.48], [141.615, -14.185], [141.471, -13.881], [141.47, -13.931], [141.466, -13.874], [141.505, -13.655], [141.581, -13.628], [142.047, -13.802]]]}}, {"type": "Feature", "properties": {"label": "Avon River-Tyrell Lake", "division": "Murray-Darling Basin", "area_ha": 1215092, "zone": false}, "geometry": {"type": "Polygon", "coordinates": [[[143.147, -34.744], [143.138, -34.869], [143.226, -34.807], [143.268, -34.841], [143.281, -35.228], [143.477, -35.426], [143.443, -35.942], [143.342, -36.132], [143.368, -36.249], [143.269, -36.28], [143.243, -36.373], [143.302, -36.492], [143.223, -36.618], [143.26, -36.914], [143.005, -36.846], [142.813, -36.927], [142.712, -36.903], [142.657, -36.775], [142.834, -36.483], [142.806, -36.178], [142.872, -36.038], [142.872, -35.906], [142.666, -35.433], [142.649, -35.29], [142.744, -35.116], [142.684, -34.965], [142.76, -34.78], [142.912, -34.841], [143.147, -34.744]]]}}, {"type": "Feature", "properties": {"label": "Murray (WA)", "division": "South West Coast", "area_ha": 1199049, "zone": false}, "geometry": {"type": "Polygon", "coordinates": [[[116.966, -33.055], [116.778, -33.192], [116.679, -33.139], [116.556, -33.238], [116.529, -33.165], [116.317, -33.086], [116.167, -33.073], [116.086, -33.177], [115.983, -33.162], [115.82, -33.026], [115.723, -33.222], [115.607, -32.679], [115.746, -32.479], [115.661, -32.173], [115.74, -32.267], [115.738, -32.056], [116.055, -32.217], [116.115, -32.325], [116.246, -32.33], [116.277, -32.424], [116.445, -32.521], [116.511, -32.475], [116.843, -32.57], [117.323, -32.522], [117.315, -32.65], [117.439, -32.815], [117.294, -32.908], [117.161, -32.896], [117.13, -33.072], [116.966, -33.055]]]}}, {"type": "Feature", "properties": {"label": "South Alligator", "division": "Tanami-Timor Sea Coast", "area_ha": 1182811, "zone": false}, "geometry": {"type": "Polygon", "coordinates": [[[132.579, -12.394], [132.865, -12.774], [132.95, -12.764], [132.929, -12.811], [133.012, -12.862], [133.056, -12.823], [133.106, -12.982], [133.182, -12.975], [133.259, -13.108], [133.194, -13.156], [133.208, -13.245], [133.069, -13.257], [132.985, -13.502], [132.837, -13.487], [132.858, -13.614], [132.64, -13.787], [132.568, -13.677], [132.289, -13.59], [132.039, -13.326], [132.033, -13.196], [132.18, -12.954], [132.337, -12.883], [132.434, -12.724], [132.324, -12.61], [132.35, -12.199], [132.429, -12.313], [132.371, -12.376], [132.393, -12.42], [132.434, -12.459], [132.412, -12.457], [132.409, -12.529], [132.438, -12.461], [132.38, -12.38], [132.446, -12.307], [132.415, -12.2], [132.503, -12.13], [132.496, -12.206], [132.628, -12.26], [132.643, -12.364], [132.579, -12.394]]]}}, {"type": "Feature", "properties": {"label": "Macleay", "division": "South East Coast (NSW)", "area_ha": 1139955, "zone": false}, "geometry": {"type": "Polygon", "coordinates": [[[151.643, -31.305], [151.668, -31.232], [151.553, -31.13], [151.55, -31.019], [151.44, -31.002], [151.461, -30.9], [151.397, -30.838], [151.534, -30.646], [151.517, -30.405], [151.694, -30.302], [151.682, -30.007], [151.776, -30.235], [152.133, -30.278], [152.248, -30.449], [152.393, -30.443], [152.683, -30.813], [152.664, -30.862], [152.763, -30.924], [153.002, -30.751], [152.992, -30.901], [153.027, -30.936], [152.98, -30.964], [152.976, -30.977], [152.987, -30.989], [152.978, -31.0], [152.92, -30.999], [152.912, -31.019], [152.86, -31.048], [152.85, -31.062], [152.848, -31.07], [152.909, -31.023], [152.923, -31.0], [152.943, -31.027], [152.987, -30.994], [153.037, -30.932], [153.02, -30.877], [153.088, -30.911], [153.056, -31.078], [152.964, -31.16], [152.852, -31.118], [152.386, -31.167], [152.236, -31.105], [152.14, -31.286], [151.893, -31.337], [151.839, -31.277], [151.755, -31.346], [151.643, -31.305]]]}}, {"type": "Feature", "properties": {"label": "Tamar", "division": "Tasmania", "area_ha": 1129664, "zone": false}, "geometry": {"type": "Polygon", "coordinates": [[[147.995, -41.347], [148.041, -41.536], [148.175, -41.534], [148.247, -41.62], [148.055, -41.862], [147.831, -41.894], [147.889, -42.236], [147.785, -42.26], [147.76, -42.25], [147.758, -42.215], [147.739, -42.208], [147.493, -42.326], [147.458, -42.403], [147.325, -42.221], [147.152, -42.226], [147.223, -42.203], [147.249, -42.11], [147.2, -41.985], [147.041, -42.123], [146.885, -42.089], [146.812, -41.985], [146.876, -41.872], [146.838, -41.78], [146.749, -41.729], [146.598, -41.789], [146.434, -41.677], [146.707, -41.356], [146.789, -41.335], [146.648, -41.095], [146.707, -41.063], [146.837, -41.197], [146.923, -41.169], [146.898, -41.203], [146.973, -41.31], [147.033, -41.349], [147.077, -41.34], [147.07, -41.353], [147.075, -41.382], [147.124, -41.41], [147.116, -41.421], [147.128, -41.44], [147.132, -41.439], [147.128, -41.411], [147.079, -41.366], [147.082, -41.343], [147.076, -41.335], [146.912, -41.214], [146.959, -41.183], [146.817, -41.124], [146.785, -41.054], [146.875, -41.018], [146.935, -41.121], [147.084, -41.165], [147.12, -41.284], [147.233, -41.371], [147.352, -41.26], [147.577, -41.283], [147.627, -41.355], [147.995, -41.347]]]}}, {"type": "Feature", "properties": {"label": "Robinson", "division": "Carpentaria Coast", "area_ha": 1121459, "zone": false}, "geometry": {"type": "MultiPolygon", "coordinates": [[[[137.148, -16.901], [136.867, -17.213], [136.91, -17.269], [136.827, -17.514], [136.644, -17.528], [136.513, -17.305], [136.441, -17.28], [136.5, -17.145], [136.451, -17.098], [136.483, -16.965], [136.345, -16.678], [136.436, -16.433], [136.663, -16.329], [136.655, -16.046], [136.77, -15.89], [136.86, -15.907], [136.85, -15.917], [136.845, -15.93], [136.848, -15.947], [136.839, -15.944], [136.835, -15.947], [136.837, -15.961], [136.999, -15.88], [137.027, -15.952], [137.021, -15.901], [136.995, -15.869], [137.0, -15.87], [137.263, -16.023], [137.224, -16.095], [137.265, -16.034], [137.297, -16.07], [137.106, -16.214], [137.063, -16.351], [137.278, -16.378], [137.236, -16.568], [137.274, -16.723], [137.148, -16.901]], [[137.148, -16.898], [137.148, -16.897], [137.148, -16.898], [137.148, -16.898]], [[136.667, -16.056], [136.668, -16.056], [136.667, -16.056], [136.667, -16.056]]], [[[137.077, -15.659], [137.107, -15.777], [137.075, -15.848], [136.918, -15.683], [136.992, -15.673], [136.993, -15.584], [137.018, -15.592], [137.031, -15.632], [137.06, -15.637], [137.078, -15.65], [137.081, -15.657], [137.077, -15.659]], [[137.076, -15.659], [137.076, -15.658], [137.076, -15.658], [137.076, -15.659]]]]}}, {"type": "Feature", "properties": {"label": "Keep", "division": "Tanami-Timor Sea Coast", "area_ha": 1064575, "zone": false}, "geometry": {"type": "Polygon", "coordinates": [[[129.554, -15.35], [129.382, -15.701], [129.486, -15.803], [129.252, -16.239], [129.097, -16.085], [128.915, -16.077], [128.958, -16.005], [128.823, -15.736], [128.749, -15.733], [128.69, -15.495], [128.53, -15.379], [128.52, -15.307], [128.459, -15.332], [128.418, -15.238], [128.373, -15.263], [128.302, -15.113], [128.195, -15.102], [128.23, -15.003], [128.288, -14.974], [128.355, -15.103], [128.364, -14.994], [128.447, -15.055], [128.498, -15.005], [128.548, -15.083], [128.524, -14.863], [128.475, -14.801], [128.46, -14.853], [128.379, -14.817], [128.534, -14.787], [128.597, -14.9], [128.675, -14.877], [128.853, -14.957], [128.926, -15.072], [128.954, -15.018], [129.004, -15.065], [128.968, -15.014], [129.009, -15.046], [128.984, -14.995], [129.022, -14.993], [129.043, -15.143], [129.153, -15.125], [129.172, -15.17], [129.157, -15.218], [129.118, -15.231], [129.112, -15.256], [129.171, -15.226], [129.207, -15.162], [129.196, -15.234], [129.214, -15.267], [129.241, -15.108], [129.312, -15.142], [129.321, -15.114], [129.345, -15.156], [129.381, -15.174], [129.383, -15.167], [129.358, -15.088], [129.252, -15.096], [129.258, -15.035], [129.298, -15.077], [129.353, -15.032], [129.343, -14.983], [129.262, -15.018], [129.236, -14.913], [129.281, -14.992], [129.353, -14.97], [129.416, -15.065], [129.39, -15.184], [129.554, -15.35]]]}}, {"type": "Feature", "properties": {"label": "Goyder", "division": "Tanami-Timor Sea Coast", "area_ha": 1040759, "zone": false}, "geometry": {"type": "Polygon", "coordinates": [[[135.605, -12.571], [135.642, -12.728], [135.436, -13.064], [135.449, -13.232], [135.372, -13.223], [135.26, -13.34], [134.974, -13.775], [134.893, -13.78], [134.88, -13.843], [134.778, -13.822], [134.733, -13.637], [134.581, -13.606], [134.514, -13.438], [134.898, -12.979], [134.907, -12.9], [134.822, -12.889], [134.818, -12.647], [134.844, -12.602], [134.908, -12.644], [134.891, -12.37], [134.975, -12.283], [134.949, -12.23], [135.098, -12.27], [135.131, -12.382], [135.29, -12.467], [135.309, -12.552], [135.605, -12.571]]]}}, {"type": "Feature", "properties": {"label": "Hopkins", "division": "South East Coast (Victoria)", "area_ha": 1012727, "zone": false}, "geometry": {"type": "Polygon", "coordinates": [[[143.174, -38.083], [143.024, -38.376], [142.841, -38.434], [142.769, -38.527], [142.345, -38.352], [142.413, -38.219], [142.262, -37.96], [142.413, -37.728], [142.605, -37.641], [142.538, -37.553], [142.576, -37.342], [142.868, -37.368], [142.854, -37.282], [142.97, -37.167], [143.102, -37.248], [143.125, -37.335], [143.436, -37.269], [143.455, -37.331], [143.78, -37.408], [143.903, -37.505], [143.71, -37.522], [143.597, -37.667], [143.457, -37.67], [143.31, -37.764], [143.127, -38.021], [143.174, -38.083]]]}}, {"type": "Feature", "properties": {"label": "Herbert", "division": "North East Coast", "area_ha": 996471, "zone": false}, "geometry": {"type": "Polygon", "coordinates": [[[145.517, -17.886], [145.836, -18.318], [145.966, -18.301], [146.12, -18.508], [146.34, -18.526], [146.285, -18.947], [146.021, -18.918], [145.83, -18.817], [145.738, -18.716], [145.715, -18.48], [145.6, -18.358], [145.492, -18.388], [145.435, -18.309], [145.285, -18.319], [145.102, -18.145], [144.816, -18.241], [144.871, -17.887], [144.994, -17.606], [145.224, -17.528], [145.26, -17.411], [145.414, -17.327], [145.48, -17.488], [145.543, -17.503], [145.517, -17.886]]]}}, {"type": "Feature", "properties": {"label": "Calvert", "division": "Carpentaria Coast", "area_ha": 993825, "zone": false}, "geometry": {"type": "Polygon", "coordinates": [[[137.297, -16.07], [137.414, -16.178], [137.727, -16.233], [137.719, -16.324], [137.747, -16.265], [137.786, -16.323], [137.694, -16.34], [137.518, -16.743], [137.697, -16.971], [137.677, -17.19], [137.604, -17.187], [137.581, -17.307], [137.637, -17.396], [137.604, -17.533], [137.745, -17.68], [137.531, -17.825], [137.419, -17.638], [137.358, -17.671], [137.147, -17.597], [137.173, -17.477], [137.085, -17.455], [136.881, -17.559], [136.823, -17.518], [136.921, -17.117], [137.032, -17.067], [137.274, -16.723], [137.236, -16.568], [137.278, -16.378], [137.063, -16.351], [137.106, -16.214], [137.297, -16.07]]]}}, {"type": "Feature", "properties": {"label": "Fitzmaurice", "division": "Tanami-Timor Sea Coast", "area_ha": 990400, "zone": false}, "geometry": {"type": "Polygon", "coordinates": [[[129.56, -14.289], [129.816, -14.343], [130.043, -14.533], [130.113, -14.448], [130.183, -14.521], [130.241, -14.452], [130.286, -14.535], [130.352, -14.515], [130.466, -14.345], [130.552, -14.467], [130.616, -14.393], [130.756, -14.399], [130.779, -14.513], [130.934, -14.523], [131.027, -14.629], [131.094, -14.737], [131.043, -14.847], [131.182, -14.938], [131.187, -15.05], [131.114, -15.069], [130.986, -14.936], [130.649, -14.871], [130.55, -14.995], [130.561, -15.101], [130.437, -15.203], [130.31, -15.217], [130.251, -15.048], [130.194, -15.017], [130.165, -15.037], [130.16, -15.06], [130.155, -15.069], [130.15, -15.071], [130.102, -14.992], [129.779, -15.118], [129.752, -15.046], [129.665, -15.08], [129.71, -14.96], [129.644, -14.833], [129.815, -14.887], [129.852, -14.844], [129.823, -14.944], [129.839, -14.953], [129.833, -14.961], [129.838, -14.969], [129.863, -14.853], [129.846, -14.829], [129.863, -14.821], [129.872, -14.822], [129.862, -14.865], [129.878, -14.819], [129.905, -14.856], [129.923, -14.868], [129.942, -14.866], [129.864, -14.802], [129.938, -14.778], [129.965, -14.808], [130.028, -14.804], [129.958, -14.796], [129.999, -14.714], [129.946, -14.774], [129.948, -14.763], [129.939, -14.751], [129.899, -14.739], [129.912, -14.721], [129.903, -14.717], [129.922, -14.719], [129.932, -14.71], [129.935, -14.701], [129.901, -14.703], [129.896, -14.767], [129.923, -14.755], [129.945, -14.767], [129.869, -14.776], [129.896, -14.751], [129.867, -14.741], [129.835, -14.813], [129.756, -14.824], [129.82, -14.744], [129.734, -14.793], [129.671, -14.761], [129.715, -14.77], [129.741, -14.659], [129.723, -14.643], [129.706, -14.664], [129.7, -14.659], [129.692, -14.665], [129.661, -14.659], [129.704, -14.67], [129.664, -14.718], [129.673, -14.682], [129.629, -14.693], [129.622, -14.686], [129.662, -14.657], [129.688, -14.663], [129.697, -14.658], [129.704, -14.659], [129.711, -14.657], [129.747, -14.601], [129.815, -14.601], [129.839, -14.51], [129.789, -14.49], [129.8, -14.531], [129.673, -14.58], [129.657, -14.581], [129.628, -14.571], [129.626, -14.566], [129.641, -14.525], [129.652, -14.52], [129.664, -14.505], [129.632, -14.571], [129.762, -14.543], [129.695, -14.521], [129.74, -14.494], [129.657, -14.46], [129.675, -14.513], [129.653, -14.497], [129.659, -14.51], [129.65, -14.519], [129.642, -14.522], [129.613, -14.475], [129.553, -14.51], [129.613, -14.566], [129.578, -14.564], [129.502, -14.462], [129.456, -14.504], [129.359, -14.424], [129.421, -14.349], [129.529, -14.385], [129.56, -14.289]]]}}, {"type": "Feature", "properties": {"label": "Derwent", "division": "Tasmania", "area_ha": 978081, "zone": false}, "geometry": {"type": "Polygon", "coordinates": [[[147.249, -42.11], [147.152, -42.226], [147.31, -42.213], [147.422, -42.297], [147.444, -42.403], [147.282, -42.548], [147.393, -42.656], [147.328, -42.759], [147.511, -42.876], [147.55, -42.968], [147.522, -43.021], [147.417, -43.054], [147.392, -42.976], [147.47, -43.027], [147.485, -42.911], [147.409, -42.94], [147.405, -42.885], [147.353, -42.876], [147.36, -42.848], [147.257, -42.746], [147.202, -42.726], [147.186, -42.741], [147.152, -42.751], [147.146, -42.756], [147.14, -42.767], [147.119, -42.77], [147.103, -42.783], [147.233, -42.752], [147.358, -42.944], [146.955, -42.882], [146.873, -42.955], [146.661, -42.847], [146.644, -42.924], [146.523, -42.889], [146.457, -42.775], [146.357, -42.841], [146.352, -42.692], [146.428, -42.662], [146.362, -42.537], [146.392, -42.468], [146.286, -42.323], [146.141, -42.301], [146.137, -42.152], [146.023, -41.974], [146.065, -41.907], [146.239, -41.925], [146.353, -41.756], [146.481, -41.719], [146.6, -41.789], [146.776, -41.729], [146.876, -41.863], [146.812, -41.985], [146.885, -42.088], [147.041, -42.123], [147.198, -41.985], [147.249, -42.11]]]}}, {"type": "Feature", "properties": {"label": "Buckingham", "division": "Tanami-Timor Sea Coast", "area_ha": 969882, "zone": false}, "geometry": {"type": "MultiPolygon", "coordinates": [[[[136.582, -12.594], [136.408, -12.633], [136.343, -12.78], [136.242, -12.802], [136.023, -12.702], [135.719, -12.762], [135.618, -12.703], [135.605, -12.571], [135.309, -12.552], [135.08, -12.258], [135.148, -12.237], [135.199, -12.287], [135.165, -12.301], [135.165, -12.331], [135.204, -12.291], [135.283, -12.37], [135.32, -12.386], [135.219, -12.294], [135.536, -12.151], [135.656, -12.038], [135.91, -11.952], [135.659, -12.151], [135.724, -12.283], [135.707, -12.312], [135.668, -12.315], [135.665, -12.317], [135.665, -12.323], [135.725, -12.345], [135.886, -12.15], [135.88, -12.168], [135.888, -12.227], [135.878, -12.235], [135.877, -12.244], [135.881, -12.249], [135.88, -12.237], [135.891, -12.229], [135.891, -12.219], [135.901, -12.225], [135.905, -12.218], [135.91, -12.151], [136.046, -12.062], [135.928, -12.224], [135.959, -12.278], [136.013, -12.233], [136.063, -12.25], [135.915, -12.444], [136.016, -12.396], [135.95, -12.458], [136.018, -12.461], [136.013, -12.577], [136.064, -12.429], [136.223, -12.462], [136.225, -12.468], [136.217, -12.478], [136.213, -12.504], [136.218, -12.52], [136.212, -12.53], [136.214, -12.54], [136.217, -12.542], [136.222, -12.542], [136.219, -12.479], [136.38, -12.285], [136.344, -12.262], [136.391, -12.244], [136.398, -12.232], [136.398, -12.226], [136.38, -12.212], [136.413, -12.206], [136.425, -12.167], [136.377, -12.213], [136.394, -12.236], [136.365, -12.251], [136.167, -12.163], [136.563, -11.876], [136.582, -11.916], [136.461, -11.995], [136.484, -12.038], [136.531, -11.992], [136.648, -12.269], [136.748, -12.267], [136.748, -12.219], [136.699, -12.19], [136.672, -12.209], [136.668, -12.203], [136.683, -12.183], [136.782, -12.158], [136.908, -12.285], [136.721, -12.417], [136.555, -12.369], [136.582, -12.594]], [[135.605, -12.571], [135.605, -12.57], [135.605, -12.57], [135.605, -12.571]]], [[[135.52, -12.06], [135.557, -12.129], [135.331, -12.241], [135.222, -12.189], [135.52, -12.06]]], [[[135.907, -11.753], [135.939, -11.805], [135.8, -11.964], [135.565, -12.07], [135.583, -11.959], [135.782, -11.911], [135.907, -11.753]]], [[[136.761, -11.018], [136.684, -11.251], [136.484, -11.458], [136.625, -11.206], [136.703, -11.173], [136.761, -11.018]]]]}}, {"type": "Feature", "properties": {"label": "Walker", "division": "Carpentaria Coast", "area_ha": 956710, "zone": false}, "geometry": {"type": "MultiPolygon", "coordinates": [[[[135.468, -14.395], [135.325, -14.249], [135.25, -14.056], [134.865, -13.867], [135.386, -13.216], [135.456, -13.241], [135.406, -13.305], [135.507, -13.443], [135.641, -13.336], [135.931, -13.43], [135.861, -13.437], [135.825, -13.59], [135.921, -13.676], [135.899, -13.737], [136.081, -13.655], [135.91, -13.992], [135.902, -14.192], [135.729, -14.285], [135.674, -14.247], [135.607, -14.234], [135.674, -14.248], [135.73, -14.298], [135.522, -14.613], [135.444, -14.54], [135.468, -14.395]], [[135.47, -14.395], [135.47, -14.395], [135.47, -14.395], [135.47, -14.395]]], [[[136.223, -13.661], [136.302, -13.735], [136.248, -13.852], [136.198, -13.854], [136.182, -13.768], [136.12, -13.832], [136.114, -13.73], [136.176, -13.747], [136.223, -13.661]]]]}}, {"type": "Feature", "properties": {"label": "Mary (Qld)", "division": "North East Coast", "area_ha": 943078, "zone": false}, "geometry": {"type": "Polygon", "coordinates": [[[152.976, -26.154], [152.836, -26.276], [152.998, -26.418], [152.876, -26.467], [152.887, -26.775], [152.684, -26.842], [152.666, -26.772], [152.571, -26.71], [152.502, -26.759], [152.352, -26.6], [152.42, -26.347], [152.309, -26.268], [152.242, -26.308], [152.139, -26.258], [152.094, -26.096], [152.205, -26.025], [152.206, -25.955], [152.169, -25.882], [152.044, -25.875], [151.981, -25.713], [152.224, -25.489], [152.273, -25.483], [152.308, -25.588], [152.427, -25.566], [152.753, -25.287], [152.835, -25.311], [152.925, -25.431], [152.895, -25.409], [152.853, -25.408], [152.91, -25.429], [152.73, -25.589], [152.801, -25.84], [152.972, -25.997], [152.864, -26.021], [152.976, -26.154]]]}}, {"type": "Feature", "properties": {"label": "Blyth", "division": "Tanami-Timor Sea Coast", "area_ha": 927591, "zone": false}, "geometry": {"type": "Polygon", "coordinates": [[[134.984, -12.174], [134.891, -12.37], [134.908, -12.644], [134.844, -12.602], [134.818, -12.647], [134.822, -12.889], [134.907, -12.9], [134.898, -12.979], [134.514, -13.438], [134.533, -13.513], [134.448, -13.516], [134.365, -13.426], [134.376, -13.303], [134.243, -13.187], [134.283, -13.045], [134.147, -13.01], [134.131, -12.931], [134.214, -12.84], [134.152, -12.723], [134.334, -12.555], [134.387, -12.411], [134.295, -12.154], [134.368, -12.048], [134.583, -12.057], [134.583, -12.073], [134.603, -12.088], [134.575, -12.123], [134.593, -12.164], [134.578, -12.123], [134.609, -12.092], [134.598, -12.052], [134.749, -11.949], [134.827, -12.125], [134.803, -12.049], [134.844, -12.062], [134.848, -12.142], [134.81, -12.145], [134.8, -12.155], [134.984, -12.174]]]}}, {"type": "Feature", "properties": {"label": "Finniss", "division": "Tanami-Timor Sea Coast", "area_ha": 920909, "zone": false}, "geometry": {"type": "Polygon", "coordinates": [[[131.258, -12.298], [131.157, -12.39], [131.185, -12.6], [131.106, -12.838], [131.064, -12.832], [131.059, -13.138], [130.903, -13.307], [130.892, -13.429], [131.028, -13.498], [130.981, -13.59], [130.808, -13.587], [130.567, -13.269], [130.25, -13.292], [130.117, -13.166], [130.138, -12.93], [130.338, -12.888], [130.351, -12.668], [130.418, -12.742], [130.393, -12.662], [130.46, -12.639], [130.514, -12.669], [130.496, -12.72], [130.519, -12.751], [130.557, -12.702], [130.627, -12.776], [130.621, -12.705], [130.693, -12.768], [130.744, -12.721], [130.585, -12.684], [130.544, -12.635], [130.644, -12.627], [130.566, -12.583], [130.577, -12.461], [130.585, -12.452], [130.593, -12.454], [130.624, -12.45], [130.63, -12.445], [130.577, -12.404], [130.765, -12.436], [130.726, -12.526], [130.778, -12.474], [130.774, -12.547], [130.728, -12.582], [130.728, -12.585], [130.731, -12.597], [130.778, -12.559], [130.768, -12.602], [130.777, -12.599], [130.779, -12.619], [130.791, -12.624], [130.809, -12.54], [130.895, -12.682], [130.882, -12.607], [130.933, -12.612], [130.955, -12.704], [130.969, -12.627], [130.858, -12.507], [130.922, -12.509], [130.94, -12.552], [130.965, -12.536], [130.996, -12.562], [131.011, -12.566], [131.016, -12.575], [131.018, -12.576], [131.02, -12.576], [130.942, -12.473], [130.821, -12.462], [130.813, -12.406], [130.896, -12.33], [131.034, -12.36], [131.034, -12.374], [131.038, -12.388], [131.048, -12.388], [130.993, -12.177], [131.043, -12.143], [131.169, -12.173], [131.207, -12.267], [131.245, -12.224], [131.258, -12.298]]]}}, {"type": "Feature", "properties": {"label": "Barwon River-Lake Corangamite", "division": "South East Coast (Victoria)", "area_ha": 892124, "zone": false}, "geometry": {"type": "Polygon", "coordinates": [[[144.188, -37.775], [144.278, -37.895], [144.318, -38.14], [144.689, -38.118], [144.707, -38.211], [144.62, -38.264], [144.667, -38.257], [144.673, -38.267], [144.417, -38.288], [144.142, -38.168], [144.041, -38.266], [144.023, -38.4], [143.732, -38.623], [143.635, -38.438], [143.23, -38.44], [143.282, -38.387], [143.255, -38.25], [143.088, -38.26], [143.186, -38.119], [143.127, -38.021], [143.207, -37.881], [143.403, -37.694], [143.602, -37.664], [143.71, -37.522], [143.889, -37.533], [144.115, -37.431], [144.22, -37.623], [144.188, -37.775]]]}}, {"type": "Feature", "properties": {"label": "Liverpool", "division": "Tanami-Timor Sea Coast", "area_ha": 888422, "zone": false}, "geometry": {"type": "Polygon", "coordinates": [[[134.246, -11.983], [134.368, -12.049], [134.371, -12.08], [134.285, -12.202], [134.392, -12.388], [134.334, -12.555], [134.152, -12.723], [134.214, -12.839], [134.131, -12.93], [134.153, -13.014], [133.975, -13.125], [133.829, -13.35], [133.628, -13.423], [133.63, -13.464], [133.512, -13.561], [133.327, -13.364], [133.517, -13.083], [133.639, -13.024], [133.554, -12.777], [133.713, -12.68], [133.624, -12.501], [133.695, -12.478], [133.657, -12.369], [133.743, -12.305], [133.824, -12.335], [134.086, -12.095], [134.127, -11.897], [134.194, -12.029], [134.146, -12.171], [134.246, -11.983]]]}}, {"type": "Feature", "properties": {"label": "Manning", "division": "South East Coast (NSW)", "area_ha": 818661, "zone": false}, "geometry": {"type": "Polygon", "coordinates": [[[151.976, -31.318], [152.144, -31.425], [152.158, -31.631], [152.389, -31.616], [152.549, -31.749], [152.75, -31.762], [152.755, -31.845], [152.566, -32.005], [152.423, -31.973], [152.327, -32.045], [152.187, -31.993], [152.07, -32.071], [152.102, -32.156], [152.063, -32.186], [151.404, -32.044], [151.461, -31.85], [151.334, -31.683], [151.157, -31.628], [151.19, -31.51], [151.272, -31.454], [151.378, -31.479], [151.422, -31.381], [151.755, -31.346], [151.839, -31.277], [151.887, -31.337], [151.976, -31.318]]]}}, {"type": "Feature", "properties": {"label": "Mary (NT)", "division": "Tanami-Timor Sea Coast", "area_ha": 805661, "zone": false}, "geometry": {"type": "Polygon", "coordinates": [[[131.835, -12.855], [131.919, -13.083], [132.029, -13.134], [132.039, -13.326], [132.289, -13.59], [132.575, -13.682], [132.545, -13.817], [132.377, -13.846], [132.346, -13.755], [132.264, -13.729], [132.15, -13.794], [131.99, -13.758], [131.785, -13.811], [131.694, -13.712], [131.601, -13.394], [131.626, -13.224], [131.498, -13.176], [131.555, -13.005], [131.467, -12.858], [131.559, -12.795], [131.477, -12.437], [131.506, -12.283], [131.815, -12.263], [131.835, -12.855]]]}}, {"type": "Feature", "properties": {"label": "Koolatong", "division": "Carpentaria Coast", "area_ha": 789271, "zone": false}, "geometry": {"type": "Polygon", "coordinates": [[[135.406, -13.305], [135.44, -13.053], [135.65, -12.712], [135.719, -12.762], [136.023, -12.702], [136.218, -12.802], [136.343, -12.78], [136.408, -12.632], [136.582, -12.594], [136.555, -12.369], [136.721, -12.417], [136.915, -12.275], [136.94, -12.323], [136.927, -12.342], [136.918, -12.342], [136.9, -12.362], [136.878, -12.367], [136.874, -12.375], [136.98, -12.342], [136.773, -12.556], [136.794, -12.452], [136.729, -12.473], [136.737, -12.556], [136.697, -12.564], [136.669, -12.592], [136.679, -12.601], [136.747, -12.551], [136.763, -12.578], [136.693, -12.626], [136.694, -12.711], [136.622, -12.69], [136.621, -12.839], [136.55, -12.74], [136.542, -12.807], [136.465, -12.776], [136.667, -13.004], [136.454, -12.978], [136.567, -13.06], [136.469, -13.247], [136.405, -13.238], [136.345, -13.326], [136.329, -13.249], [136.389, -13.225], [136.335, -13.045], [136.312, -13.166], [136.218, -13.138], [136.246, -13.214], [136.163, -13.239], [136.183, -13.281], [136.135, -13.208], [136.143, -13.125], [136.046, -13.311], [136.011, -13.215], [135.965, -13.294], [135.919, -13.271], [135.88, -13.362], [135.97, -13.407], [135.953, -13.45], [135.87, -13.374], [135.796, -13.42], [135.641, -13.336], [135.473, -13.428], [135.406, -13.305]]]}}, {"type": "Feature", "properties": {"label": "Bathurst-Melville Islands", "division": "Tanami-Timor Sea Coast", "area_ha": 746783, "zone": false}, "geometry": {"type": "MultiPolygon", "coordinates": [[[[130.467, -11.702], [130.618, -11.734], [130.61, -11.825], [130.316, -11.771], [130.049, -11.824], [130.019, -11.78], [130.033, -11.756], [130.075, -11.772], [130.082, -11.768], [130.077, -11.668], [130.148, -11.709], [130.204, -11.65], [130.204, -11.696], [130.223, -11.703], [130.209, -11.72], [130.232, -11.739], [130.222, -11.67], [130.298, -11.725], [130.174, -11.559], [130.224, -11.505], [130.231, -11.526], [130.255, -11.534], [130.263, -11.564], [130.272, -11.543], [130.233, -11.497], [130.147, -11.481], [130.337, -11.32], [130.404, -11.447], [130.351, -11.562], [130.413, -11.546], [130.346, -11.594], [130.462, -11.572], [130.437, -11.75], [130.446, -11.703], [130.458, -11.693], [130.467, -11.702]], [[130.463, -11.706], [130.463, -11.705], [130.463, -11.706], [130.463, -11.706]], [[130.23, -11.685], [130.23, -11.685], [130.23, -11.685], [130.23, -11.685]]], [[[130.959, -11.335], [131.031, -11.374], [131.149, -11.25], [131.22, -11.36], [131.205, -11.235], [131.277, -11.19], [131.305, -11.275], [131.434, -11.266], [131.544, -11.454], [131.468, -11.499], [131.475, -11.607], [131.378, -11.586], [131.282, -11.74], [130.952, -11.941], [130.492, -11.655], [130.524, -11.561], [130.432, -11.503], [130.373, -11.169], [130.597, -11.29], [130.555, -11.363], [130.59, -11.418], [130.657, -11.335], [130.709, -11.489], [130.83, -11.571], [130.701, -11.393], [130.959, -11.335]], [[130.959, -11.335], [130.959, -11.335], [130.959, -11.335], [130.959, -11.335]]]]}}, {"type": "Feature", "properties": {"label": "Wenlock", "division": "Carpentaria Coast", "area_ha": 744896, "zone": false}, "geometry": {"type": "Polygon", "coordinates": [[[141.979, -12.051], [142.031, -12.249], [142.141, -12.223], [142.335, -12.314], [142.439, -12.315], [142.474, -12.209], [142.666, -12.188], [142.782, -12.42], [142.927, -12.437], [142.89, -12.525], [142.986, -12.635], [142.899, -12.819], [142.96, -12.983], [143.253, -13.049], [143.316, -13.161], [142.954, -13.265], [142.855, -13.213], [142.816, -13.093], [142.581, -13.075], [142.445, -12.997], [142.342, -12.528], [141.909, -12.368], [141.874, -12.237], [141.912, -12.049], [141.875, -12.009], [141.897, -11.954], [141.919, -12.087], [141.979, -12.051]]]}}, {"type": "Feature", "properties": {"label": "Adelaide", "division": "Tanami-Timor Sea Coast", "area_ha": 744477, "zone": false}, "geometry": {"type": "Polygon", "coordinates": [[[131.477, -12.437], [131.559, -12.795], [131.467, -12.858], [131.555, -13.013], [131.498, -13.176], [131.624, -13.219], [131.601, -13.394], [131.665, -13.597], [131.533, -13.632], [131.469, -13.538], [131.277, -13.547], [131.216, -13.468], [131.133, -13.468], [131.116, -13.527], [130.97, -13.497], [130.892, -13.429], [130.903, -13.307], [131.059, -13.138], [131.064, -12.832], [131.106, -12.838], [131.185, -12.6], [131.157, -12.39], [131.258, -12.311], [131.245, -12.224], [131.27, -12.333], [131.296, -12.301], [131.302, -12.239], [131.228, -12.209], [131.289, -12.046], [131.342, -12.222], [131.512, -12.292], [131.477, -12.437]]]}}, {"type": "Feature", "properties": {"label": "Shoalhaven", "division": "South East Coast (NSW)", "area_ha": 719478, "zone": false}, "geometry": {"type": "Polygon", "coordinates": [[[150.428, -34.578], [150.852, -34.714], [150.755, -34.833], [150.777, -34.939], [150.512, -34.959], [150.318, -35.172], [150.256, -35.112], [150.25, -35.19], [150.043, -35.321], [149.908, -35.672], [149.824, -35.561], [149.729, -35.543], [149.685, -35.976], [149.522, -35.98], [149.484, -35.838], [149.572, -35.358], [149.545, -35.179], [149.763, -35.099], [149.829, -34.758], [149.915, -34.785], [150.017, -34.692], [150.263, -34.681], [150.428, -34.578]]]}}, {"type": "Feature", "properties": {"label": "Moyle", "division": "Tanami-Timor Sea Coast", "area_ha": 707308, "zone": false}, "geometry": {"type": "Polygon", "coordinates": [[[130.196, -14.121], [130.488, -14.3], [130.435, -14.433], [130.29, -14.535], [130.26, -14.456], [130.21, -14.527], [130.113, -14.448], [130.029, -14.53], [129.816, -14.343], [129.712, -14.375], [129.561, -14.288], [129.529, -14.385], [129.421, -14.349], [129.369, -14.415], [129.355, -14.418], [129.493, -14.132], [129.55, -14.155], [129.519, -14.181], [129.525, -14.22], [129.563, -14.197], [129.568, -14.083], [129.581, -14.12], [129.604, -14.137], [129.624, -14.137], [129.597, -14.01], [129.645, -14.047], [129.747, -13.976], [129.717, -13.847], [129.829, -13.767], [129.784, -13.768], [129.813, -13.5], [129.881, -13.503], [129.894, -13.434], [129.91, -13.514], [129.995, -13.537], [130.203, -13.417], [130.22, -13.736], [130.293, -13.867], [130.196, -14.121]]]}}, {"type": "Feature", "properties": {"label": "Richmond", "division": "South East Coast (NSW)", "area_ha": 700891, "zone": false}, "geometry": {"type": "Polygon", "coordinates": [[[153.16, -28.524], [153.369, -28.503], [153.536, -28.655], [153.633, -28.641], [153.592, -28.876], [153.578, -28.839], [153.518, -28.868], [153.376, -29.025], [153.374, -29.034], [153.382, -29.048], [153.378, -29.058], [153.354, -29.063], [153.337, -29.07], [153.336, -29.044], [153.332, -29.04], [153.327, -29.038], [153.318, -29.043], [153.336, -29.072], [153.378, -29.06], [153.528, -28.875], [153.586, -28.875], [153.409, -29.19], [153.229, -29.168], [153.172, -29.32], [152.812, -29.318], [152.718, -29.183], [152.759, -29.091], [152.69, -29.035], [152.747, -28.992], [152.761, -28.736], [152.673, -28.329], [153.109, -28.356], [153.16, -28.524]]]}}, {"type": "Feature", "properties": {"label": "Ducie", "division": "Carpentaria Coast", "area_ha": 673377, "zone": false}, "geometry": {"type": "Polygon", "coordinates": [[[142.274, -11.11], [142.243, -11.168], [142.379, -11.451], [142.701, -11.695], [142.615, -11.919], [142.683, -11.99], [142.644, -12.189], [142.471, -12.21], [142.437, -12.315], [142.21, -12.288], [142.141, -12.223], [142.031, -12.249], [141.974, -12.057], [142.022, -12.076], [142.077, -11.98], [142.016, -12.044], [141.949, -11.982], [141.966, -11.965], [141.963, -11.957], [141.951, -11.953], [141.963, -11.943], [141.958, -11.929], [141.972, -11.932], [141.976, -11.927], [141.964, -11.917], [141.973, -11.909], [141.974, -11.904], [141.972, -11.895], [141.956, -11.93], [141.961, -11.943], [141.949, -11.953], [141.965, -11.964], [141.941, -11.971], [141.982, -11.772], [142.063, -11.747], [142.079, -11.768], [142.065, -11.804], [142.065, -11.81], [142.072, -11.813], [142.086, -11.742], [142.125, -11.772], [142.139, -11.772], [142.092, -11.736], [142.001, -11.745], [142.096, -11.587], [142.026, -11.665], [142.057, -11.539], [142.063, -11.548], [142.13, -11.53], [142.067, -11.538], [142.133, -11.391], [142.136, -11.016], [142.274, -11.11]]]}}, {"type": "Feature", "properties": {"label": "East Coast", "division": "Tasmania", "area_ha": 664146, "zone": false}, "geometry": {"type": "Polygon", "coordinates": [[[148.346, -42.183], [148.294, -42.283], [148.251, -42.232], [148.301, -42.13], [148.221, -42.069], [148.157, -42.074], [148.237, -41.984], [148.117, -42.072], [148.233, -42.099], [148.07, -42.112], [148.016, -42.285], [147.934, -42.343], [148.019, -42.315], [148.012, -42.51], [147.861, -42.558], [147.963, -42.679], [147.812, -42.89], [147.976, -42.87], [148.003, -42.96], [147.926, -43.023], [148.012, -43.222], [147.896, -43.191], [147.863, -43.108], [147.875, -43.207], [147.716, -43.198], [147.686, -43.139], [147.741, -43.097], [147.623, -43.064], [147.666, -42.938], [147.774, -43.055], [147.925, -43.016], [147.847, -43.013], [147.811, -42.962], [147.864, -42.945], [147.801, -42.893], [147.614, -42.868], [147.76, -42.759], [147.52, -42.663], [147.545, -42.488], [147.471, -42.368], [147.739, -42.208], [147.785, -42.26], [147.889, -42.236], [147.831, -41.894], [148.055, -41.862], [148.248, -41.618], [148.175, -41.534], [148.037, -41.532], [148.0, -41.349], [147.84, -41.331], [147.871, -41.233], [148.026, -41.192], [147.987, -41.111], [148.07, -40.977], [147.978, -40.868], [148.034, -40.796], [147.991, -40.743], [148.224, -40.846], [148.35, -40.993], [148.252, -41.05], [148.339, -41.26], [148.248, -41.329], [148.273, -41.34], [148.332, -41.279], [148.36, -41.282], [148.237, -41.459], [148.317, -41.575], [148.264, -41.815], [148.345, -42.119], [148.298, -42.168], [148.346, -42.183]]]}}, {"type": "Feature", "properties": {"label": "Broken", "division": "Murray-Darling Basin", "area_ha": 648878, "zone": false}, "geometry": {"type": "Polygon", "coordinates": [[[145.287, -35.858], [145.634, -35.994], [145.872, -35.978], [146.111, -36.07], [146.098, -36.173], [146.226, -36.451], [146.224, -36.874], [146.351, -37.034], [146.235, -37.055], [145.964, -36.967], [145.8, -36.785], [145.877, -36.553], [145.641, -36.423], [145.519, -36.473], [145.392, -36.436], [145.368, -36.398], [145.44, -36.413], [145.445, -36.363], [145.325, -36.253], [145.35, -36.164], [145.273, -36.073], [144.962, -36.015], [145.011, -35.934], [145.287, -35.858]]]}}, {"type": "Feature", "properties": {"label": "Ovens", "division": "Murray-Darling Basin", "area_ha": 644953, "zone": false}, "geometry": {"type": "Polygon", "coordinates": [[[146.177, -36.033], [146.338, -36.296], [146.417, -36.321], [146.513, -36.233], [146.803, -36.265], [146.735, -36.416], [146.945, -36.474], [146.936, -36.61], [147.12, -36.712], [147.112, -37.0], [146.663, -37.112], [146.647, -37.163], [146.356, -37.044], [146.224, -36.874], [146.209, -36.349], [146.098, -36.173], [146.177, -36.033]]]}}, {"type": "Feature", "properties": {"label": "Frankland-Deep", "division": "South West Coast", "area_ha": 643506, "zone": false}, "geometry": {"type": "Polygon", "coordinates": [[[117.604, -34.343], [117.19, -34.323], [117.16, -34.463], [116.942, -34.556], [116.888, -34.825], [116.83, -34.819], [116.797, -34.899], [116.889, -34.986], [116.859, -35.044], [116.63, -35.061], [116.55, -35.013], [116.618, -34.923], [116.405, -34.706], [116.501, -34.555], [116.471, -34.473], [116.622, -34.467], [116.689, -34.352], [116.797, -34.314], [117.023, -33.992], [117.348, -33.955], [117.478, -33.796], [117.714, -33.875], [117.812, -34.043], [117.671, -34.149], [117.604, -34.343]]]}}, {"type": "Feature", "properties": {"label": "South Gippsland", "division": "South East Coast (Victoria)", "area_ha": 630579, "zone": false}, "geometry": {"type": "Polygon", "coordinates": [[[146.568, -38.427], [146.681, -38.273], [146.823, -38.216], [147.211, -38.363], [146.889, -38.631], [146.2, -38.722], [146.3, -38.906], [146.477, -38.789], [146.432, -39.012], [146.483, -39.061], [146.375, -39.137], [146.246, -38.995], [146.267, -38.971], [146.194, -38.858], [146.16, -38.847], [146.17, -38.819], [146.148, -38.796], [146.158, -38.849], [146.19, -38.868], [146.042, -38.811], [145.922, -38.91], [145.73, -38.647], [145.844, -38.697], [145.824, -38.644], [145.729, -38.636], [145.608, -38.682], [145.363, -38.523], [145.428, -38.505], [145.416, -38.405], [145.711, -38.332], [145.843, -38.375], [146.051, -38.248], [146.177, -38.305], [146.127, -38.387], [146.275, -38.443], [146.292, -38.53], [146.568, -38.427]]]}}, {"type": "Feature", "properties": {"label": "Goomadeer", "division": "Tanami-Timor Sea Coast", "area_ha": 570462, "zone": false}, "geometry": {"type": "Polygon", "coordinates": [[[133.695, -12.478], [133.624, -12.5], [133.713, -12.679], [133.654, -12.725], [133.565, -12.733], [133.511, -12.645], [133.395, -12.622], [133.486, -12.439], [133.443, -12.394], [133.551, -12.318], [133.471, -12.216], [133.501, -12.151], [133.316, -12.101], [133.12, -11.924], [133.145, -11.697], [133.192, -11.727], [133.274, -11.741], [133.34, -11.694], [133.317, -11.768], [133.403, -11.733], [133.46, -11.8], [133.535, -11.761], [133.529, -11.866], [133.838, -11.722], [133.943, -11.77], [133.848, -11.813], [133.815, -11.86], [133.903, -11.931], [134.032, -11.855], [134.072, -11.937], [134.127, -11.896], [134.086, -12.095], [133.964, -12.155], [133.924, -12.258], [133.824, -12.335], [133.68, -12.331], [133.695, -12.478]]]}}, {"type": "Feature", "properties": {"label": "East Gippsland", "division": "South East Coast (Victoria)", "area_ha": 565128, "zone": false}, "geometry": {"type": "Polygon", "coordinates": [[[149.484, -37.776], [148.899, -37.784], [148.92, -37.734], [148.703, -37.569], [148.801, -37.449], [148.783, -37.384], [148.876, -37.275], [149.001, -37.292], [149.12, -37.153], [149.195, -37.192], [149.207, -37.106], [149.333, -37.033], [149.392, -37.031], [149.421, -37.147], [149.713, -37.135], [149.717, -37.297], [149.857, -37.39], [149.817, -37.428], [149.924, -37.527], [149.766, -37.563], [149.678, -37.685], [149.499, -37.723], [149.484, -37.776]]]}}, {"type": "Feature", "properties": {"label": "Gordon", "division": "Tasmania", "area_ha": 563894, "zone": false}, "geometry": {"type": "Polygon", "coordinates": [[[146.139, -42.255], [146.351, -42.407], [146.429, -42.645], [146.352, -42.692], [146.328, -42.94], [146.153, -42.989], [145.93, -42.852], [145.755, -42.861], [145.706, -42.7], [145.426, -42.612], [145.393, -42.416], [145.282, -42.357], [145.178, -42.196], [145.453, -42.404], [145.448, -42.438], [145.475, -42.526], [145.452, -42.441], [145.537, -42.448], [145.557, -42.357], [145.493, -42.323], [145.481, -42.365], [145.357, -42.197], [145.544, -42.267], [145.589, -42.196], [145.786, -42.162], [145.813, -42.042], [146.032, -42.039], [146.137, -42.152], [146.139, -42.255]]]}}, {"type": "Feature", "properties": {"label": "Yarra", "division": "South East Coast (Victoria)", "area_ha": 557344, "zone": false}, "geometry": {"type": "Polygon", "coordinates": [[[145.621, -37.572], [145.76, -37.68], [145.736, -37.568], [145.881, -37.524], [146.048, -37.663], [146.132, -37.65], [146.17, -37.766], [145.944, -37.757], [145.926, -37.829], [145.803, -37.808], [145.765, -37.9], [145.688, -37.88], [145.533, -37.979], [145.276, -37.783], [145.012, -37.969], [144.97, -37.86], [144.899, -37.842], [144.905, -37.823], [144.939, -37.822], [144.943, -37.815], [144.912, -37.818], [144.895, -37.827], [144.896, -37.85], [144.918, -37.864], [144.901, -37.868], [144.738, -37.696], [144.671, -37.534], [144.418, -37.47], [144.622, -37.37], [144.597, -37.241], [144.773, -37.21], [144.965, -37.381], [145.085, -37.371], [145.366, -37.542], [145.621, -37.572]]]}}, {"type": "Feature", "properties": {"label": "Towns", "division": "Carpentaria Coast", "area_ha": 552186, "zone": false}, "geometry": {"type": "Polygon", "coordinates": [[[135.593, -15.048], [135.416, -15.225], [135.163, -15.262], [135.108, -15.405], [134.913, -15.497], [134.677, -15.752], [134.462, -15.592], [134.452, -15.507], [134.589, -15.393], [134.549, -15.281], [134.6, -15.224], [134.959, -15.02], [135.038, -14.905], [135.162, -14.903], [135.208, -14.795], [135.389, -14.755], [135.413, -14.954], [135.436, -14.914], [135.593, -15.048]]]}}, {"type": "Feature", "properties": {"label": "South-West Coast", "division": "Tasmania", "area_ha": 542126, "zone": false}, "geometry": {"type": "Polygon", "coordinates": [[[145.383, -42.407], [145.426, -42.612], [145.706, -42.7], [145.755, -42.861], [145.93, -42.852], [146.259, -43.061], [146.25, -43.138], [146.597, -43.307], [146.677, -43.512], [146.804, -43.346], [146.765, -43.227], [147.091, -43.283], [146.972, -43.327], [147.06, -43.353], [147.018, -43.443], [146.921, -43.417], [147.002, -43.478], [146.9, -43.517], [146.922, -43.6], [146.703, -43.633], [146.562, -43.466], [146.587, -43.539], [146.288, -43.545], [146.234, -43.49], [146.03, -43.573], [145.997, -43.407], [145.919, -43.381], [145.993, -43.394], [145.975, -43.351], [145.987, -43.328], [146.08, -43.37], [146.125, -43.352], [146.157, -43.392], [146.22, -43.386], [146.231, -43.325], [146.004, -43.335], [145.93, -43.187], [145.864, -43.273], [145.924, -43.268], [145.927, -43.304], [145.841, -43.316], [145.795, -43.192], [145.663, -43.098], [145.682, -43.051], [145.591, -42.973], [145.495, -42.992], [145.367, -42.657], [145.262, -42.622], [145.303, -42.572], [145.167, -42.195], [145.383, -42.407]]]}}, {"type": "Feature", "properties": {"label": "Rosie", "division": "Carpentaria Coast", "area_ha": 509276, "zone": false}, "geometry": {"type": "Polygon", "coordinates": [[[136.483, -15.681], [136.275, -15.875], [136.09, -15.847], [135.774, -16.051], [135.625, -15.899], [135.652, -15.82], [135.507, -15.717], [135.693, -15.563], [135.738, -15.113], [136.212, -15.393], [136.32, -15.612], [136.483, -15.681]]]}}, {"type": "Feature", "properties": {"label": "Collie-Preston", "division": "South West Coast", "area_ha": 494516, "zone": false}, "geometry": {"type": "Polygon", "coordinates": [[[115.815, -33.028], [116.086, -33.177], [116.167, -33.073], [116.317, -33.086], [116.543, -33.175], [116.701, -33.377], [116.572, -33.49], [116.616, -33.554], [116.422, -33.551], [116.392, -33.732], [116.112, -33.615], [115.941, -33.711], [115.872, -33.626], [115.722, -33.593], [115.731, -33.489], [115.626, -33.334], [115.688, -33.112], [115.734, -33.227], [115.815, -33.028]]]}}, {"type": "Feature", "properties": {"label": "Wildman", "division": "Tanami-Timor Sea Coast", "area_ha": 479723, "zone": false}, "geometry": {"type": "Polygon", "coordinates": [[[132.298, -12.388], [132.435, -12.721], [132.366, -12.844], [132.224, -12.903], [132.033, -13.196], [131.84, -12.964], [131.801, -12.257], [131.888, -12.214], [132.072, -12.312], [132.237, -12.17], [132.259, -12.286], [132.35, -12.199], [132.298, -12.388]]]}}, {"type": "Feature", "properties": {"label": "Embley", "division": "Carpentaria Coast", "area_ha": 476298, "zone": false}, "geometry": {"type": "Polygon", "coordinates": [[[141.896, -11.954], [141.909, -12.368], [142.342, -12.528], [142.407, -12.952], [142.217, -13.001], [142.112, -12.962], [142.0, -13.063], [141.854, -13.002], [141.831, -12.926], [141.67, -12.897], [141.806, -12.679], [141.818, -12.698], [141.875, -12.673], [141.831, -12.641], [141.96, -12.592], [141.82, -12.602], [141.692, -12.515], [141.738, -12.469], [141.66, -12.455], [141.695, -12.559], [141.592, -12.564], [141.716, -12.235], [141.772, -12.252], [141.814, -12.242], [141.726, -12.229], [141.896, -11.954]]]}}, {"type": "Feature", "properties": {"label": "Smithton-Burnie Coast", "division": "Tasmania", "area_ha": 472481, "zone": false}, "geometry": {"type": "MultiPolygon", "coordinates": [[[[145.07, -40.801], [145.246, -40.807], [145.26, -40.712], [145.308, -40.847], [145.506, -40.851], [145.811, -41.031], [146.248, -41.157], [146.221, -41.255], [146.069, -41.339], [146.07, -41.459], [145.944, -41.455], [145.793, -41.56], [145.721, -41.503], [145.756, -41.358], [145.67, -41.271], [145.586, -41.247], [145.573, -41.178], [145.489, -41.176], [145.499, -41.134], [145.286, -41.048], [145.252, -41.008], [145.075, -41.098], [144.813, -41.04], [144.713, -40.957], [144.672, -41.039], [144.607, -41.01], [144.608, -40.937], [144.713, -40.856], [144.677, -40.724], [144.725, -40.642], [144.766, -40.739], [144.923, -40.765], [145.018, -40.731], [145.07, -40.801]], [[146.178, -41.267], [146.179, -41.267], [146.179, -41.267], [146.178, -41.267]], [[145.756, -41.358], [145.756, -41.358], [145.756, -41.358], [145.756, -41.358]], [[145.255, -41.012], [145.256, -41.012], [145.255, -41.012], [145.255, -41.012]], [[144.713, -40.957], [144.714, -40.957], [144.713, -40.957], [144.713, -40.957]], [[144.714, -40.957], [144.714, -40.957], [144.714, -40.957], [144.714, -40.957]]], [[[144.929, -40.623], [145.05, -40.68], [145.068, -40.715], [144.882, -40.736], [144.929, -40.623]]]]}}, {"type": "Feature", "properties": {"label": "Hastings", "division": "South East Coast (NSW)", "area_ha": 449646, "zone": false}, "geometry": {"type": "Polygon", "coordinates": [[[151.976, -31.318], [152.15, -31.281], [152.152, -31.186], [152.236, -31.105], [152.386, -31.167], [152.985, -31.153], [152.913, -31.425], [152.908, -31.406], [152.888, -31.402], [152.892, -31.397], [152.889, -31.388], [152.872, -31.418], [152.855, -31.374], [152.84, -31.366], [152.768, -31.4], [152.808, -31.417], [152.795, -31.424], [152.785, -31.435], [152.766, -31.438], [152.763, -31.442], [152.786, -31.436], [152.829, -31.406], [152.873, -31.422], [152.903, -31.407], [152.939, -31.473], [152.853, -31.534], [152.761, -31.772], [152.549, -31.749], [152.384, -31.614], [152.158, -31.631], [152.144, -31.425], [151.976, -31.318]]]}}, {"type": "Feature", "properties": {"label": "Gawler", "division": "South Australian Gulf", "area_ha": 444369, "zone": false}, "geometry": {"type": "Polygon", "coordinates": [[[138.962, -34.038], [139.022, -34.042], [139.127, -34.315], [139.09, -34.405], [139.171, -34.48], [139.102, -34.622], [139.02, -34.64], [139.053, -34.735], [138.877, -34.792], [138.734, -34.617], [138.455, -34.692], [138.265, -34.48], [138.232, -34.325], [138.395, -34.336], [138.507, -34.19], [138.658, -34.202], [138.76, -34.105], [138.801, -33.948], [138.958, -33.966], [138.962, -34.038]]]}}, {"type": "Feature", "properties": {"label": "Kangaroo Island", "division": "South Australian Gulf", "area_ha": 443426, "zone": false}, "geometry": {"type": "Polygon", "coordinates": [[[137.599, -35.946], [137.603, -36.01], [137.455, -36.079], [137.372, -35.998], [137.21, -35.976], [137.131, -36.035], [136.704, -36.064], [136.533, -35.876], [136.588, -35.748], [137.622, -35.561], [137.57, -35.632], [137.644, -35.655], [137.579, -35.727], [137.78, -35.724], [137.804, -35.758], [137.747, -35.801], [137.746, -35.822], [137.757, -35.843], [137.779, -35.785], [137.853, -35.795], [137.906, -35.717], [138.127, -35.803], [138.041, -35.905], [137.743, -35.852], [137.599, -35.946]], [[137.774, -35.82], [137.774, -35.82], [137.774, -35.82], [137.774, -35.82]], [[137.774, -35.82], [137.773, -35.819], [137.773, -35.82], [137.774, -35.82]]]}}, {"type": "Feature", "properties": {"label": "Karuah", "division": "South East Coast (NSW)", "area_ha": 439935, "zone": false}, "geometry": {"type": "Polygon", "coordinates": [[[151.856, -32.852], [151.857, -32.665], [151.8, -32.612], [151.918, -32.442], [151.65, -32.102], [152.063, -32.186], [152.07, -32.071], [152.187, -31.993], [152.374, -32.046], [152.423, -31.973], [152.554, -31.985], [152.505, -32.147], [152.571, -32.215], [152.54, -32.443], [152.335, -32.527], [152.205, -32.701], [152.147, -32.678], [152.172, -32.674], [152.171, -32.636], [152.083, -32.688], [151.974, -32.66], [151.959, -32.614], [151.944, -32.612], [151.966, -32.599], [151.973, -32.585], [151.995, -32.582], [151.999, -32.573], [151.962, -32.535], [151.939, -32.614], [151.969, -32.666], [151.942, -32.676], [151.979, -32.705], [151.93, -32.737], [152.043, -32.738], [152.019, -32.74], [151.953, -32.776], [151.927, -32.779], [151.923, -32.783], [151.966, -32.777], [152.02, -32.747], [152.052, -32.753], [152.063, -32.698], [152.184, -32.739], [151.856, -32.852]]]}}, {"type": "Feature", "properties": {"label": "Warren", "division": "South West Coast", "area_ha": 425812, "zone": false}, "geometry": {"type": "Polygon", "coordinates": [[[116.888, -34.207], [116.823, -34.21], [116.838, -34.266], [116.622, -34.467], [116.381, -34.47], [116.339, -34.554], [116.153, -34.575], [116.08, -34.648], [115.868, -34.647], [115.801, -34.588], [115.865, -34.473], [115.938, -34.461], [115.931, -34.31], [116.043, -34.234], [116.143, -34.254], [116.129, -34.157], [116.19, -34.163], [116.197, -34.088], [116.415, -34.043], [116.491, -34.109], [116.938, -33.907], [117.146, -33.942], [117.127, -33.997], [116.993, -34.01], [116.888, -34.207]]]}}, {"type": "Feature", "properties": {"label": "Haughton", "division": "North East Coast", "area_ha": 421607, "zone": false}, "geometry": {"type": "Polygon", "coordinates": [[[147.21, -19.916], [146.942, -19.988], [146.873, -19.917], [146.643, -19.911], [146.591, -19.741], [146.498, -19.697], [146.557, -19.679], [146.586, -19.51], [146.78, -19.698], [146.943, -19.49], [146.88, -19.347], [147.015, -19.182], [147.126, -19.461], [147.135, -19.407], [147.253, -19.454], [147.44, -19.421], [147.455, -19.389], [147.42, -19.322], [147.406, -19.313], [147.407, -19.311], [147.427, -19.325], [147.448, -19.356], [147.543, -19.54], [147.367, -19.588], [147.237, -19.762], [147.21, -19.916]]]}}, {"type": "Feature", "properties": {"label": "Olive-Pascoe", "division": "North East Coast", "area_ha": 417051, "zone": false}, "geometry": {"type": "Polygon", "coordinates": [[[142.677, -12.073], [142.907, -12.135], [142.924, -12.044], [143.1, -12.043], [143.08, -12.345], [143.247, -12.379], [143.277, -12.484], [143.238, -12.515], [143.24, -12.524], [143.383, -12.585], [143.231, -12.634], [143.188, -12.728], [143.286, -12.956], [143.243, -13.061], [142.959, -12.983], [142.899, -12.819], [142.986, -12.635], [142.89, -12.525], [142.927, -12.437], [142.782, -12.42], [142.639, -12.18], [142.677, -12.073]]]}}, {"type": "Feature", "properties": {"label": "Pieman", "division": "Tasmania", "area_ha": 416302, "zone": false}, "geometry": {"type": "Polygon", "coordinates": [[[145.459, -41.423], [145.417, -41.496], [145.9, -41.527], [145.859, -41.646], [145.943, -41.67], [145.961, -41.851], [146.065, -41.907], [146.011, -42.051], [145.691, -41.888], [145.607, -41.947], [145.588, -41.853], [145.385, -41.802], [145.163, -41.927], [144.917, -41.71], [145.044, -41.523], [145.001, -41.433], [145.166, -41.374], [145.219, -41.286], [145.405, -41.314], [145.459, -41.423]]]}}, {"type": "Feature", "properties": {"label": "Logan-Albert", "division": "North East Coast", "area_ha": 414992, "zone": false}, "geometry": {"type": "Polygon", "coordinates": [[[153.174, -27.437], [153.319, -27.581], [153.34, -27.695], [153.327, -27.694], [153.308, -27.708], [153.292, -27.692], [153.255, -27.692], [153.251, -27.698], [153.309, -27.713], [153.329, -27.696], [153.346, -27.699], [153.215, -27.788], [153.126, -28.073], [153.168, -28.295], [153.102, -28.358], [152.88, -28.31], [152.758, -28.367], [152.615, -28.27], [152.58, -28.339], [152.526, -28.307], [152.458, -28.221], [152.577, -28.035], [152.835, -27.785], [152.984, -27.738], [153.174, -27.437]]]}}, {"type": "Feature", "properties": {"label": "Baffle Creek", "division": "North East Coast", "area_ha": 410196, "zone": false}, "geometry": {"type": "Polygon", "coordinates": [[[151.568, -24.711], [151.5, -24.493], [151.427, -24.461], [151.459, -24.35], [151.363, -24.194], [151.45, -24.138], [151.355, -23.991], [151.362, -23.932], [151.446, -24.09], [151.443, -24.026], [151.563, -24.112], [151.565, -24.036], [151.681, -24.105], [151.626, -23.973], [151.729, -24.023], [151.715, -24.085], [151.74, -24.002], [151.765, -24.015], [151.753, -24.123], [151.855, -24.206], [151.888, -24.149], [152.026, -24.531], [152.156, -24.681], [152.0, -24.8], [151.955, -24.702], [151.842, -24.792], [151.731, -24.647], [151.568, -24.711]]]}}, {"type": "Feature", "properties": {"label": "Bunyip", "division": "South East Coast (Victoria)", "area_ha": 406756, "zone": false}, "geometry": {"type": "MultiPolygon", "coordinates": [[[[145.303, -38.282], [145.451, -38.305], [145.502, -38.353], [145.27, -38.41], [145.303, -38.282]]], [[[145.492, -37.956], [145.688, -37.88], [145.962, -37.924], [145.973, -38.098], [145.884, -38.137], [145.903, -38.348], [145.613, -38.379], [145.514, -38.339], [145.487, -38.235], [145.304, -38.214], [145.197, -38.302], [145.235, -38.41], [145.129, -38.39], [145.036, -38.488], [144.889, -38.501], [144.648, -38.303], [144.831, -38.37], [144.987, -38.319], [145.125, -38.111], [145.01, -37.969], [145.194, -37.816], [145.291, -37.784], [145.492, -37.956]], [[145.791, -37.919], [145.791, -37.919], [145.791, -37.919], [145.791, -37.919]]]]}}, {"type": "Feature", "properties": {"label": "Avoca", "division": "Murray-Darling Basin", "area_ha": 400534, "zone": false}, "geometry": {"type": "Polygon", "coordinates": [[[143.562, -36.124], [143.388, -36.217], [143.417, -36.428], [143.499, -36.479], [143.579, -36.414], [143.693, -36.59], [143.627, -36.657], [143.538, -37.156], [143.341, -37.298], [143.367, -37.114], [143.222, -37.046], [143.265, -36.945], [143.223, -36.618], [143.302, -36.493], [143.243, -36.373], [143.269, -36.28], [143.368, -36.249], [143.34, -36.145], [143.438, -35.85], [143.749, -35.668], [143.769, -35.798], [143.597, -35.954], [143.659, -36.226], [143.562, -36.124]]]}}, {"type": "Feature", "properties": {"label": "Portland Coast", "division": "South East Coast (Victoria)", "area_ha": 395772, "zone": false}, "geometry": {"type": "Polygon", "coordinates": [[[141.293, -38.172], [141.364, -38.029], [141.522, -38.059], [141.738, -37.985], [141.735, -37.901], [141.881, -37.805], [142.019, -37.823], [142.099, -37.909], [142.295, -37.89], [142.262, -37.989], [142.345, -38.068], [142.412, -38.241], [142.338, -38.359], [142.192, -38.398], [141.921, -38.275], [141.703, -38.258], [141.6, -38.318], [141.65, -38.393], [141.543, -38.433], [141.463, -38.363], [141.363, -38.377], [141.398, -38.333], [141.293, -38.172]]]}}, {"type": "Feature", "properties": {"label": "Otway Coast", "division": "South East Coast (Victoria)", "area_ha": 389959, "zone": false}, "geometry": {"type": "Polygon", "coordinates": [[[144.142, -38.168], [144.417, -38.288], [144.037, -38.475], [143.867, -38.672], [143.555, -38.857], [142.729, -38.526], [143.002, -38.397], [143.073, -38.267], [143.211, -38.231], [143.282, -38.303], [143.228, -38.439], [143.627, -38.434], [143.735, -38.623], [144.023, -38.4], [144.041, -38.267], [144.142, -38.168]]]}}, {"type": "Feature", "properties": {"label": "Morning Inlet", "division": "Carpentaria Coast", "area_ha": 383286, "zone": false}, "geometry": {"type": "Polygon", "coordinates": [[[140.65, -18.153], [140.404, -18.374], [140.297, -18.335], [140.294, -18.227], [140.108, -18.189], [140.018, -17.992], [140.172, -17.708], [140.583, -17.638], [140.687, -17.985], [140.65, -18.153]]]}}, {"type": "Feature", "properties": {"label": "Campaspe", "division": "Murray-Darling Basin", "area_ha": 381581, "zone": false}, "geometry": {"type": "Polygon", "coordinates": [[[144.766, -36.146], [144.778, -36.282], [144.704, -36.347], [144.753, -36.611], [144.724, -36.78], [144.659, -36.822], [144.75, -36.875], [144.828, -37.063], [144.743, -37.135], [144.71, -37.103], [144.575, -37.263], [144.618, -37.375], [144.427, -37.46], [144.245, -37.423], [144.313, -37.094], [144.243, -36.857], [144.322, -36.76], [144.486, -36.726], [144.609, -36.519], [144.566, -36.036], [144.766, -36.146]]]}}, {"type": "Feature", "properties": {"label": "Shoalwater Creek", "division": "North East Coast", "area_ha": 376751, "zone": false}, "geometry": {"type": "MultiPolygon", "coordinates": [[[[150.515, -22.563], [150.582, -22.731], [150.468, -22.795], [150.379, -22.755], [150.378, -22.865], [150.284, -22.885], [150.212, -22.991], [149.944, -22.713], [149.884, -22.72], [149.899, -22.592], [149.836, -22.566], [149.816, -22.395], [149.915, -22.532], [149.951, -22.526], [150.017, -22.635], [150.043, -22.66], [150.052, -22.661], [150.064, -22.657], [149.913, -22.345], [149.969, -22.348], [149.918, -22.275], [150.045, -22.126], [150.18, -22.362], [150.515, -22.563]], [[150.368, -22.855], [150.368, -22.855], [150.368, -22.855], [150.368, -22.855]]], [[[149.903, -22.052], [149.932, -22.189], [149.893, -22.246], [149.858, -22.221], [149.903, -22.052]]]]}}, {"type": "Feature", "properties": {"label": "Jeannie", "division": "North East Coast", "area_ha": 368175, "zone": false}, "geometry": {"type": "Polygon", "coordinates": [[[145.178, -15.174], [144.955, -15.163], [145.012, -14.928], [144.852, -14.871], [144.742, -14.904], [144.719, -14.74], [144.471, -14.63], [144.485, -14.507], [144.377, -14.395], [144.28, -14.422], [144.202, -14.26], [144.339, -14.307], [144.524, -14.169], [144.597, -14.261], [144.587, -14.362], [144.651, -14.359], [144.619, -14.472], [144.683, -14.552], [144.91, -14.613], [145.044, -14.813], [145.23, -14.832], [145.282, -14.955], [145.349, -14.947], [145.22, -15.13], [145.267, -15.256], [145.354, -15.262], [145.24, -15.258], [145.178, -15.174]]]}}, {"type": "Feature", "properties": {"label": "Piper-Ringarooma", "division": "Tasmania", "area_ha": 355298, "zone": false}, "geometry": {"type": "Polygon", "coordinates": [[[148.07, -40.977], [148.026, -41.192], [147.871, -41.233], [147.809, -41.343], [147.627, -41.355], [147.577, -41.283], [147.303, -41.26], [147.233, -41.371], [147.12, -41.284], [147.084, -41.165], [146.941, -41.125], [146.884, -41.032], [147.022, -40.981], [147.137, -41.037], [147.281, -40.942], [147.442, -41.004], [147.67, -40.82], [147.888, -40.88], [147.975, -40.738], [148.034, -40.796], [147.978, -40.868], [148.07, -40.977]]]}}, {"type": "Feature", "properties": {"label": "Bellinger", "division": "South East Coast (NSW)", "area_ha": 344776, "zone": false}, "geometry": {"type": "Polygon", "coordinates": [[[153.361, -29.474], [153.02, -30.648], [152.991, -30.653], [152.952, -30.707], [152.912, -30.698], [152.941, -30.712], [152.965, -30.705], [153.003, -30.657], [152.992, -30.675], [152.991, -30.682], [152.987, -30.687], [152.983, -30.702], [152.985, -30.703], [152.993, -30.682], [152.993, -30.675], [153.009, -30.654], [152.997, -30.762], [152.763, -30.924], [152.664, -30.862], [152.683, -30.813], [152.393, -30.443], [152.605, -30.371], [152.693, -30.4], [152.761, -30.333], [152.838, -30.352], [152.822, -30.309], [153.022, -30.341], [153.111, -30.265], [153.135, -30.157], [153.077, -30.07], [153.157, -29.998], [153.127, -29.896], [153.197, -29.707], [153.307, -29.598], [153.345, -29.482], [153.361, -29.474]]]}}, {"type": "Feature", "properties": {"label": "Burrum", "division": "North East Coast", "area_ha": 337134, "zone": false}, "geometry": {"type": "Polygon", "coordinates": [[[152.903, -25.283], [152.916, -25.42], [152.896, -25.389], [152.893, -25.347], [152.753, -25.287], [152.526, -25.518], [152.308, -25.588], [152.272, -25.482], [152.142, -25.504], [152.07, -25.214], [152.223, -24.962], [152.427, -24.872], [152.41, -24.819], [152.413, -24.757], [152.53, -25.08], [152.633, -25.153], [152.53, -25.157], [152.538, -25.226], [152.617, -25.183], [152.661, -25.259], [152.903, -25.283]]]}}, {"type": "Feature", "properties": {"label": "Jardine", "division": "Carpentaria Coast", "area_ha": 330494, "zone": false}, "geometry": {"type": "Polygon", "coordinates": [[[142.448, -10.844], [142.372, -11.066], [142.657, -11.111], [142.731, -11.299], [142.812, -11.342], [142.791, -11.579], [142.702, -11.684], [142.438, -11.525], [142.243, -11.169], [142.281, -11.092], [142.126, -10.983], [142.134, -10.949], [142.163, -10.928], [142.2, -10.914], [142.208, -10.915], [142.2, -10.922], [142.189, -10.92], [142.187, -10.923], [142.205, -10.923], [142.212, -10.946], [142.25, -10.964], [142.216, -10.922], [142.352, -10.883], [142.437, -10.709], [142.532, -10.687], [142.557, -10.737], [142.448, -10.844]]]}}, {"type": "Feature", "properties": {"label": "Huon", "division": "Tasmania", "area_ha": 328129, "zone": false}, "geometry": {"type": "Polygon", "coordinates": [[[146.427, -42.782], [146.647, -42.924], [146.648, -42.853], [146.698, -42.852], [146.875, -42.955], [146.937, -42.884], [147.189, -42.878], [147.142, -43.007], [147.188, -43.167], [147.104, -43.252], [147.094, -43.169], [147.063, -43.225], [146.985, -43.19], [146.983, -43.178], [146.994, -43.172], [146.998, -43.145], [147.007, -43.138], [147.021, -43.094], [147.041, -43.061], [147.045, -43.049], [147.044, -43.048], [146.965, -43.191], [147.064, -43.248], [147.1, -43.292], [146.765, -43.227], [146.804, -43.346], [146.679, -43.513], [146.597, -43.306], [146.25, -43.138], [146.259, -43.062], [146.131, -43.006], [146.328, -42.94], [146.307, -42.855], [146.427, -42.782]]]}}, {"type": "Feature", "properties": {"label": "Clyde River-Jervis Bay", "division": "South East Coast (NSW)", "area_ha": 327858, "zone": false}, "geometry": {"type": "Polygon", "coordinates": [[[149.965, -35.449], [150.002, -35.475], [150.05, -35.31], [150.25, -35.189], [150.256, -35.112], [150.318, -35.171], [150.512, -34.959], [150.768, -34.929], [150.85, -35.013], [150.805, -35.095], [150.786, -34.993], [150.663, -35.02], [150.757, -35.168], [150.609, -35.173], [150.467, -35.301], [150.494, -35.368], [150.277, -35.723], [150.233, -35.702], [150.144, -35.697], [150.239, -35.792], [150.155, -35.879], [149.91, -35.692], [149.965, -35.449]]]}}, {"type": "Feature", "properties": {"label": "Eyre Peninsula", "division": "South Australian Gulf", "area_ha": 327696, "zone": false}, "geometry": {"type": "Polygon", "coordinates": [[[135.396, -34.448], [135.719, -34.298], [135.848, -34.35], [135.905, -34.292], [136.108, -34.362], [136.097, -34.54], [136.058, -34.479], [135.94, -34.521], [135.938, -34.649], [135.858, -34.644], [135.891, -34.753], [135.786, -34.809], [135.979, -34.785], [135.996, -34.725], [136.003, -34.987], [135.947, -35.006], [135.768, -34.857], [135.624, -34.948], [135.473, -34.743], [135.324, -34.687], [135.342, -34.629], [135.256, -34.553], [135.108, -34.588], [135.207, -34.428], [135.223, -34.499], [135.353, -34.522], [135.298, -34.552], [135.365, -34.642], [135.51, -34.62], [135.432, -34.603], [135.445, -34.537], [135.405, -34.507], [135.422, -34.602], [135.388, -34.595], [135.396, -34.448]]]}}, {"type": "Feature", "properties": {"label": "Busselton Coast", "division": "South West Coast", "area_ha": 308583, "zone": false}, "geometry": {"type": "Polygon", "coordinates": [[[115.757, -33.733], [115.571, -33.761], [115.313, -33.993], [115.153, -33.97], [115.043, -34.093], [115.142, -34.356], [115.035, -34.271], [114.979, -33.963], [115.003, -33.53], [115.205, -33.651], [115.367, -33.64], [115.65, -33.335], [115.722, -33.593], [115.872, -33.626], [115.93, -33.705], [115.875, -33.824], [115.757, -33.733]]]}}, {"type": "Feature", "properties": {"label": "Don", "division": "North East Coast", "area_ha": 308461, "zone": false}, "geometry": {"type": "Polygon", "coordinates": [[[148.267, -20.264], [148.294, -20.562], [148.139, -20.522], [148.113, -20.573], [148.002, -20.425], [148.031, -20.321], [147.903, -20.269], [147.785, -20.091], [147.68, -20.129], [147.574, -20.051], [147.575, -19.983], [147.687, -19.92], [147.675, -19.83], [147.77, -19.857], [147.812, -19.835], [147.753, -19.706], [147.848, -19.731], [147.873, -19.895], [148.005, -19.926], [148.079, -19.88], [148.261, -19.975], [148.169, -20.138], [148.267, -20.264]]]}}, {"type": "Feature", "properties": {"label": "Styx", "division": "North East Coast", "area_ha": 305651, "zone": false}, "geometry": {"type": "Polygon", "coordinates": [[[149.454, -22.844], [149.314, -22.349], [149.391, -22.257], [149.369, -22.117], [149.42, -22.055], [149.6, -22.252], [149.598, -22.283], [149.551, -22.295], [149.53, -22.338], [149.514, -22.329], [149.506, -22.333], [149.504, -22.339], [149.532, -22.342], [149.567, -22.299], [149.628, -22.3], [149.658, -22.357], [149.618, -22.351], [149.588, -22.363], [149.581, -22.37], [149.582, -22.379], [149.6, -22.386], [149.581, -22.408], [149.607, -22.386], [149.585, -22.37], [149.607, -22.357], [149.704, -22.366], [149.704, -22.459], [149.634, -22.535], [149.632, -22.573], [149.813, -22.383], [149.836, -22.566], [149.901, -22.613], [149.895, -22.733], [149.755, -22.767], [149.696, -22.864], [149.454, -22.844]]]}}, {"type": "Feature", "properties": {"label": "Wakefield", "division": "South Australian Gulf", "area_ha": 304996, "zone": false}, "geometry": {"type": "Polygon", "coordinates": [[[138.131, -33.743], [138.193, -33.583], [138.418, -33.618], [138.451, -33.677], [138.547, -33.627], [138.584, -33.901], [138.837, -33.892], [138.901, -33.948], [138.801, -33.948], [138.76, -34.105], [138.658, -34.202], [138.507, -34.19], [138.399, -34.335], [138.226, -34.347], [138.129, -34.181], [138.292, -34.143], [138.289, -34.003], [138.26, -33.839], [138.131, -33.743]]]}}, {"type": "Feature", "properties": {"label": "Jacky Jacky Creek", "division": "North East Coast", "area_ha": 301204, "zone": false}, "geometry": {"type": "Polygon", "coordinates": [[[143.032, -12.019], [142.907, -12.135], [142.7, -12.075], [142.615, -11.92], [142.791, -11.579], [142.811, -11.337], [142.731, -11.299], [142.657, -11.111], [142.361, -11.037], [142.453, -10.816], [142.567, -10.722], [142.61, -10.751], [142.5, -10.956], [142.423, -10.989], [142.527, -10.982], [142.532, -10.921], [142.533, -10.942], [142.565, -10.934], [142.562, -10.974], [142.564, -10.977], [142.567, -10.976], [142.589, -10.867], [142.58, -10.96], [142.676, -10.955], [142.64, -10.979], [142.658, -11.055], [142.672, -10.975], [142.748, -10.992], [142.793, -11.276], [142.869, -11.382], [142.856, -11.843], [142.97, -11.931], [143.097, -11.892], [143.165, -11.99], [143.212, -11.954], [143.245, -11.973], [143.137, -12.083], [143.032, -12.019]]]}}, {"type": "Feature", "properties": {"label": "Kolan", "division": "North East Coast", "area_ha": 292458, "zone": false}, "geometry": {"type": "Polygon", "coordinates": [[[151.47, -24.536], [151.568, -24.711], [151.731, -24.647], [151.842, -24.792], [151.962, -24.703], [151.997, -24.8], [152.127, -24.717], [152.151, -24.629], [152.179, -24.69], [152.196, -24.652], [152.358, -24.737], [152.359, -24.797], [152.199, -24.821], [151.713, -25.159], [151.704, -25.092], [151.547, -25.093], [151.549, -24.834], [151.456, -24.85], [151.343, -24.722], [151.345, -24.641], [151.47, -24.536]]]}}, {"type": "Feature", "properties": {"label": "Lockhart", "division": "North East Coast", "area_ha": 289227, "zone": false}, "geometry": {"type": "Polygon", "coordinates": [[[143.383, -12.585], [143.439, -12.624], [143.358, -12.799], [143.356, -12.928], [143.418, -12.949], [143.407, -12.866], [143.545, -12.842], [143.503, -13.124], [143.598, -13.436], [143.505, -13.801], [143.335, -13.723], [143.31, -13.478], [143.389, -13.332], [143.32, -13.289], [143.349, -13.167], [143.275, -13.112], [143.241, -12.993], [143.286, -12.956], [143.188, -12.729], [143.231, -12.634], [143.383, -12.585]]]}}, {"type": "Feature", "properties": {"label": "Bega", "division": "South East Coast (NSW)", "area_ha": 283583, "zone": false}, "geometry": {"type": "Polygon", "coordinates": [[[149.95, -36.856], [149.485, -36.82], [149.465, -36.655], [149.378, -36.595], [149.538, -36.366], [149.601, -36.341], [149.753, -36.427], [149.905, -36.291], [150.104, -36.329], [149.95, -36.856]]]}}, {"type": "Feature", "properties": {"label": "Stewart", "division": "North East Coast", "area_ha": 276395, "zone": false}, "geometry": {"type": "Polygon", "coordinates": [[[143.712, -14.438], [143.41, -14.385], [143.357, -14.221], [143.274, -14.207], [143.185, -14.046], [143.35, -13.76], [143.46, -13.803], [143.534, -13.763], [143.678, -14.01], [143.743, -14.325], [143.712, -14.438]], [[143.721, -14.277], [143.72, -14.276], [143.721, -14.277], [143.721, -14.277]]]}}, {"type": "Feature", "properties": {"label": "Denmark", "division": "South West Coast", "area_ha": 266520, "zone": false}, "geometry": {"type": "Polygon", "coordinates": [[[117.744, -34.627], [117.685, -34.87], [117.837, -34.99], [117.65, -35.058], [117.639, -35.135], [117.285, -35.026], [117.2, -34.933], [117.208, -34.791], [117.068, -34.762], [117.187, -34.733], [117.153, -34.617], [117.431, -34.522], [117.744, -34.627]]]}}, {"type": "Feature", "properties": {"label": "Plane Creek", "division": "North East Coast", "area_ha": 261435, "zone": false}, "geometry": {"type": "Polygon", "coordinates": [[[149.399, -21.558], [149.488, -21.543], [149.438, -21.642], [149.48, -21.745], [149.455, -21.727], [149.449, -21.727], [149.425, -21.746], [149.424, -21.762], [149.467, -21.82], [149.46, -21.831], [149.441, -21.836], [149.435, -21.844], [149.472, -21.841], [149.464, -21.93], [149.521, -22.026], [149.515, -22.077], [149.567, -22.171], [149.555, -22.188], [149.27, -21.921], [149.29, -21.804], [149.208, -21.777], [149.169, -21.614], [149.193, -21.501], [149.087, -21.49], [149.075, -21.39], [148.882, -21.309], [148.827, -21.182], [149.157, -21.165], [149.213, -21.241], [149.172, -21.322], [149.306, -21.25], [149.316, -21.394], [149.28, -21.391], [149.266, -21.401], [149.33, -21.41], [149.338, -21.428], [149.298, -21.427], [149.298, -21.47], [149.27, -21.473], [149.263, -21.477], [149.263, -21.482], [149.295, -21.535], [149.402, -21.488], [149.399, -21.558]]]}}, {"type": "Feature", "properties": {"label": "Proserpine", "division": "North East Coast", "area_ha": 257760, "zone": false}, "geometry": {"type": "Polygon", "coordinates": [[[148.267, -20.264], [148.169, -20.138], [148.22, -20.045], [148.32, -20.136], [148.401, -20.161], [148.407, -20.18], [148.417, -20.184], [148.48, -20.122], [148.445, -20.065], [148.564, -20.067], [148.582, -20.197], [148.677, -20.176], [148.68, -20.278], [148.77, -20.236], [148.932, -20.535], [148.824, -20.5], [148.823, -20.469], [148.804, -20.448], [148.805, -20.427], [148.797, -20.422], [148.764, -20.48], [148.689, -20.439], [148.673, -20.44], [148.663, -20.453], [148.717, -20.493], [148.673, -20.57], [148.283, -20.508], [148.267, -20.264]]]}}, {"type": "Feature", "properties": {"label": "Boyne", "division": "North East Coast", "area_ha": 253722, "zone": false}, "geometry": {"type": "Polygon", "coordinates": [[[151.443, -24.184], [151.363, -24.195], [151.459, -24.35], [151.427, -24.464], [151.509, -24.517], [151.299, -24.67], [151.196, -24.643], [151.169, -24.479], [150.988, -24.349], [150.953, -24.215], [151.243, -24.061], [151.258, -23.831], [151.293, -23.94], [151.305, -23.902], [151.33, -23.87], [151.443, -24.184]]]}}, {"type": "Feature", "properties": {"label": "Kent", "division": "South West Coast", "area_ha": 249801, "zone": false}, "geometry": {"type": "Polygon", "coordinates": [[[117.552, -34.374], [117.545, -34.549], [117.224, -34.58], [117.153, -34.617], [117.187, -34.735], [117.07, -34.756], [117.208, -34.791], [117.2, -34.933], [117.287, -35.024], [116.847, -35.05], [116.889, -34.986], [116.797, -34.899], [116.83, -34.819], [116.888, -34.825], [116.942, -34.555], [117.16, -34.463], [117.19, -34.323], [117.375, -34.304], [117.552, -34.374]]]}}, {"type": "Feature", "properties": {"label": "Arthur", "division": "Tasmania", "area_ha": 249407, "zone": false}, "geometry": {"type": "Polygon", "coordinates": [[[144.713, -40.957], [144.813, -41.04], [145.073, -41.098], [145.252, -41.008], [145.573, -41.178], [145.756, -41.358], [145.77, -41.447], [145.717, -41.506], [145.417, -41.496], [145.467, -41.417], [145.406, -41.315], [145.235, -41.283], [145.164, -41.375], [144.945, -41.42], [144.88, -41.211], [144.646, -41.047], [144.713, -40.957]]]}}, {"type": "Feature", "properties": {"label": "O'Connell", "division": "North East Coast", "area_ha": 242101, "zone": false}, "geometry": {"type": "Polygon", "coordinates": [[[149.15, -21.119], [148.64, -21.041], [148.589, -20.852], [148.374, -20.702], [148.274, -20.512], [148.574, -20.579], [148.592, -20.578], [148.617, -20.552], [148.654, -20.54], [148.732, -20.642], [148.695, -20.691], [148.842, -20.792], [148.789, -20.817], [148.843, -20.824], [148.826, -20.897], [148.886, -20.849], [149.046, -20.903], [149.007, -21.011], [149.09, -20.976], [149.227, -21.068], [149.15, -21.119]]]}}, {"type": "Feature", "properties": {"label": "Groote Eylandt", "division": "Carpentaria Coast", "area_ha": 238407, "zone": false}, "geometry": {"type": "MultiPolygon", "coordinates": [[[[136.42, -14.152], [136.409, -13.832], [136.639, -13.784], [136.578, -13.687], [136.632, -13.72], [136.728, -13.652], [136.682, -13.741], [136.728, -13.844], [136.833, -13.848], [136.841, -13.746], [136.908, -13.767], [136.858, -13.913], [136.773, -13.945], [136.807, -14.038], [136.699, -14.123], [136.73, -14.192], [136.786, -14.193], [136.776, -14.144], [136.863, -14.212], [136.914, -14.137], [136.963, -14.166], [136.951, -14.305], [136.755, -14.258], [136.649, -14.297], [136.429, -14.196], [136.326, -14.245], [136.42, -14.152]], [[136.42, -14.152], [136.42, -14.152], [136.42, -14.152], [136.42, -14.152]]], [[[136.467, -13.739], [136.532, -13.704], [136.542, -13.77], [136.519, -13.793], [136.467, -13.739]]]]}}, {"type": "Feature", "properties": {"label": "Johnstone", "division": "North East Coast", "area_ha": 231182, "zone": false}, "geometry": {"type": "Polygon", "coordinates": [[[145.645, -17.285], [145.724, -17.445], [145.824, -17.495], [145.928, -17.504], [145.96, -17.439], [146.069, -17.484], [146.033, -17.523], [146.15, -17.65], [146.04, -17.913], [145.81, -17.749], [145.673, -17.737], [145.628, -17.629], [145.538, -17.606], [145.543, -17.503], [145.478, -17.481], [145.645, -17.285]]]}}, {"type": "Feature", "properties": {"label": "Calliope", "division": "North East Coast", "area_ha": 224563, "zone": false}, "geometry": {"type": "Polygon", "coordinates": [[[151.228, -23.818], [151.242, -24.062], [150.97, -24.195], [150.937, -24.282], [150.719, -24.138], [150.685, -23.95], [150.849, -23.97], [150.891, -23.857], [151.005, -23.804], [150.979, -23.556], [151.215, -23.823], [151.187, -23.866], [151.187, -23.87], [151.195, -23.879], [151.19, -23.885], [151.189, -23.895], [151.182, -23.903], [151.183, -23.913], [151.177, -23.91], [151.168, -23.915], [151.168, -23.916], [151.184, -23.913], [151.228, -23.818]]]}}, {"type": "Feature", "properties": {"label": "Towamba", "division": "South East Coast (NSW)", "area_ha": 220179, "zone": false}, "geometry": {"type": "Polygon", "coordinates": [[[149.94, -36.903], [149.86, -37.098], [150.007, -37.141], [150.052, -37.263], [149.945, -37.274], [149.978, -37.502], [149.913, -37.528], [149.817, -37.428], [149.857, -37.39], [149.717, -37.297], [149.713, -37.135], [149.414, -37.14], [149.377, -36.876], [149.87, -36.843], [149.94, -36.903]]]}}, {"type": "Feature", "properties": {"label": "Barron", "division": "North East Coast", "area_ha": 219669, "zone": false}, "geometry": {"type": "Polygon", "coordinates": [[[145.523, -16.671], [145.777, -16.88], [145.711, -16.916], [145.694, -17.045], [145.615, -17.05], [145.69, -17.214], [145.488, -17.458], [145.321, -17.012], [145.411, -16.968], [145.399, -16.74], [145.523, -16.671]]]}}, {"type": "Feature", "properties": {"label": "Tully-Murray", "division": "North East Coast", "area_ha": 218718, "zone": false}, "geometry": {"type": "Polygon", "coordinates": [[[145.993, -18.122], [145.804, -18.225], [145.685, -18.169], [145.709, -18.106], [145.524, -17.918], [145.552, -17.622], [146.029, -17.912], [146.099, -17.832], [146.121, -17.855], [145.993, -18.122]]]}}, {"type": "Feature", "properties": {"label": "Daintree", "division": "North East Coast", "area_ha": 218467, "zone": false}, "geometry": {"type": "Polygon", "coordinates": [[[145.327, -15.791], [145.378, -15.843], [145.353, -15.927], [145.464, -16.038], [145.437, -16.177], [145.488, -16.277], [145.331, -16.451], [145.191, -16.395], [144.985, -16.183], [145.085, -16.12], [145.07, -15.968], [145.246, -15.918], [145.327, -15.791]]]}}, {"type": "Feature", "properties": {"label": "Tuross", "division": "South East Coast (NSW)", "area_ha": 216733, "zone": false}, "geometry": {"type": "Polygon", "coordinates": [[[150.164, -35.992], [150.108, -36.334], [149.918, -36.288], [149.753, -36.427], [149.601, -36.341], [149.515, -36.419], [149.416, -36.273], [149.62, -35.962], [149.673, -36.057], [150.073, -35.985], [150.164, -35.992]]]}}, {"type": "Feature", "properties": {"label": "Endeavour", "division": "North East Coast", "area_ha": 212342, "zone": false}, "geometry": {"type": "Polygon", "coordinates": [[[145.327, -15.791], [145.221, -15.878], [145.137, -15.804], [145.167, -15.64], [144.974, -15.587], [144.909, -15.502], [145.023, -15.213], [145.178, -15.174], [145.24, -15.258], [145.354, -15.262], [145.232, -15.463], [145.323, -15.57], [145.377, -15.841], [145.327, -15.791]]]}}, {"type": "Feature", "properties": {"label": "Werribee", "division": "South East Coast (Victoria)", "area_ha": 202501, "zone": false}, "geometry": {"type": "Polygon", "coordinates": [[[144.365, -37.407], [144.671, -37.534], [144.91, -37.871], [144.653, -38.0], [144.632, -37.887], [144.47, -37.77], [144.195, -37.752], [144.22, -37.623], [144.115, -37.43], [144.365, -37.407]]]}}, {"type": "Feature", "properties": {"label": "Flinders-Cape Barren Islands", "division": "Tasmania", "area_ha": 201805, "zone": false}, "geometry": {"type": "MultiPolygon", "coordinates": [[[[148.246, -40.479], [148.199, -40.59], [148.095, -40.533], [148.134, -40.501], [148.246, -40.479]]], [[[148.333, -40.291], [148.482, -40.433], [148.398, -40.49], [148.31, -40.428], [148.227, -40.467], [147.987, -40.418], [148.08, -40.339], [148.333, -40.291]]], [[[147.944, -39.719], [148.18, -39.949], [148.289, -39.967], [148.223, -40.122], [148.287, -40.075], [148.331, -40.212], [148.089, -40.269], [148.007, -40.105], [147.857, -40.022], [147.889, -39.923], [147.747, -39.874], [147.944, -39.719]]]]}}, {"type": "Feature", "properties": {"label": "Mulgrave-Russell", "division": "North East Coast", "area_ha": 198525, "zone": false}, "geometry": {"type": "Polygon", "coordinates": [[[145.919, -16.864], [145.957, -16.905], [145.889, -17.053], [145.97, -17.215], [145.954, -17.228], [145.945, -17.212], [145.937, -17.211], [145.922, -17.218], [146.073, -17.395], [146.077, -17.501], [146.026, -17.444], [145.864, -17.505], [145.727, -17.448], [145.628, -17.255], [145.69, -17.209], [145.615, -17.05], [145.694, -17.045], [145.722, -16.896], [145.796, -17.009], [145.794, -16.908], [145.919, -16.864]]]}}, {"type": "Feature", "properties": {"label": "Mersey", "division": "Tasmania", "area_ha": 197271, "zone": false}, "geometry": {"type": "Polygon", "coordinates": [[[146.464, -41.276], [146.561, -41.343], [146.5, -41.361], [146.563, -41.525], [146.434, -41.672], [146.475, -41.735], [146.353, -41.756], [146.239, -41.925], [146.11, -41.945], [146.096, -41.912], [146.057, -41.906], [146.034, -41.872], [146.19, -41.677], [146.157, -41.48], [146.289, -41.348], [146.254, -41.153], [146.534, -41.118], [146.464, -41.276]]]}}, {"type": "Feature", "properties": {"label": "Noosa", "division": "North East Coast", "area_ha": 195947, "zone": false}, "geometry": {"type": "Polygon", "coordinates": [[[152.836, -26.276], [152.976, -26.154], [152.864, -26.021], [152.972, -25.997], [152.801, -25.84], [152.73, -25.581], [152.8, -25.511], [152.953, -25.431], [152.863, -25.553], [152.875, -25.692], [152.987, -25.772], [152.983, -25.793], [152.938, -25.797], [152.92, -25.813], [152.922, -25.828], [153.02, -25.828], [152.982, -25.909], [153.033, -25.933], [153.003, -25.953], [153.009, -25.977], [153.019, -25.986], [153.06, -25.913], [153.048, -25.808], [153.111, -25.925], [153.193, -25.932], [153.039, -26.374], [153.12, -26.379], [153.095, -26.5], [152.836, -26.276]]]}}, {"type": "Feature", "properties": {"label": "Water Park Creek", "division": "North East Coast", "area_ha": 189053, "zone": false}, "geometry": {"type": "MultiPolygon", "coordinates": [[[[150.698, -22.554], [150.706, -22.63], [150.749, -22.635], [150.752, -22.531], [150.785, -22.528], [150.777, -22.638], [150.837, -22.685], [150.801, -22.933], [150.722, -22.905], [150.761, -23.002], [150.778, -22.961], [150.75, -23.135], [150.832, -23.255], [150.74, -23.293], [150.8, -23.339], [150.815, -23.444], [150.787, -23.482], [150.668, -23.266], [150.73, -23.178], [150.702, -22.964], [150.595, -22.897], [150.612, -22.786], [150.508, -22.617], [150.512, -22.553], [150.542, -22.603], [150.56, -22.56], [150.583, -22.614], [150.578, -22.584], [150.612, -22.637], [150.622, -22.641], [150.626, -22.654], [150.635, -22.657], [150.567, -22.52], [150.627, -22.566], [150.65, -22.537], [150.532, -22.446], [150.587, -22.461], [150.53, -22.402], [150.562, -22.316], [150.646, -22.345], [150.614, -22.385], [150.662, -22.452], [150.667, -22.346], [150.756, -22.449], [150.725, -22.518], [150.653, -22.479], [150.698, -22.554]], [[150.696, -22.554], [150.696, -22.554], [150.696, -22.554], [150.696, -22.554]], [[150.805, -23.412], [150.805, -23.412], [150.805, -23.412], [150.805, -23.412]], [[150.727, -23.187], [150.727, -23.187], [150.727, -23.187], [150.727, -23.187]], [[150.515, -22.562], [150.516, -22.562], [150.515, -22.562], [150.515, -22.562]], [[150.516, -22.562], [150.516, -22.562], [150.516, -22.562], [150.516, -22.562]]], [[[150.486, -22.35], [150.459, -22.297], [150.48, -22.206], [150.562, -22.295], [150.486, -22.35]], [[150.502, -22.308], [150.502, -22.308], [150.502, -22.308], [150.502, -22.308]], [[150.498, -22.304], [150.499, -22.304], [150.498, -22.304], [150.498, -22.304]]]]}}, {"type": "Feature", "properties": {"label": "Shannon", "division": "South West Coast", "area_ha": 188380, "zone": false}, "geometry": {"type": "Polygon", "coordinates": [[[116.49, -35.017], [116.002, -34.843], [115.868, -34.647], [116.08, -34.648], [116.153, -34.575], [116.339, -34.554], [116.381, -34.47], [116.471, -34.473], [116.501, -34.555], [116.405, -34.706], [116.622, -34.942], [116.49, -35.017]]]}}, {"type": "Feature", "properties": {"label": "King-Henty", "division": "Tasmania", "area_ha": 179333, "zone": false}, "geometry": {"type": "Polygon", "coordinates": [[[145.343, -41.809], [145.482, -41.867], [145.568, -41.846], [145.607, -41.947], [145.691, -41.888], [145.924, -42.015], [145.804, -42.051], [145.786, -42.162], [145.589, -42.196], [145.544, -42.267], [145.347, -42.205], [145.334, -42.152], [145.227, -42.222], [145.256, -42.064], [145.165, -41.922], [145.301, -41.89], [145.343, -41.809]]]}}, {"type": "Feature", "properties": {"label": "Donnelly", "division": "South West Coast", "area_ha": 174059, "zone": false}, "geometry": {"type": "Polygon", "coordinates": [[[115.925, -34.35], [115.938, -34.461], [115.865, -34.473], [115.803, -34.587], [115.607, -34.439], [115.638, -34.239], [115.768, -34.178], [115.906, -34.0], [116.087, -34.083], [116.18, -34.027], [116.302, -34.05], [116.129, -34.157], [116.143, -34.254], [116.037, -34.237], [115.925, -34.35]]]}}, {"type": "Feature", "properties": {"label": "Sydney Coast-Georges", "division": "South East Coast (NSW)", "area_ha": 173917, "zone": false}, "geometry": {"type": "Polygon", "coordinates": [[[151.057, -34.032], [150.949, -34.263], [150.806, -34.243], [150.767, -34.078], [150.873, -33.81], [150.948, -33.738], [151.312, -33.68], [151.302, -33.824], [151.272, -33.801], [151.246, -33.853], [151.142, -33.807], [151.18, -33.837], [151.169, -33.844], [151.149, -33.838], [151.136, -33.845], [151.093, -33.821], [151.07, -33.817], [151.055, -33.823], [151.189, -33.875], [151.267, -33.87], [151.282, -33.833], [151.25, -34.002], [151.17, -33.948], [151.158, -34.02], [151.222, -34.038], [151.057, -34.032]]]}}, {"type": "Feature", "properties": {"label": "Kiewa", "division": "Murray-Darling Basin", "area_ha": 171215, "zone": false}, "geometry": {"type": "Polygon", "coordinates": [[[147.003, -36.138], [147.125, -36.551], [147.215, -36.67], [147.308, -36.69], [147.269, -36.784], [147.349, -36.863], [147.136, -36.977], [147.104, -36.688], [146.936, -36.61], [146.945, -36.474], [146.735, -36.416], [146.802, -36.266], [146.857, -36.261], [146.811, -36.213], [146.947, -36.113], [147.003, -36.138]]]}}, {"type": "Feature", "properties": {"label": "Fraser Island", "division": "North East Coast", "area_ha": 168035, "zone": false}, "geometry": {"type": "Polygon", "coordinates": [[[153.256, -24.697], [153.271, -24.896], [153.36, -25.007], [153.051, -25.797], [152.937, -25.574], [153.052, -25.345], [153.051, -25.243], [152.993, -25.221], [153.233, -24.978], [153.119, -24.812], [153.256, -24.697]]]}}, {"type": "Feature", "properties": {"label": "Maroochy", "division": "North East Coast", "area_ha": 161037, "zone": false}, "geometry": {"type": "Polygon", "coordinates": [[[153.072, -26.915], [153.068, -27.052], [153.146, -27.077], [153.08, -27.102], [152.841, -26.944], [152.929, -26.821], [152.853, -26.611], [152.876, -26.467], [152.998, -26.418], [153.095, -26.5], [153.102, -26.643], [153.052, -26.615], [153.044, -26.627], [153.139, -26.68], [153.151, -26.803], [153.125, -26.807], [153.081, -26.897], [153.132, -26.814], [153.207, -27.086], [153.165, -27.098], [153.072, -26.915]]]}}, {"type": "Feature", "properties": {"label": "Macquarie-Tuggerah Lakes", "division": "South East Coast (NSW)", "area_ha": 157544, "zone": false}, "geometry": {"type": "Polygon", "coordinates": [[[151.583, -32.887], [151.732, -32.999], [151.58, -33.282], [151.476, -33.408], [151.293, -33.362], [151.205, -33.133], [151.583, -32.887]]]}}, {"type": "Feature", "properties": {"label": "Pioneer", "division": "North East Coast", "area_ha": 155361, "zone": false}, "geometry": {"type": "Polygon", "coordinates": [[[148.622, -21.005], [149.15, -21.119], [149.227, -21.068], [149.236, -21.107], [149.172, -21.132], [149.194, -21.2], [148.979, -21.137], [148.828, -21.181], [148.876, -21.303], [148.99, -21.353], [148.907, -21.384], [148.901, -21.472], [148.711, -21.347], [148.544, -21.365], [148.569, -21.177], [148.487, -21.135], [148.622, -21.005]]]}}, {"type": "Feature", "properties": {"label": "Pine", "division": "North East Coast", "area_ha": 148999, "zone": false}, "geometry": {"type": "Polygon", "coordinates": [[[152.842, -26.978], [153.094, -27.072], [153.024, -27.126], [153.111, -27.256], [153.058, -27.236], [153.02, -27.293], [153.155, -27.363], [153.13, -27.422], [152.836, -27.418], [152.684, -27.273], [152.842, -26.978]]]}}, {"type": "Feature", "properties": {"label": "Moruya", "division": "South East Coast (NSW)", "area_ha": 148384, "zone": false}, "geometry": {"type": "Polygon", "coordinates": [[[149.75, -35.533], [150.007, -35.814], [150.153, -35.875], [150.066, -35.894], [150.162, -35.908], [150.153, -35.986], [149.673, -36.057], [149.678, -35.653], [149.75, -35.533]]]}}, {"type": "Feature", "properties": {"label": "Torrens", "division": "South Australian Gulf", "area_ha": 145213, "zone": false}, "geometry": {"type": "Polygon", "coordinates": [[[139.078, -34.732], [138.974, -34.895], [138.901, -34.869], [138.716, -34.956], [138.674, -35.065], [138.537, -35.054], [138.478, -34.782], [138.508, -34.828], [138.562, -34.804], [138.458, -34.695], [138.734, -34.617], [138.877, -34.793], [139.078, -34.732]]]}}, {"type": "Feature", "properties": {"label": "Ross", "division": "North East Coast", "area_ha": 138591, "zone": false}, "geometry": {"type": "MultiPolygon", "coordinates": [[[[146.738, -19.18], [146.91, -19.305], [146.943, -19.487], [146.772, -19.7], [146.56, -19.441], [146.632, -19.405], [146.589, -19.338], [146.67, -19.195], [146.738, -19.18]]], [[[146.779, -19.129], [146.884, -19.127], [146.846, -19.182], [146.779, -19.129]]]]}}, {"type": "Feature", "properties": {"label": "South Coast", "division": "North East Coast", "area_ha": 133500, "zone": false}, "geometry": {"type": "Polygon", "coordinates": [[[153.348, -27.695], [153.449, -28.083], [153.552, -28.165], [153.223, -28.263], [153.126, -28.073], [153.215, -27.788], [153.348, -27.695]]]}}, {"type": "Feature", "properties": {"label": "Mornington Island", "division": "Carpentaria Coast", "area_ha": 125554, "zone": false}, "geometry": {"type": "MultiPolygon", "coordinates": [[[[139.442, -17.102], [139.394, -17.083], [139.492, -16.979], [139.578, -17.094], [139.442, -17.102]], [[139.442, -17.101], [139.441, -17.101], [139.441, -17.101], [139.442, -17.101]]], [[[139.145, -16.694], [139.186, -16.733], [139.14, -16.755], [139.145, -16.694]]], [[[139.22, -16.693], [139.15, -16.633], [139.307, -16.462], [139.358, -16.457], [139.358, -16.465], [139.374, -16.477], [139.399, -16.478], [139.359, -16.457], [139.55, -16.39], [139.699, -16.479], [139.711, -16.533], [139.594, -16.555], [139.58, -16.505], [139.558, -16.492], [139.563, -16.479], [139.562, -16.474], [139.557, -16.468], [139.548, -16.463], [139.475, -16.522], [139.509, -16.578], [139.483, -16.557], [139.45, -16.572], [139.451, -16.668], [139.375, -16.625], [139.314, -16.73], [139.22, -16.693]], [[139.4, -16.477], [139.4, -16.477], [139.4, -16.477], [139.4, -16.477]], [[139.222, -16.693], [139.222, -16.692], [139.222, -16.692], [139.222, -16.693]]]]}}, {"type": "Feature", "properties": {"label": "Ward", "division": "Carpentaria Coast", "area_ha": 113449, "zone": false}, "geometry": {"type": "Polygon", "coordinates": [[[141.91, -13.037], [141.807, -13.33], [141.684, -13.347], [141.739, -13.32], [141.74, -13.293], [141.737, -13.289], [141.728, -13.286], [141.735, -13.276], [141.73, -13.267], [141.736, -13.262], [141.733, -13.259], [141.655, -13.341], [141.692, -13.239], [141.582, -12.998], [141.629, -12.914], [141.831, -12.926], [141.91, -13.037]]]}}, {"type": "Feature", "properties": {"label": "Forth", "division": "Tasmania", "area_ha": 112562, "zone": false}, "geometry": {"type": "Polygon", "coordinates": [[[146.157, -41.48], [146.19, -41.677], [146.081, -41.756], [146.068, -41.857], [145.962, -41.852], [145.952, -41.682], [145.859, -41.646], [145.888, -41.517], [145.944, -41.455], [146.07, -41.459], [146.059, -41.353], [146.208, -41.273], [146.254, -41.153], [146.289, -41.348], [146.157, -41.48]]]}}, {"type": "Feature", "properties": {"label": "King Island", "division": "Tasmania", "area_ha": 110853, "zone": false}, "geometry": {"type": "Polygon", "coordinates": [[[143.867, -40.077], [143.843, -39.716], [143.951, -39.578], [144.111, -39.67], [144.134, -39.978], [143.929, -40.163], [143.867, -40.077]]]}}, {"type": "Feature", "properties": {"label": "Little", "division": "South East Coast (Victoria)", "area_ha": 107747, "zone": false}, "geometry": {"type": "Polygon", "coordinates": [[[144.652, -38.001], [144.318, -38.14], [144.278, -37.895], [144.178, -37.823], [144.217, -37.748], [144.378, -37.732], [144.632, -37.887], [144.652, -38.001]]]}}, {"type": "Feature", "properties": {"label": "Tweed", "division": "South East Coast (NSW)", "area_ha": 107625, "zone": false}, "geometry": {"type": "Polygon", "coordinates": [[[153.16, -28.524], [153.108, -28.376], [153.177, -28.249], [153.552, -28.165], [153.502, -28.267], [153.55, -28.171], [153.584, -28.256], [153.34, -28.534], [153.16, -28.524]]]}}, {"type": "Feature", "properties": {"label": "Black", "division": "North East Coast", "area_ha": 105894, "zone": false}, "geometry": {"type": "Polygon", "coordinates": [[[146.383, -19.163], [146.238, -19.014], [146.167, -19.013], [146.168, -18.951], [146.306, -18.909], [146.455, -19.075], [146.678, -19.19], [146.589, -19.338], [146.621, -19.425], [146.47, -19.374], [146.383, -19.163]]]}}, {"type": "Feature", "properties": {"label": "Fleurieu Peninsula", "division": "South Australian Gulf", "area_ha": 99579, "zone": false}, "geometry": {"type": "Polygon", "coordinates": [[[138.59, -35.389], [138.675, -35.537], [138.526, -35.642], [138.095, -35.625], [138.325, -35.417], [138.59, -35.389]]]}}, {"type": "Feature", "properties": {"label": "Coal", "division": "Tasmania", "area_ha": 94269, "zone": false}, "geometry": {"type": "Polygon", "coordinates": [[[147.523, -42.472], [147.52, -42.663], [147.76, -42.76], [147.606, -42.87], [147.621, -42.843], [147.596, -42.786], [147.447, -42.757], [147.48, -42.826], [147.514, -42.812], [147.521, -42.828], [147.578, -42.825], [147.613, -42.845], [147.463, -42.881], [147.328, -42.759], [147.393, -42.657], [147.282, -42.548], [147.445, -42.4], [147.523, -42.472]]]}}, {"type": "Feature", "properties": {"label": "Onkaparinga", "division": "South Australian Gulf", "area_ha": 93000, "zone": false}, "geometry": {"type": "Polygon", "coordinates": [[[138.972, -34.895], [138.792, -35.138], [138.41, -35.371], [138.517, -35.035], [138.672, -35.066], [138.716, -34.956], [138.901, -34.869], [138.972, -34.895]]]}}, {"type": "Feature", "properties": {"label": "Sandy Cape Coast", "division": "Tasmania", "area_ha": 86555, "zone": false}, "geometry": {"type": "Polygon", "coordinates": [[[144.813, -41.132], [144.943, -41.418], [145.049, -41.465], [145.02, -41.595], [144.921, -41.668], [144.745, -41.421], [144.782, -41.381], [144.685, -41.246], [144.664, -41.065], [144.813, -41.132]]]}}, {"type": "Feature", "properties": {"label": "Wollongong Coast", "division": "South East Coast (NSW)", "area_ha": 79036, "zone": false}, "geometry": {"type": "Polygon", "coordinates": [[[150.853, -34.714], [150.622, -34.558], [150.88, -34.362], [151.012, -34.066], [151.057, -34.032], [151.152, -34.047], [151.082, -34.056], [151.172, -34.089], [150.924, -34.324], [150.853, -34.714]]]}}, {"type": "Feature", "properties": {"label": "Kingston Coast", "division": "Tasmania", "area_ha": 76361, "zone": false}, "geometry": {"type": "MultiPolygon", "coordinates": [[[[147.321, -43.472], [147.247, -43.495], [147.227, -43.413], [147.146, -43.498], [147.092, -43.419], [147.18, -43.458], [147.179, -43.353], [147.235, -43.365], [147.291, -43.241], [147.307, -43.296], [147.356, -43.261], [147.384, -43.182], [147.276, -43.165], [147.357, -43.138], [147.307, -43.113], [147.358, -43.063], [147.433, -43.241], [147.324, -43.301], [147.383, -43.372], [147.321, -43.472]], [[147.321, -43.47], [147.321, -43.469], [147.321, -43.47], [147.321, -43.47]]], [[[147.194, -43.119], [147.142, -43.008], [147.173, -42.921], [147.358, -42.944], [147.344, -43.053], [147.272, -43.018], [147.242, -43.268], [147.167, -43.283], [147.128, -43.246], [147.194, -43.119]], [[147.195, -43.119], [147.195, -43.119], [147.195, -43.119], [147.195, -43.119]]]]}}, {"type": "Feature", "properties": {"label": "Rubicon", "division": "Tasmania", "area_ha": 66528, "zone": false}, "geometry": {"type": "Polygon", "coordinates": [[[146.773, -41.302], [146.565, -41.526], [146.5, -41.367], [146.561, -41.343], [146.462, -41.215], [146.536, -41.122], [146.598, -41.243], [146.564, -41.147], [146.648, -41.094], [146.773, -41.302]]]}}, {"type": "Feature", "properties": {"label": "Cardwell Coast", "division": "North East Coast", "area_ha": 62390, "zone": false}, "geometry": {"type": "Polygon", "coordinates": [[[145.993, -18.122], [146.021, -18.257], [146.14, -18.363], [146.164, -18.45], [146.196, -18.447], [146.194, -18.478], [146.213, -18.472], [146.217, -18.498], [146.12, -18.508], [145.966, -18.301], [145.812, -18.292], [145.793, -18.225], [145.993, -18.122]]]}}, {"type": "Feature", "properties": {"label": "Torres Strait Islands", "division": "Carpentaria Coast", "area_ha": 59752, "zone": false}, "geometry": {"type": "MultiPolygon", "coordinates": [[[[142.282, -10.716], [142.307, -10.722], [142.293, -10.734], [142.282, -10.716]]], [[[142.198, -10.594], [142.28, -10.706], [142.151, -10.766], [142.111, -10.661], [142.198, -10.594]]], [[[142.249, -10.586], [142.327, -10.614], [142.26, -10.638], [142.249, -10.586]]], [[[142.15, -10.59], [142.17, -10.606], [142.142, -10.602], [142.15, -10.59]]], [[[142.184, -10.551], [142.232, -10.537], [142.196, -10.576], [142.184, -10.551]]], [[[142.284, -10.528], [142.321, -10.539], [142.299, -10.542], [142.284, -10.528]]], [[[142.121, -10.369], [142.142, -10.375], [142.13, -10.388], [142.121, -10.369]]], [[[142.271, -10.117], [142.345, -10.17], [142.279, -10.261], [142.185, -10.192], [142.271, -10.117]]], [[[142.179, -10.06], [142.188, -10.15], [142.134, -10.18], [142.086, -10.114], [142.179, -10.06]]]]}}, {"type": "Feature", "properties": {"label": "Curtis Island", "division": "North East Coast", "area_ha": 59049, "zone": false}, "geometry": {"type": "Polygon", "coordinates": [[[151.06, -23.447], [151.193, -23.532], [151.238, -23.486], [151.285, -23.797], [151.172, -23.745], [151.194, -23.741], [151.23, -23.723], [151.247, -23.708], [151.166, -23.735], [151.046, -23.621], [150.977, -23.49], [151.06, -23.447]]]}}, {"type": "Feature", "properties": {"label": "Stradbroke Island", "division": "North East Coast", "area_ha": 50997, "zone": false}, "geometry": {"type": "MultiPolygon", "coordinates": [[[[153.375, -27.752], [153.407, -27.759], [153.396, -27.767], [153.375, -27.752]]], [[[153.364, -27.647], [153.416, -27.642], [153.389, -27.657], [153.398, -27.697], [153.374, -27.707], [153.364, -27.647]]], [[[153.348, -27.623], [153.377, -27.617], [153.363, -27.633], [153.348, -27.623]]], [[[153.455, -27.388], [153.547, -27.437], [153.417, -27.741], [153.393, -27.708], [153.421, -27.643], [153.398, -27.495], [153.455, -27.388]]], [[[153.456, -27.024], [153.418, -27.22], [153.44, -27.337], [153.427, -27.361], [153.363, -27.063], [153.456, -27.024]]]]}}, {"type": "Feature", "properties": {"label": "Brunswick", "division": "South East Coast (NSW)", "area_ha": 50906, "zone": false}, "geometry": {"type": "Polygon", "coordinates": [[[153.585, -28.256], [153.552, -28.53], [153.639, -28.636], [153.598, -28.678], [153.368, -28.493], [153.585, -28.256]]]}}, {"type": "Feature", "properties": {"label": "Mossman", "division": "North East Coast", "area_ha": 46837, "zone": false}, "geometry": {"type": "Polygon", "coordinates": [[[145.393, -16.556], [145.295, -16.537], [145.209, -16.416], [145.408, -16.424], [145.705, -16.793], [145.658, -16.81], [145.632, -16.726], [145.438, -16.639], [145.393, -16.556]]]}}, {"type": "Feature", "properties": {"label": "Hinchinbrook Island", "division": "North East Coast", "area_ha": 40760, "zone": false}, "geometry": {"type": "MultiPolygon", "coordinates": [[[[146.224, -18.194], [146.306, -18.24], [146.275, -18.318], [146.358, -18.419], [146.305, -18.494], [146.222, -18.477], [146.208, -18.369], [146.07, -18.247], [146.244, -18.295], [146.224, -18.194]]], [[[146.153, -18.175], [146.192, -18.166], [146.176, -18.182], [146.153, -18.175]]]]}}, {"type": "Feature", "properties": {"label": "Whitsunday Islands", "division": "North East Coast", "area_ha": 26078, "zone": false}, "geometry": {"type": "MultiPolygon", "coordinates": [[[[149.035, -20.461], [149.055, -20.437], [149.066, -20.453], [149.035, -20.461]]], [[[148.928, -20.369], [148.937, -20.343], [148.939, -20.382], [148.928, -20.369]]], [[[148.945, -20.363], [148.983, -20.351], [148.953, -20.378], [148.945, -20.363]]], [[[148.909, -20.258], [148.921, -20.272], [148.908, -20.275], [148.909, -20.258]]], [[[148.965, -20.156], [149.063, -20.295], [149.023, -20.323], [148.912, -20.291], [148.969, -20.24], [148.965, -20.156]]], [[[149.02, -20.162], [149.045, -20.156], [149.04, -20.183], [149.02, -20.162]]], [[[148.964, -20.063], [148.952, -20.157], [148.888, -20.17], [148.905, -20.07], [148.964, -20.063]]], [[[148.879, -20.059], [148.898, -20.049], [148.895, -20.063], [148.879, -20.059]]], [[[149.253, -20.808], [149.29, -20.824], [149.266, -20.828], [149.253, -20.808]]], [[[149.276, -20.794], [149.303, -20.791], [149.302, -20.805], [149.276, -20.794]]], [[[149.135, -20.687], [149.167, -20.685], [149.139, -20.697], [149.135, -20.687]]], [[[149.173, -20.674], [149.195, -20.673], [149.189, -20.691], [149.173, -20.674]]], [[[149.056, -20.628], [149.067, -20.627], [149.089, -20.663], [149.056, -20.628]]], [[[149.107, -20.547], [149.115, -20.554], [149.096, -20.549], [149.107, -20.547]]], [[[149.085, -20.436], [149.105, -20.485], [149.048, -20.525], [149.037, -20.504], [149.085, -20.436]]], [[[149.076, -20.27], [149.093, -20.302], [149.075, -20.303], [149.076, -20.27]]]]}}, {"type": "Feature", "properties": {"label": "Myponga", "division": "South Australian Gulf", "area_ha": 15458, "zone": false}, "geometry": {"type": "Polygon", "coordinates": [[[138.584, -35.289], [138.583, -35.39], [138.326, -35.417], [138.458, -35.377], [138.584, -35.289]]]}}]}