property_id,property_name,hectares,centroid_lat,centroid_lon,postcode,distance_from_albury_km,address,source_PROP_PFI,source_PR_LGAC,source_PR_PROPNUM,source_PR_PTYPE,source_PR_MULTASS,source_PR_STAT,source_PR_PFI_CR,source_PROP_UFI,source_PR_UFI_CR,source_PR_UFI_OLD,source_PR_TASKID,source_PROPV_PFI,source_PV_BASEPFI,source_PV_CNT_PFI,source_PV_GRTYPE,source_PV_ZLEVEL,source_PV_PFI_CR,source_PROPV_UFI,source_PV_UFI_CR,source_PV_UFI_OLD,source_PV_TASKID,enrichment_source,enrichment_confidence,enrichment_notes
45228026,Burrowye Beef,13370.73,-36.035763,147.442011,,47.81,MURRAY RIVER ROAD BURROWYE 3709,45228026,367,320068,O,N,A,,370100773,2008-10-30,,,539578,,129470655,P,G,,830450603,2024-02-18,665954313.0,,ABR (score=90 ABN=98577914119),High,
45353484,ORANGE GROVE MUDGEGONGA,6295.23,-36.512873,146.958995,,48.9,DE PIAZZAS LANE MUDGEGONGA 3737,45353484,300,NCPR,O,N,A,,869531529,2025-06-30,76375133.0,471610.0,4095392,,126820733,P,G,,825042552,2024-01-28,583261213.0,471610.0,ABR (score=84 ABN=52120545716),High,
129354414,Granya Cemetery Trust,6163.57,-36.110795,147.283042,,33.53,MT GRANYA ROAD GRANYA 3701,129354414,367,319500,O,Y,A,2008-09-24,370230825,2008-11-22,,,124635467,134167042,129355134,P,G,2005-05-09,868999104,2025-06-17,665954367.0,,ABR (score=82 ABN=21151190372),High,
134167043,Granya Cemetery Trust,6163.57,-36.110795,147.283042,,33.53,MT GRANYA ROAD GRANYA 3701,134167043,367,,G,N,A,,381788321,2012-02-14,,,134167042,,129355134,B,G,,868999105,2025-06-17,665954368.0,,ABR (score=82 ABN=21151190372),High,
124635468,The Granya Alternative,6163.57,-36.110795,147.283042,,33.53,GRANYA ROAD GRANYA 3701,124635468,367,319850,O,Y,A,2005-05-09,370230783,2008-11-22,,,124635467,134167042,129355134,P,G,2005-05-09,868999104,2025-06-17,665954367.0,,ABR (score=82 ABN=60491091431),High,
45226701,ESKDALE FARM,4432.18,-36.474962,147.159452,,49.71,STEELE TRACK ESKDALE 3701,45226701,367,NCPR,O,N,A,,534040588,2017-06-19,96861731.0,154494.0,4128272,,128566130,P,G,,564160439,2018-11-28,550790367.0,154494.0,ABR (score=99 ABN=97847328015),High,
52817647,UPPER GUNDOWRING RECREATION ROOMS INC. A 8466,3797.14,-36.475583,147.113425,,48.08,ESKDALE SPUR TRACK UPPER GUNDOWRING 3691,52817647,300,,O,N,A,,369676125,2008-09-12,,,4516494,,127554098,P,G,,595425668,2020-08-12,415882059.0,,ABR (score=82 ABN=15548702894),High,
45335305,,3102.69,-36.397873,146.981614,,36.49,ROBERT TRACK KERGUNYAH SOUTH 3691,45335305,300,,O,N,A,,369676138,2008-09-12,,,816640,,127538295,P,G,,577990017,2019-08-12,497030346.0,,none,None,
52574575,,2722.96,-36.390569,146.787419,,36.94,PIONEER ROAD STANLEY 3747,52574575,334,9326,O,N,A,,538752005,2017-09-18,525960131.0,165699.0,4183216,,127533567,P,G,,584783137,2020-01-09,415869602.0,165699.0,none,None,
45043699,Murramungee Angus Stud,2666.4,-36.472228,146.698468,,48.26,FLAGSTAFF ROAD MURMUNGEE 3747,45043699,368,19695,O,N,A,,586975636,2020-02-24,485069808.0,273114.0,416322,,127652930,P,G,,691120150,2022-10-11,679609742.0,273114.0,ABR (score=80 ABN=69726142806),High,
45224677,jarvis,2531.09,-36.13776,147.210033,,27.63,JARVIS CREEK ROAD JARVIS CREEK 3700,45224677,367,320069,O,N,A,,370100921,2008-10-30,,,535089,,129470653,P,G,,603390989,2021-01-28,586238489.0,,ABR (score=100 ABN=81797048381),High,
45330464,Leneva Pastoral,2370.35,-36.23029,146.900188,,17.42,RIDGE LANE LENEVA 3691,45330464,374,320278,O,N,A,,369676144,2008-09-12,,,1981686,,127531405,P,G,,869942883,2025-07-07,868367452.0,,ABR (score=92 ABN=86810304285),High,
45223885,TALLANDOON DAIRY,2223.62,-36.375681,147.17555,,40.96,ESKDALE SPUR ROAD TALLANDOON 3701,45223885,367,NCPR,O,N,A,,534040479,2017-06-19,96856462.0,154494.0,4128268,,127554976,P,G,,869966649,2025-07-07,415867360.0,154494.0,ABR (score=90 ABN=11947152871),High,
45223886,,2083.23,-36.362783,147.236035,,43.24,POWERLINE ROAD TALLANGATTA SOUTH 3701,45223886,367,NCPR,O,N,A,,534040295,2017-06-19,96856464.0,154494.0,533721,,127555198,P,G,,415870823,2013-10-21,379506955.0,154494.0,none,None,
45093309,BEECHWORTH INC,1926.68,-36.250367,146.670256,,29.38,OLD COACH ROAD BEECHWORTH 3747,45093309,334,,O,N,A,,96495962,1997-05-06,,,3870442,,127534855,P,G,,580676165,2019-10-02,414388991.0,,ABR (score=93 ABN=33138001347),High,
45223889,,1881.4,-36.331384,147.191651,,37.99,LOCKHARTS GAP ROAD TALLANGATTA SOUTH 3701,45223889,367,319945,O,N,A,,364578990,2007-08-15,,,4206771,,128560874,P,G,,570790853,2019-04-05,415869168.0,,none,None,
45093718,BEECHWORTH INC,1796.69,-36.295057,146.585492,,38.39,KANGAROO TRACK BEECHWORTH 3747,45093718,334,,O,N,A,,384711024,2012-11-16,76372103.0,,414710,,127533465,P,G,,415857034,2013-10-21,384692037.0,,ABR (score=93 ABN=33138001347),High,
52592408,EL DORADO CLOTHING PTY. LTD.,1656.55,-36.336908,146.585659,,41.5,NIEOFFS ROAD ELDORADO 3746,52592408,368,NCPR,O,N,A,,537214599,2017-08-18,485073870.0,1004.0,4213183,,128700374,P,G,,682404045,2022-07-18,537144974.0,1004.0,ABR (score=69 ABN=98113541987),Medium,
45223552,,1569.87,-36.272019,147.188478,,33.11,LOCKHARTS GAP TRACK TALLANGATTA SOUTH 3701,45223552,367,NCPR,O,N,A,,534039543,2017-06-19,96855767.0,154494.0,533357,,127555144,P,G,,570790848,2019-04-05,415855409.0,154494.0,none,None,
52574576,,1524.33,-36.359714,146.791946,,33.57,LONG TOM TRACK STANLEY 3747,52574576,334,,O,N,A,,362943603,2007-05-25,,,4183217,,128729471,P,G,,701620333,2022-11-25,606981822.0,,none,None,
45166234,INDIGO VALLEY EQUINE,1492.83,-36.238371,146.742341,,23.9,ROCKY TRACK INDIGO VALLEY 3688,45166234,334,,O,N,A,,96843027,2000-08-17,,,4138270,,127536943,P,G,,858494585,2024-10-30,820478100.0,,ABR (score=91 ABN=71922122191),High,
45335091,KIEWA BLOOMS,1426.1,-36.288441,146.996527,,24.97,BARTELS NORTH TRACK KIEWA 3691,45335091,334,,O,N,A,,96903678,2000-08-17,,,816442,,127538277,P,G,,594238689,2020-07-22,415858320.0,,ABR (score=83 ABN=36338784242),High,
45044177,ORANGE GROVE MUDGEGONGA,1365.74,-36.475621,146.902714,,44.61,BUTTERWORTHS LANE MUDGEGONGA 3737,45044177,300,NCPR,O,N,A,,869531530,2025-06-30,74391717.0,471610.0,4095394,,126819785,P,G,,415880492,2013-10-21,375468894.0,471610.0,ABR (score=84 ABN=52120545716),High,
45228261,KOETONG SOAPS,1362.1,-36.214948,147.434967,,49.48,TOZIERS TRACK KOETONG 3704,45228261,367,320082,O,N,A,,370183091,2008-11-13,,,539843,,128566580,P,G,,415851548,2013-10-21,367302626.0,,ABR (score=88 ABN=94996337669),High,
52598411,Gapsted Nuts,1327.56,-36.471425,146.731319,,47.07,MYRTLEFORD-STANLEY ROAD GAPSTED 3737,52598411,300,NCPR,O,N,A,,869531241,2025-06-30,79030054.0,471610.0,4225454,,126821031,P,G,,415880156,2013-10-21,362300257.0,471610.0,ABR (score=89 ABN=84875718921),High,
45335272,Glen,1269.15,-36.404132,146.937055,,36.73,BASIN TRACK GLEN CREEK 3691,45335272,300,,O,N,A,,486813061,2014-09-26,369676139.0,1004.0,816623,,127538289,P,G,,874553790,2025-10-13,855462914.0,1004.0,ABR (score=100 ABN=47181144726),High,
45043965,ORANGE GROVE MUDGEGONGA,1207.14,-36.473292,146.782675,,45.87,WAGON TRACK MUDGEGONGA 3737,45043965,300,NCPR,O,N,A,,869531052,2025-06-30,96816310.0,471610.0,416594,,128740035,P,G,,567737731,2019-02-04,415880675.0,471610.0,ABR (score=84 ABN=52120545716),High,
45224115,Talgarno Estate,1189.59,-36.101658,147.182018,,24.38,168 GEORGES CREEK ROAD TALGARNO 3691,45224115,367,225250,O,N,A,,203748991,2003-04-06,,,534505,,101583372,P,G,,603390978,2021-01-28,491798898.0,,ABR (score=88 ABN=14500379029),High,
45164179,CHILTERN BAKERY,1100.61,-36.161798,146.643745,,26.18,166 LANCASHIRE GAP ROAD CHILTERN 3683,45164179,334,3597,O,N,A,,204501280,2003-05-29,,,4096663,,101593617,P,G,,842379180,2024-04-21,674612182.0,,ABR (score=88 ABN=74013182621),High,
45164402,CHILTERN BAKERY,1086.97,-36.216521,146.57115,,34.65,WATERTRUST ROAD CHILTERN 3683,45164402,334,3720,O,N,A,,202053475,2002-12-19,,,429181,,127535359,P,G,,415853012,2013-10-21,363945122.0,,ABR (score=88 ABN=74013182621),High,
52803266,,1063.79,-36.445112,146.793772,,42.59,CIRCULAR CREEK ROAD STANLEY 3747,52803266,334,,O,N,A,,372597954,2009-11-06,,,4674529,,127534263,P,G,,415880213,2013-10-21,379322201.0,,none,None,
52548944,,999.15,-36.343879,146.746476,,33.53,TWIST CREEK ROAD STANLEY 3747,52548944,334,,O,N,A,,498259604,2015-06-17,202031514.0,65179.0,4142518,,128726397,P,G,,701620330,2022-11-25,584783135.0,65179.0,none,None,
5280918,Barnawartha North Cricket Club,988.44,-36.107705,146.788804,,11.85,419 PLUNKETTS ROAD BARNAWARTHA NORTH 3691,5280918,374,312017,O,N,A,,579078475,2019-08-30,385174886.0,1004.0,637438,,101259357,P,G,,855642076,2024-08-25,816945034.0,1004.0,ABR (score=88 ABN=71019673116),High,
52571810,CHILTERN BAKERY,985.07,-36.117401,146.625462,,26.39,RILEYS ROAD CHILTERN 3683,52571810,334,,O,N,A,,76366495,1999-01-20,,,4179288,,127533519,P,G,,842377875,2024-04-21,820478066.0,,ABR (score=88 ABN=74013182621),High,
124976412,Barnawartha North Cricket Club,969.95,-36.097588,146.731981,,16.56,OATES GAP ROAD BARNAWARTHA NORTH 3691,124976412,374,311271,O,Y,A,2005-07-18,493672970,2015-02-16,489591453.0,51102.0,636735,134178891,131178347,P,G,,816923949,2023-12-11,523864032.0,51102.0,ABR (score=88 ABN=71019673116),High,
124976410,Barnawartha North Cricket Club,969.95,-36.097588,146.731981,,16.56,OATES GAP ROAD BARNAWARTHA NORTH 3691,124976410,374,311270,O,Y,A,2005-07-18,493672969,2015-02-16,489591452.0,51102.0,636735,134178891,131178347,P,G,,816923949,2023-12-11,523864032.0,51102.0,ABR (score=88 ABN=71019673116),High,
5280025,Barnawartha North Cricket Club,969.95,-36.097588,146.731981,,16.56,1243 PLUNKETTS ROAD BARNAWARTHA NORTH 3691,5280025,374,312020,O,Y,A,,493672968,2015-02-16,489591451.0,51102.0,636735,134178891,131178347,P,G,,816923949,2023-12-11,523864032.0,51102.0,ABR (score=88 ABN=71019673116),High,
124976414,Barnawartha North Cricket Club,969.95,-36.097588,146.731981,,16.56,OATES GAP ROAD BARNAWARTHA NORTH 3691,124976414,374,311272,O,Y,A,2005-07-18,493672971,2015-02-16,489591454.0,51102.0,636735,134178891,131178347,P,G,,816923949,2023-12-11,523864032.0,51102.0,ABR (score=88 ABN=71019673116),High,
134178892,Barnawartha North Cricket Club,969.95,-36.097588,146.731981,,16.56,OATES GAP ROAD BARNAWARTHA NORTH 3691,134178892,374,322984,G,N,A,,553072934,2018-06-06,493672972.0,1005.0,134178891,,131178347,B,G,,816923948,2023-12-11,523864031.0,1005.0,ABR (score=88 ABN=71019673116),High,
429007431,Barnawartha North Cricket Club,969.95,-36.097588,146.731981,,16.56,631 COOKINBURRA ROAD BARNAWARTHA NORTH 3691,429007431,374,331625,O,Y,A,2018-10-10,561271353,2018-10-10,,216092.0,636735,134178891,131178347,P,G,,816923949,2023-12-11,523864032.0,216092.0,ABR (score=88 ABN=71019673116),High,
45336297,EL DORADO CONTRACTORS,932.14,-36.306437,146.546398,,41.92,RAMSAY ROAD ELDORADO 3746,45336297,368,NCPR,O,N,A,,485073904,2014-08-14,72598269.0,25294.0,4287776,,128682508,P,G,,415858054,2013-10-21,378145747.0,25294.0,ABR (score=70 ABN=82542143928),Medium,
5223660,The Granya Alternative,883.09,-36.078539,147.345185,,38.89,3234 MURRAY RIVER ROAD GRANYA 3701,5223660,367,215150,O,N,A,,385145186,2013-02-01,362194595.0,,540035,,126802566,P,G,,830450608,2024-02-18,590939380.0,,ABR (score=78 ABN=60491091431),Medium,
129186153,jarvis,861.33,-36.194418,147.162705,,26.13,2381 LAKE ROAD JARVIS CREEK 3700,129186153,367,312000,O,N,A,2008-07-11,590878568,2020-05-19,385208801.0,282510.0,129186152,,129234547,P,G,2008-07-11,591907251,2020-06-11,590878525.0,282510.0,ABR (score=100 ABN=81797048381),High,
45093694,BEECHWORTH INC,827.34,-36.281859,146.62312,,34.87,WARNERS TRACK BEECHWORTH 3747,45093694,334,,O,N,A,,96822183,2000-08-17,,,414646,,128739989,P,G,,415856761,2013-10-21,367997982.0,,ABR (score=93 ABN=33138001347),High,
52548555,,823.86,-36.388501,146.758285,,37.62,PINE ROAD STANLEY 3747,52548555,334,7532,O,N,A,,538758866,2017-09-18,538752000.0,1005.0,4141826,,128726393,P,G,,538758858,2017-09-18,415879513.0,1005.0,none,None,
45226700,TALLANDOON DAIRY,797.86,-36.407494,147.174862,,43.86,ESKDALE SPUR TRACK TALLANDOON 3701,45226700,367,NCPR,O,N,A,,534039990,2017-06-19,96861729.0,154494.0,4128267,,35068528,P,G,,869966656,2025-07-07,703678455.0,154494.0,ABR (score=90 ABN=11947152871),High,
53072749,CORNISHTOWN ACCIDENT REPAIR SPECIALISTS,795.93,-36.120751,146.595841,,29.08,WALLACES GULLY TRACK CORNISHTOWN 3683,53072749,334,9351,O,N,A,,482155127,2014-05-26,116052628.0,14605.0,4794247,,127538587,P,G,,842378052,2024-04-21,414387663.0,14605.0,ABR (score=80 ABN=39112232914),High,
45331917,BRUARONG PTY. LTD.,774.73,-36.391086,146.831586,,35.98,ESCARPMENT ROAD BRUARONG 3749,45331917,334,,O,N,A,,74387969,1997-05-23,,,4500303,,128726591,P,G,,530417845,2017-04-28,415870835.0,,ABR (score=86 ABN=74006043027),High,
45333633,,770.14,-36.343293,146.805914,,31.44,YACK GATE ROAD STANLEY 3747,45333633,334,,O,N,A,,369106340,2008-07-04,,,3836676,,128725629,P,G,,603021928,2021-01-20,584783121.0,,none,None,
45353047,DEDERANG STORE,755.77,-36.490089,146.990548,,46.72,NORTH HOUSE CREEK TRACK DEDERANG 3691,45353047,300,NCPR,O,N,A,,869531181,2025-06-30,94612185.0,471610.0,758512,,128738557,P,G,,415881976,2013-10-21,368524859.0,471610.0,ABR (score=89 ABN=21407043128),High,
45335303,YACKANDANDAH CAFE,687.75,-36.385745,146.917835,,34.63,MADDOCKS TRACK YACKANDANDAH 3749,45335303,334,,O,N,A,,96903772,2000-08-17,,,816639,,128740601,P,G,,843520993,2024-04-30,549049987.0,,ABR (score=93 ABN=12899841127),High,
129471977,The Granya Alternative,665.25,-36.126491,147.34224,,39.05,GRANYA ROAD GRANYA 3701,129471977,367,320077,O,N,A,2008-11-13,370184036,2008-11-13,,,129471976,,129485928,P,G,2008-11-13,415848517,2013-10-21,370225443.0,,ABR (score=82 ABN=60491091431),High,
45352475,,654.59,-36.347752,147.145346,,36.87,WILLIAMS TRACK SANDY CREEK 3695,45352475,334,,O,N,A,,96910355,2000-08-17,,,757753,,127537957,P,G,,869966644,2025-07-07,415863602.0,,none,None,
45093370,WOORAGEE SOAPS,650.8,-36.255972,146.740565,,25.52,RAMROD TRACK WOORAGEE 3747,45093370,334,,O,N,A,,96821677,2000-08-17,,,4138271,,127536945,P,G,,414389079,2013-10-21,363948294.0,,ABR (score=89 ABN=72924492315),High,
45224720,jarvis,646.09,-36.19369,147.221896,,30.79,457 JARVIS CREEK ROAD JARVIS CREEK 3700,45224720,367,304400,O,N,A,,561004411,2018-10-05,358335112.0,1004.0,535132,,101584479,P,G,,561077854,2018-10-08,560715865.0,1004.0,ABR (score=100 ABN=81797048381),High,
45227757,,639.55,-36.128161,147.390829,,43.41,RUGGI FIRELINE BULLIOH 3700,45227757,367,NCPR,O,N,A,,534039954,2017-06-19,96863669.0,154494.0,539062,,128566512,P,G,,665954351,2021-10-14,415842986.0,154494.0,none,None,
45091814,RUTHERGLEN BEEF,631.31,-36.022956,146.578999,,30.66,3210 MURRAY VALLEY HIGHWAY RUTHERGLEN 3685,45091814,334,5909,O,N,A,,355705500,2005-05-02,,,218084,,100269638,P,G,,842376008,2024-04-21,501718708.0,,ABR (score=92 ABN=17607219161),High,
45227321,BULLIOH FOOTBALL AND NETBALL CLUB INC,630.77,-36.218185,147.39805,,46.46,85 COOKS ROAD BULLIOH 3700,45227321,367,307350,O,N,A,,203744983,2003-04-06,,,538493,,125329151,P,G,,415854328,2013-10-21,378715720.0,,ABR (score=77 ABN=32421714664),Medium,
45043765,BEECHWORTH INC,619.92,-36.40549,146.714454,,40.93,SIX MILE ROAD BEECHWORTH 3747,45043765,334,,O,N,A,,96816137,2000-08-17,,,416391,,128740027,P,G,,415871870,2013-10-21,367998058.0,,ABR (score=93 ABN=33138001347),High,
44016504,LILLIPUT CAFE,606.42,-36.152586,146.519242,,36.56,88 BENNETTS ROAD LILLIPUT 3682,44016504,334,5775,O,N,A,,538753663,2017-09-18,375325668.0,165699.0,3255821,,101593665,P,G,,856953213,2024-09-26,538753661.0,165699.0,ABR (score=90 ABN=87633880690),High,
125435903,Barnawartha North Cricket Club,575.4,-36.104096,146.757084,,14.49,285-296 BLACK RANGE ROAD BARNAWARTHA NORTH 3691,125435903,374,,G,N,A,2006-02-08,377510714,2011-03-22,,,125435902,,5857334,B,G,2006-02-08,855642070,2024-08-25,816922255.0,,ABR (score=88 ABN=71019673116),High,
45335211,The Kergunyah Store,562.64,-36.341543,146.949282,,29.89,MEEHAN LANE KERGUNYAH 3691,45335211,334,4308,O,N,A,,202015666,2002-12-19,,,816592,,127536271,P,G,,415864879,2013-10-21,377292230.0,,ABR (score=85 ABN=57639950280),High,
45333613,WOORAGEE SOAPS,530.62,-36.303773,146.804849,,27.34,PLUNKETTS ROAD WOORAGEE 3747,45333613,334,,O,N,A,,364363500,2007-07-20,,,4139828,,128726375,P,G,,842379754,2024-04-21,820478173.0,,ABR (score=89 ABN=72924492315),High,
126311931,BONEGILLA ALPACAS,508.13,-36.188068,146.99217,,14.53,943 MAHERS ROAD BONEGILLA 3691,126311931,374,308909,O,N,A,2006-10-17,576949235,2019-07-19,385176718.0,1004.0,126311930,,135893928,P,G,2006-10-17,874336116,2025-10-08,816944524.0,1004.0,ABR (score=87 ABN=42596175857),High,
45089748,CARLYLE ABEL,506.94,-36.01103,146.522794,,35.89,285 UP RIVER ROAD CARLYLE 3685,45089748,334,5471,O,N,A,,355703606,2005-05-02,,,206903,,100264523,P,G,,842375871,2024-04-21,414385785.0,,ABR (score=89 ABN=66460789497),High,
52528138,DARTMOUTH LODGES,34500.87,-36.602669,147.644654,,88.06,BENAMBRA-CORRYONG ROAD DARTMOUTH 3701,52528138,367,320076,O,N,A,,370184427,2008-11-13,,,4098540,,129486002,P,G,,689340643,2022-09-12,672440545.0,,ABR (score=68 ABN=14406470637),Medium,
124174685,,18991.43,-36.085349,147.744842,,74.89,MURRAY RIVER ROAD PINE MOUNTAIN 3709,124174685,367,320071,O,N,A,2005-02-11,536225460,2017-07-31,372210901.0,159681.0,124174684,,131928023,P,G,2005-02-11,830450637,2024-02-18,673363842.0,159681.0,none,None,
52546480,,16898.86,-36.155532,147.568389,,59.66,43 AVONDALE ROAD SHELLEY 3701,52546480,367,213400,O,N,A,,864877878,2025-04-03,595432371.0,463675.0,4138337,,128022357,P,G,,864877876,2025-04-03,830450664.0,463675.0,none,None,
45458988,Alp Falls Creek,16642.01,-36.865229,147.358961,,96.48,KELLY TRACK FALLS CREEK 3699,45458988,300,,O,N,A,,369676121,2008-09-12,,,4247648,,127627796,P,G,,678643377,2022-05-26,671108054.0,,ABR (score=94 ABN=46004843761),High,
45376092,DANDONGADALE PASTORAL CO. PTY. LTD.,12139.12,-36.847762,146.750642,,87.13,YARRARABULA CREEK TRACK DANDONGADALE 3737,45376092,300,NCPR,O,N,A,,869530921,2025-06-30,73916322.0,471610.0,4104244,,128726059,P,G,,585488156,2020-01-21,583448414.0,471610.0,ABR (score=93 ABN=68007213461),High,
45226697,MITTA MITTA LPO,11511.1,-36.622285,147.258033,,68.28,DORCHAP RANGE TRACK MITTA MITTA 3701,45226697,367,NCPR,O,N,A,,534039480,2017-06-19,73626820.0,154494.0,4096313,,127553612,P,G,,415888080,2013-10-21,367692560.0,154494.0,ABR (score=88 ABN=62925984619),High,
45372309,MOUNT BUFFALO CHALET,10445.54,-36.719467,146.819836,,72.15,MOUNT BUFFALO ROAD MOUNT BUFFALO 3740,45372309,300,NCPR,O,N,A,,498579181,2015-06-26,483676027.0,1004.0,3875906,,128725699,P,G,,678796831,2022-05-30,578356319.0,1004.0,ABR (score=91 ABN=95006266762),High,
123997975,DARTMOUTH LODGES,10433.76,-36.61823,147.607679,,86.8,DARTMOUTH ROAD DARTMOUTH 3701,123997975,367,320075,O,N,A,2004-11-09,510864121,2016-04-13,382663194.0,100961.0,123997974,,129485812,P,G,2004-11-09,672440546,2022-02-16,672404887.0,100961.0,ABR (score=68 ABN=14406470637),Medium,
52960956,TAWONGA MOTORS,9790.1,-36.741407,147.273216,,80.81,MOUNTAIN CREEK ROAD TAWONGA 3697,52960956,300,NCPR,O,N,A,,387591068,2013-09-06,387591037.0,,4668718,,136411315,P,G,,671108030,2022-01-24,585857433.0,,ABR (score=86 ABN=30541798273),High,
45372382,BUCKLAND & CO,9742.83,-36.890897,146.955201,,90.76,CLEAR CREEK TRACK BUCKLAND 3740,45372382,300,NCPR,O,N,A,,869531042,2025-06-30,76292402.0,471610.0,4132946,,128729363,P,G,,825042743,2024-01-28,582511582.0,471610.0,ABR (score=93 ABN=55465351720),High,
45453868,Harrietville Cabins,9728.28,-36.920032,147.109556,,95.54,GREAT ALPINE ROAD HARRIETVILLE 3741,45453868,300,NCPR,O,Y,A,,387678341,2013-10-01,385871661.0,,4116838,136421051,126820749,P,G,,822004171,2024-01-19,671108072.0,,ABR (score=90 ABN=68881687302),High,
136417803,Harrietville Cabins,9728.28,-36.920032,147.109556,,95.54,FEATHERTOP TRACK HARRIETVILLE 3741,136417803,300,10519,O,Y,A,2013-10-01,387678346,2013-10-01,,,4116838,136421051,126820749,P,G,,822004171,2024-01-19,671108072.0,,ABR (score=90 ABN=68881687302),High,
136417801,Harrietville Cabins,9728.28,-36.920032,147.109556,,95.54,FEATHERTOP TRACK HARRIETVILLE 3741,136417801,300,10516,O,Y,A,2013-10-01,387678342,2013-10-01,,,4116838,136421051,126820749,P,G,,822004171,2024-01-19,671108072.0,,ABR (score=90 ABN=68881687302),High,
136421052,Harrietville Cabins,9728.28,-36.920032,147.109556,,95.54,FEATHERTOP TRACK HARRIETVILLE 3741,136421052,300,,G,N,A,,387691811,2013-10-04,,,136421051,,126820749,B,G,,822004170,2024-01-19,671108071.0,,ABR (score=90 ABN=68881687302),High,
429759026,DARTMOUTH LODGES,9039.22,-36.493638,147.517671,,71.54,CALLAGHAN CREEK TRACK DARTMOUTH 3701,429759026,367,NCPR,O,N,A,2019-03-13,569639719,2019-03-13,,233858.0,429759025,,429759024,P,G,2019-03-13,689340642,2022-09-12,672440543.0,233858.0,ABR (score=68 ABN=14406470637),Medium,
420725849,CARBOOR FARMS PTY. LTD.,8356.87,-36.662851,146.629248,,70.18,BUFFALO RIVER ROAD CARBOOR 3678,420725849,300,8223,O,N,A,2014-08-12,500686590,2015-08-18,485997188.0,73378.0,420725848,,420725847,P,G,2014-08-12,698674913,2022-11-16,693122548.0,73378.0,ABR (score=90 ABN=64609934189),High,
45453907,MITTA MITTA LPO,8302.15,-36.763075,147.428771,,89.37,SNOWY LOG ROAD MITTA MITTA 3701,45453907,319,NCPR,O,N,A,,569639432,2019-03-13,528842888.0,233858.0,4116857,,127553884,P,G,,872764234,2025-09-09,867420637.0,233858.0,ABR (score=88 ABN=62925984619),High,
45227991,ESKDALE FARM,8207.42,-36.527297,147.274716,,59.88,DORCHAP RANGE TRACK ESKDALE 3701,45227991,367,NCPR,O,N,A,,534040043,2017-06-19,96863963.0,154494.0,539487,,128566544,P,G,,415883982,2013-10-21,378717149.0,154494.0,ABR (score=99 ABN=97847328015),High,
45373320,Alp Falls Creek,7803.41,-36.896909,147.223832,,95.49,FAINTER FIRETRAIL FALLS CREEK 3699,45373320,300,NCPR,O,N,A,,869531402,2025-06-30,682387862.0,471610.0,4537038,,128726609,P,G,,856071529,2024-09-04,856055695.0,471610.0,ABR (score=94 ABN=46004843761),High,
45372401,GERMANTOWN LODGE,7440.04,-36.790374,147.091304,,81.11,BRIGHT ROAD GERMANTOWN 3741,45372401,300,7556,O,N,A,,686075351,2022-08-18,96912188.0,368443.0,4116843,,128741331,P,G,,671108065,2022-01-24,582837419.0,368443.0,ABR (score=70 ABN=54526594346),Medium,
53045933,EDI UPPER PRIMARY SCHOOL,6757.02,-36.79053,146.560867,,85.6,BLACK RANGE TRACK EDI UPPER 3678,53045933,368,NCPR,O,N,A,,485073894,2014-08-14,115100561.0,25294.0,4766643,,128709182,P,G,,698674917,2022-11-16,574065234.0,25294.0,ABR (score=82 ABN=64055099250),High,
45353053,UPPER GUNDOWRING RECREATION ROOMS INC. A 8466,6732.54,-36.578833,147.152714,,60.03,LARKIN LANE UPPER GUNDOWRING 3691,45353053,300,NCPR,O,N,A,,869531532,2025-06-30,73624425.0,471610.0,4096306,,128725953,P,G,,415885972,2013-10-21,379398978.0,471610.0,ABR (score=86 ABN=15548702894),High,
45390865,TATONG HERBS,6703.87,-36.771596,146.252795,,97.51,MIDDLE CREEK TRACK TATONG 3673,45390865,368,NCPR,O,N,A,,485072120,2014-08-14,74213836.0,23898.0,4114285,,127647768,P,G,,688630279,2022-08-31,415904788.0,23898.0,ABR (score=86 ABN=21325033819),High,
45370280,,6608.44,-36.683837,147.073001,,69.2,TAWONGA GAP ROAD BRIGHT 3741,45370280,300,NCPR,O,N,A,,869531439,2025-06-30,96911699.0,471610.0,3879954,,128741291,P,G,,847061165,2024-05-19,834000811.0,471610.0,none,None,
45379686,NUG NUG RANCH,6370.97,-36.672612,146.739246,,68.27,JURISICHS ROAD NUG NUG 3737,45379686,300,10524,O,N,A,,483676038,2014-07-11,387590551.0,1004.0,840095,,128742583,P,G,,568988685,2019-02-27,568438535.0,1004.0,ABR (score=80 ABN=35713020853),High,
45453774,Harrietville Cabins,6352.45,-36.892688,147.025247,,91.43,CEMETERY LANE HARRIETVILLE 3741,45453774,300,,O,N,A,,852103301,2024-06-14,484986662.0,1004.0,4582723,,128730187,P,G,,851785755,2024-06-13,583265586.0,1004.0,ABR (score=90 ABN=68881687302),High,
420725922,POREPUNKAH GARAGE,6269.55,-36.70262,146.951068,,69.87,GREAT ALPINE ROAD POREPUNKAH 3740,420725922,300,7378,O,Y,A,2014-08-12,497862568,2015-06-09,494597920.0,64292.0,136397499,420725932,36508271,P,G,2013-09-06,847061206,2024-05-19,835284002.0,64292.0,ABR (score=89 ABN=61655259562),High,
136397500,POREPUNKAH GARAGE,6269.55,-36.70262,146.951068,,69.87,BAKERS GULLY ROAD POREPUNKAH 3740,136397500,300,10501,O,Y,A,2013-09-06,497862569,2015-06-09,494597921.0,64292.0,136397499,420725932,36508271,P,G,2013-09-06,847061206,2024-05-19,835284002.0,64292.0,ABR (score=89 ABN=61655259562),High,
136397426,,6269.55,-36.70262,146.951068,,69.87,TYNTYNDER LANE BRIGHT 3741,136397426,300,10502,O,Y,A,2013-09-06,497862571,2015-06-09,497862321.0,64292.0,136397499,420725932,36508271,P,G,2013-09-06,847061206,2024-05-19,835284002.0,64292.0,none,None,
420725933,POREPUNKAH GARAGE,6269.55,-36.70262,146.951068,,69.87,BAKERS GULLY ROAD POREPUNKAH 3740,420725933,300,,G,N,A,2014-08-12,497862570,2015-06-09,494597922.0,64292.0,420725932,,420725931,B,G,2014-08-12,847061207,2024-05-19,835284003.0,64292.0,ABR (score=89 ABN=61655259562),High,
45370000,BUCKLAND & CO,5521.09,-36.827971,146.888347,,83.73,BUCKLAND VALLEY ROAD BUCKLAND 3740,45370000,300,NCPR,O,N,A,,869531043,2025-06-30,76294291.0,471610.0,4132949,,128729367,P,G,,415905447,2013-10-21,367976738.0,471610.0,ABR (score=93 ABN=55465351720),High,
45365379,KANCOONA TRUST,5514.66,-36.624058,147.037136,,62.07,BONES TRACK KANCOONA 3691,45365379,300,NCPR,O,N,A,,869530789,2025-06-30,80214966.0,471610.0,3879955,,128729333,P,G,,603389543,2021-01-28,415891190.0,471610.0,ABR (score=89 ABN=87110606671),High,
45226736,MITTA MITTA LPO,5502.44,-36.67714,147.384478,,79.18,ROOTSY SPUR TRACK MITTA MITTA 3701,45226736,367,NCPR,O,N,A,,534039553,2017-06-19,96861773.0,154494.0,4097518,,127554954,P,G,,671108026,2022-01-24,415892380.0,154494.0,ABR (score=88 ABN=62925984619),High,
45149857,NARIEL VALLEY FARM,5334.96,-36.384789,147.87907,,93.42,DUNSTANS ROAD NARIEL VALLEY 3707,45149857,367,NCPR,O,N,A,,534040392,2017-06-19,96834829.0,154494.0,549701,,128566646,P,G,,564428202,2018-12-03,415873287.0,154494.0,ABR (score=100 ABN=84903832967),High,
45379688,DANDONGADALE PASTORAL CO. PTY. LTD.,5265.83,-36.740602,146.730285,,75.81,MOUNT BUFFALO ROAD DANDONGADALE 3737,45379688,300,10745,O,N,A,,504000413,2015-11-10,483676039.0,82900.0,840096,,126825373,P,G,,825042652,2024-01-28,415896058.0,82900.0,ABR (score=92 ABN=68007213461),High,
45391139,ROSE RIVER RUN,5012.91,-36.868323,146.618252,,92.06,DANDONGADALE TRACK ROSE RIVER 3678,45391139,368,NCPR,O,N,A,,485084087,2014-08-14,96921813.0,28293.0,4104238,,128706570,P,G,,504077512,2015-11-11,415908025.0,28293.0,ABR (score=93 ABN=88181575463),High,
52960952,BOGONG BOOKS,4960.15,-36.813005,147.267669,,87.97,BOGONG HIGH PLAINS ROAD BOGONG 3699,52960952,300,NCPR,O,N,A,,869531175,2025-06-30,103978628.0,471610.0,4668714,,128741735,P,G,,671108051,2022-01-24,415907358.0,471610.0,ABR (score=86 ABN=93632363501),High,
45453794,,4689.62,-36.971021,147.004452,,99.91,[Address lookup pending for PROP_PFI: 45453794],45453794,300,6463,O,N,A,,854109236,2024-07-18,73936817.0,438759.0,4105257,,128726107,P,G,,671108122,2022-01-24,415914170.0,438759.0,none,None,
45373180,GERMANTOWN LODGE,4201.89,-36.776203,147.131365,,80.37,TAWONGA GAP ROAD GERMANTOWN 3741,45373180,300,NCPR,O,N,A,,869530948,2025-06-30,80247898.0,471610.0,4116845,,128729347,P,G,,817423247,2023-12-18,678643383.0,471610.0,ABR (score=70 ABN=54526594346),Medium,
45453803,BUCKLAND & CO,4132.48,-36.926729,146.868163,,94.75,BUCKLAND RIVER ROAD BUCKLAND 3740,45453803,300,NCPR,O,N,A,,869530933,2025-06-30,73936384.0,471610.0,4105250,,128726099,P,G,,415911475,2013-10-21,379398313.0,471610.0,ABR (score=93 ABN=55465351720),High,
45152022,CUDGEWA PAWS,4092.94,-36.126733,147.887025,,87.86,RANCH ROAD CUDGEWA 3705,45152022,367,320070,O,N,A,,370101201,2008-10-30,,,553009,,129470657,P,G,,830450633,2024-02-18,415848756.0,,ABR (score=89 ABN=46611544577),High,
131456898,CARBOOR FARMS PTY. LTD.,3838.81,-36.769152,146.521727,,84.79,ROSE RIVER ROAD CARBOOR 3678,131456898,368,14487,O,N,A,2010-08-23,377131457,2011-02-03,,,131456897,,131464575,P,G,2010-08-23,698674918,2022-11-16,682471449.0,,ABR (score=90 ABN=64609934189),High,
45393973,CHESHUNT CHRISTIAN CAMP INC,3782.65,-36.867134,146.42205,,98.45,PARADISE FALLS TRACK CHESHUNT 3678,45393973,368,NCPR,O,N,A,,485073746,2014-08-14,96922645.0,25294.0,893512,,127655440,P,G,,571741511,2019-04-29,415908712.0,25294.0,ABR (score=82 ABN=74717443547),High,
45223980,ESKDALE FARM,3661.32,-36.424165,147.300832,,52.19,TALLANDOON TRACK ESKDALE 3701,45223980,367,NCPR,O,N,A,,534039927,2017-06-19,96856624.0,154494.0,534321,,127555224,P,G,,519995864,2016-10-06,415877365.0,154494.0,ABR (score=99 ABN=97847328015),High,
45227148,,3600.42,-36.253223,147.55631,,61.17,AVONDALE ROAD SHELLEY 3701,45227148,367,126600,O,N,A,,371733535,2009-07-24,,,4096956,,129486000,P,G,,830450666,2024-02-18,683633959.0,,none,None,
427720826,WINTON,3517.82,-36.481452,146.082783,,87.28,LAKE MOKOAN ROAD WINTON NORTH 3673,427720826,381,11145562,O,N,A,2018-03-05,875611296,2025-11-06,731063084.0,484915.0,427720825,,427720824,P,G,2018-03-05,877043418,2025-12-04,874952360.0,484915.0,ABR (score=100 ABN=38774609816),High,
45226780,MITTA MITTA LPO,3496.23,-36.619612,147.331722,,71.27,RODDA CREEK TRACK MITTA MITTA 3701,45226780,367,NCPR,O,N,A,,534039841,2017-06-19,89104303.0,154494.0,537921,,128562324,P,G,,415888907,2013-10-21,367291986.0,154494.0,ABR (score=88 ABN=62925984619),High,
45370948,MITTA MITTA LPO,3300.05,-36.683017,147.241946,,73.76,TRAPPERS GAP TRACK MITTA MITTA 3701,45370948,367,NCPR,O,N,A,,569901907,2019-03-20,369676064.0,235251.0,4247623,,128729701,P,G,,671108035,2022-01-24,603381446.0,235251.0,ABR (score=88 ABN=62925984619),High,
124123020,MYRTLEFORD DAIRY,3197.69,-36.547258,146.774751,,54.01,GREAT ALPINE ROAD MYRTLEFORD 3737,124123020,300,8222,O,N,A,2005-01-12,360700657,2006-10-18,,,124123019,,128717946,P,G,2005-01-12,847061158,2024-05-19,603415653.0,,ABR (score=90 ABN=99486169338),High,
45149883,NARIEL VALLEY FARM,3194.36,-36.39752,147.793414,,86.88,GRAPTOLITE GULLY TRACK NARIEL VALLEY 3707,45149883,367,NCPR,O,N,A,,534039894,2017-06-19,73530893.0,154494.0,4087590,,128557888,P,G,,665956409,2021-10-14,415864868.0,154494.0,ABR (score=100 ABN=84903832967),High,
421745033,WINTON,3145.88,-36.447423,146.080858,,85.55,668 LAKE MOKOAN ROAD WINTON NORTH 3673,421745033,381,11108792,O,N,A,2015-03-03,875748390,2025-11-07,875611285.0,1005.0,421745032,,421745031,P,G,2015-03-03,875748400,2025-11-07,874952335.0,1005.0,ABR (score=100 ABN=38774609816),High,
45149923,NARIEL VALLEY FARM,3129.78,-36.510734,147.813089,,94.24,BENAMBRA-CORRYONG ROAD NARIEL VALLEY 3707,45149923,367,NCPR,O,N,A,,533750889,2017-06-14,96834945.0,154193.0,549786,,128566662,P,G,,585576354,2020-01-22,415879915.0,154193.0,ABR (score=100 ABN=84903832967),High,
45371263,SMOKO CO,2996.14,-36.816269,147.032926,,83.09,HOMEWOOD BOUND TRACK SMOKO 3741,45371263,300,NCPR,O,N,A,,869531235,2025-06-30,76363571.0,471610.0,4207559,,128729629,P,G,,603705327,2021-02-03,571901024.0,471610.0,ABR (score=90 ABN=80317197598),High,
45376089,DANDONGADALE PASTORAL CO. PTY. LTD.,2985.09,-36.914607,146.76832,,94.22,CAMP CREEK TRACK DANDONGADALE 3737,45376089,300,NCPR,O,N,A,,869530421,2025-06-30,74352923.0,471610.0,4104236,,128726053,P,G,,415911576,2013-10-21,370657406.0,471610.0,ABR (score=93 ABN=68007213461),High,
45226715,MITTA MITTA LPO,2973.73,-36.435379,147.37441,,57.68,BULLHEAD GAP ROAD MITTA MITTA 3701,45226715,367,NCPR,O,N,A,,534040347,2017-06-19,96861755.0,154494.0,2003938,,128565586,P,G,,415881804,2013-10-21,377472017.0,154494.0,ABR (score=88 ABN=62925984619),High,
45150075,THOWGLA VALLEY FIRE FIGHTERS CREW INCORPORATED,2939.83,-36.303986,147.954442,,97.05,MT ELLIOT RIDGE TRACK THOWGLA VALLEY 3707,45150075,367,NCPR,O,N,A,,534039717,2017-06-19,96835231.0,154494.0,549948,,127554586,P,G,,415856879,2013-10-21,377551452.0,154494.0,ABR (score=82 ABN=55944029028),High,
45226832,MITTA MITTA LPO,2930.9,-36.582745,147.379735,,70.31,DISAPPOINTMENT TRACK MITTA MITTA 3701,45226832,367,NCPR,O,N,A,,534040531,2017-06-19,96861908.0,154494.0,537973,,127555896,P,G,,545120716,2018-01-17,533462882.0,154494.0,ABR (score=88 ABN=62925984619),High,
45313018,KILLAWARRA PARK,2805.58,-36.219724,146.170764,,68.78,TELEPHONE TRACK KILLAWARRA 3678,45313018,368,NCPR,O,N,A,,485073767,2014-08-14,485073105.0,25294.0,1056640,,127652558,P,G,,580230473,2019-09-23,490545785.0,25294.0,ABR (score=92 ABN=33039972663),High,
45149909,NARIEL VALLEY FARM,2753.74,-36.439824,147.896218,,97.21,DUNSTANS ROAD NARIEL VALLEY 3707,45149909,367,NCPR,O,N,A,,534039942,2017-06-19,369106443.0,154494.0,549753,,128566652,P,G,,564118674,2018-11-27,415876795.0,154494.0,ABR (score=100 ABN=84903832967),High,
52960953,BOGONG BOOKS,2741.15,-36.821942,147.209029,,87.15,BOGONG HIGH PLAINS ROAD BOGONG 3699,52960953,300,NCPR,O,N,A,,385918697,2013-04-10,103978631.0,,4668715,,128741737,P,G,,817423242,2023-12-18,671108049.0,,ABR (score=86 ABN=93632363501),High,
45371816,DANDONGADALE PASTORAL CO. PTY. LTD.,2740.92,-36.851272,146.835287,,86.57,YARRABUCK TRACK DANDONGADALE 3737,45371816,300,NCPR,O,N,A,,869530423,2025-06-30,73916353.0,471610.0,4104245,,128726061,P,G,,415908135,2013-10-21,367970126.0,471610.0,ABR (score=93 ABN=68007213461),High,
45150341,CUDGEWA PAWS,2676.91,-36.256844,147.7759,,80.21,WABBA TRACK CUDGEWA 3705,45150341,367,147550,O,N,A,,371411964,2009-06-12,,,550112,,129904218,P,G,,683323128,2022-08-02,665956403.0,,ABR (score=89 ABN=46611544577),High,
136397474,WANDILIGONG.COM,2674.85,-36.78181,146.996804,,78.93,BELLS GULLY ROAD WANDILIGONG 3744,136397474,300,10534,O,N,A,2013-09-06,673256436,2022-02-25,387590859.0,1004.0,136397473,,136403685,P,G,2013-09-06,875472268,2025-11-03,847061208.0,1004.0,ABR (score=94 ABN=90659727221),High,
45226732,MITTA MITTA LPO,2614.87,-36.669517,147.473014,,83.02,RAZORBACK SPUR TRACK MITTA MITTA 3701,45226732,367,NCPR,O,N,A,,534040437,2017-06-19,73707815.0,154494.0,4097526,,127553648,P,G,,415892533,2013-10-21,378716683.0,154494.0,ABR (score=88 ABN=62925984619),High,
45226716,MITTA MITTA LPO,2544.39,-36.479481,147.403918,,63.0,1375 MITTA NORTH ROAD MITTA MITTA 3701,45226716,367,260150,O,N,A,,357230308,2005-08-31,,,537845,,125083421,P,G,,561006413,2018-10-08,505923278.0,,ABR (score=88 ABN=62925984619),High,
45315802,Wilby & Co,2421.05,-36.17213,146.096187,,74.38,259 BAKERS ROAD WILBY 3728,45315802,347,63438,O,N,A,,384449934,2012-10-03,381911831.0,,1058299,,129819807,P,G,,414799233,2013-10-21,381911833.0,,ABR (score=90 ABN=69822347154),High,
45371538,MOUNT BUFFALO CHALET,2418.29,-36.788289,146.763915,,80.42,GOLDIE SPUR TRACK MOUNT BUFFALO 3740,45371538,300,NCPR,O,N,A,,869530844,2025-06-30,483676025.0,471610.0,836149,,128742399,P,G,,571943984,2019-05-05,415903836.0,471610.0,ABR (score=91 ABN=95006266762),High,
45370933,,2416.53,-36.804553,147.173199,,84.38,BIG HILL FIRETRAIL BOGONG 3699,45370933,300,NCPR,O,N,A,,869530949,2025-06-30,375734560.0,471610.0,4116846,,128729349,P,G,,817423248,2023-12-18,678643384.0,471610.0,none,None,
45453901,Abbey Rd Wholesale,2386.8,-36.951514,146.78604,,98.08,CAMP CREEK TRACK ABBEYARD 3737,45453901,300,NCPR,O,N,A,,869530926,2025-06-30,74353103.0,471610.0,4105237,,128726075,P,G,,415915006,2013-10-21,370657429.0,471610.0,ABR (score=69 ABN=98475031305),Medium,
45149810,LUCYVALE TENNIS CLUB INCORPORATED,2379.15,-36.324369,147.647809,,71.66,PERKINS TRACK LUCYVALE 3691,45149810,367,NCPR,O,N,A,,534040564,2017-06-19,73530441.0,154494.0,4087595,,127553590,P,G,,665956404,2021-10-14,415857428.0,154494.0,ABR (score=78 ABN=76347643500),Medium,
45391694,EDI ARCHITECTS PTY. LTD.,2302.2,-36.65378,146.386686,,79.87,FLETCHERS TRACK EDI 3678,45391694,368,NCPR,O,N,A,,485073938,2014-08-14,72411756.0,25294.0,4115156,,128682414,P,G,,666286098,2021-10-21,415892668.0,25294.0,ABR (score=77 ABN=61097014992),Medium,
45226726,MITTA MITTA LPO,2266.93,-36.537195,147.426188,,69.03,DARTMOUTH ROAD MITTA MITTA 3701,45226726,367,NCPR,O,N,A,,534039635,2017-06-19,96861761.0,154494.0,537855,,128566424,P,G,,415884669,2013-10-21,387243723.0,154494.0,ABR (score=88 ABN=62925984619),High,
45227368,KOETONG SOAPS,2217.88,-36.225276,147.486875,,54.27,CRAVENSVILLE ROAD KOETONG 3704,45227368,367,305800,O,N,A,,370284888,2008-12-03,,,538544,,129605731,P,G,,564210625,2018-11-29,415856756.0,,ABR (score=88 ABN=94996337669),High,
45376682,OVENS CATERING,2182.97,-36.614593,146.839296,,60.39,390 HAPPY VALLEY ROAD OVENS 3738,45376682,300,5817,O,N,A,,356901476,2005-08-03,,,838461,,135660419,P,G,,825042611,2024-01-28,607370053.0,,ABR (score=81 ABN=99974935073),High,
429154383,DANDONGADALE PASTORAL CO. PTY. LTD.,2158.52,-36.74294,146.664776,,77.54,ROCKY CREEK TRACK DANDONGADALE 3737,429154383,300,,G,N,A,2018-11-09,562869462,2018-11-09,,1005.0,429154382,,429154381,B,G,2018-11-09,825042733,2024-01-28,683676546.0,1005.0,ABR (score=92 ABN=68007213461),High,
429153620,BUFFALO RIVER GUM,2158.52,-36.74294,146.664776,,77.54,1999 BUFFALO RIVER ROAD BUFFALO RIVER 3737,429153620,300,10730,O,Y,A,2018-11-09,562860395,2018-11-09,562859855.0,219169.0,136249425,429154382,136420482,P,G,2013-06-27,825042732,2024-01-28,683676545.0,219169.0,ABR (score=94 ABN=67492413021),High,
136249426,BUFFALO RIVER GUM,2158.52,-36.74294,146.664776,,77.54,1999 BUFFALO RIVER ROAD BUFFALO RIVER 3737,136249426,300,6910,O,Y,A,2013-06-27,562860394,2018-11-09,562859854.0,219169.0,136249425,429154382,136420482,P,G,2013-06-27,825042732,2024-01-28,683676545.0,219169.0,ABR (score=94 ABN=67492413021),High,
429153728,BUFFALO RIVER GUM,2158.52,-36.74294,146.664776,,77.54,1999 BUFFALO RIVER ROAD BUFFALO RIVER 3737,429153728,300,10906,O,Y,A,2018-11-09,562860396,2018-11-09,562859856.0,219169.0,136249425,429154382,136420482,P,G,2013-06-27,825042732,2024-01-28,683676545.0,219169.0,ABR (score=94 ABN=67492413021),High,
45226747,MITTA MITTA LPO,2140.71,-36.610133,147.402506,,73.96,SEC TRACK MITTA MITTA 3701,45226747,367,NCPR,O,N,A,,534040570,2017-06-19,73709875.0,154494.0,4097537,,128557928,P,G,,545120719,2018-01-17,415890080.0,154494.0,ABR (score=88 ABN=62925984619),High,
45325556,Thoona Alpacas,2130.05,-36.375309,146.047861,,84.72,1373 GOORAMBAT-THOONA ROAD THOONA 3726,45325556,381,11103546,O,N,A,,875613486,2025-11-06,870321050.0,484915.0,769083,,102197323,P,G,,870321048,2025-07-15,855621080.0,484915.0,ABR (score=84 ABN=67074582442),High,
45371257,BUCKLAND & CO,2046.64,-36.771969,146.904372,,77.49,DEVILS CREEK ROAD BUCKLAND 3740,45371257,300,NCPR,O,N,A,,869530475,2025-06-30,80254004.0,471610.0,4132633,,128729361,P,G,,482141913,2014-05-26,415904434.0,471610.0,ABR (score=93 ABN=55465351720),High,
45391124,DANDONGADALE PASTORAL CO. PTY. LTD.,2043.4,-36.735898,146.564259,,79.88,MT EMU TRACK DANDONGADALE 3737,45391124,300,NCPR,O,N,A,,672907418,2022-02-22,369676120.0,349452.0,4342620,,127652974,P,G,,698674912,2022-11-16,574065229.0,349452.0,ABR (score=94 ABN=68007213461),High,
45226418,ESKDALE FARM,1968.8,-36.547267,147.180355,,57.76,LITTLE SNOWY CREEK TRACK ESKDALE 3701,45226418,367,NCPR,O,N,A,,534039531,2017-06-19,76103101.0,154494.0,4172640,,128558486,P,G,,599745690,2020-11-10,585349920.0,154494.0,ABR (score=99 ABN=97847328015),High,
52541619,ESKDALE FARM,1939.69,-36.477516,147.204847,,51.9,OMEO HIGHWAY ESKDALE 3701,52541619,367,NCPR,O,N,A,,534040154,2017-06-19,74710358.0,154494.0,4128278,,127553892,P,G,,830450676,2024-02-18,690814290.0,154494.0,ABR (score=99 ABN=97847328015),High,
45370854,KANCOONA TRUST,1932.33,-36.638257,146.963447,,62.81,BIRTI ROAD KANCOONA 3691,45370854,300,NCPR,O,N,A,,869530869,2025-06-30,96099885.0,471610.0,4315695,,126822575,P,G,,603389544,2021-01-28,415890981.0,471610.0,ABR (score=89 ABN=87110606671),High,
45371348,,1888.62,-36.684675,146.992249,,68.16,SMART CREEK TAWONGA GAP TRACK BRIGHT 3741,45371348,300,NCPR,O,N,A,,869530787,2025-06-30,96911946.0,471610.0,3879952,,126822393,P,G,,847061178,2024-05-19,603389560.0,471610.0,none,None,
45226737,MITTA MITTA LPO,1796.53,-36.701828,147.427165,,83.56,DUNSTANS LOG ROAD MITTA MITTA 3701,45226737,367,NCPR,O,N,A,,534039837,2017-06-19,73707772.0,154494.0,4097521,,128557920,P,G,,872764225,2025-09-09,867420630.0,154494.0,ABR (score=88 ABN=62925984619),High,
134158575,STH YARRAWONGA CHRISTIAN FELLOWSHIP,1736.13,-36.094009,146.012077,,81.22,PRESCOTTS ROAD YARRAWONGA SOUTH 3730,134158575,347,,G,N,A,,381758943,2012-02-14,,,134158574,,134057800,B,G,,511499012,2016-04-26,414798411.0,,ABR (score=67 ABN=98093564698),Medium,
126527106,STH YARRAWONGA CHRISTIAN FELLOWSHIP,1736.13,-36.094009,146.012077,,81.22,2 PRESCOTTS ROAD YARRAWONGA SOUTH 3730,126527106,347,3558,O,Y,A,2007-01-16,384450236,2012-10-03,369663747.0,,1058203,134158574,136016007,P,G,,511499011,2016-04-26,414798412.0,,ABR (score=67 ABN=98093564698),Medium,
45315716,STH YARRAWONGA CHRISTIAN FELLOWSHIP,1736.13,-36.094009,146.012077,,81.22,93 BURGESS ROAD YARRAWONGA SOUTH 3730,45315716,347,65128,O,Y,A,,384450234,2012-10-03,369663748.0,,1058203,134158574,136016007,P,G,,511499011,2016-04-26,414798412.0,,ABR (score=66 ABN=98093564698),Medium,
136015945,STH YARRAWONGA CHRISTIAN FELLOWSHIP,1736.13,-36.094009,146.012077,,81.22,5186A BENALLA-YARRAWONGA ROAD YARRAWONGA SOUTH 3730,136015945,347,65144,O,Y,A,2013-04-18,385985760,2013-04-18,,,1058203,134158574,136016007,P,G,,511499011,2016-04-26,414798412.0,,ABR (score=67 ABN=98093564698),Medium,
52527678,MITTA MITTA LPO,1638.44,-36.708072,147.465385,,86.06,HOPEFUL SPUR TRACK MITTA MITTA 3701,52527678,367,NCPR,O,N,A,,534039422,2017-06-19,73707801.0,154494.0,4097522,,127553646,P,G,,872764226,2025-09-09,867420631.0,154494.0,ABR (score=88 ABN=62925984619),High,
45370707,POREPUNKAH GARAGE,1577.99,-36.674112,146.951734,,66.71,87 TIP ROAD POREPUNKAH 3740,45370707,300,9136,O,N,A,,387239217,2013-06-27,376363800.0,,3879956,,136256945,P,G,,603389559,2021-01-28,502547645.0,,ABR (score=89 ABN=61655259562),High,
45390919,MYRRHEE PTY. LIMITED,1552.41,-36.788739,146.302502,,96.42,DRUM TOP TRACK MYRRHEE 3732,45390919,368,NCPR,O,N,A,,485069756,2014-08-14,78013667.0,22090.0,889480,,128702236,P,G,,540022122,2017-10-10,539699545.0,22090.0,ABR (score=81 ABN=93006341699),High,
45316059,,1522.43,-36.102406,146.156896,,68.22,686 BOOMAHNOOMOONAH EAST ROAD BUNDALONG SOUTH 3730,45316059,347,61713,O,N,A,,597796442,2020-09-28,384449750.0,297151.0,1058581,,101215743,P,G,,682686006,2022-07-25,597796326.0,297151.0,none,None,
45390967,WHITLANDS SAWMILL,1515.23,-36.801337,146.379059,,93.89,BOURCHIER LANE WHITLANDS 3678,45390967,368,NCPR,O,N,A,,485073699,2014-08-14,96921747.0,25294.0,3875525,,127652810,P,G,,537332501,2017-08-22,415902549.0,25294.0,ABR (score=87 ABN=96008940064),High,
45149920,NARIEL VALLEY FARM,1487.49,-36.477162,147.793643,,90.87,REMOTE RADIO ROAD NARIEL VALLEY 3707,45149920,367,NCPR,O,N,A,,534040622,2017-06-19,96834939.0,154494.0,549783,,128566656,P,G,,672404856,2022-02-16,415878644.0,154494.0,ABR (score=100 ABN=84903832967),High,
45371518,DANDONGADALE PASTORAL CO. PTY. LTD.,1419.69,-36.894142,146.838973,,91.29,YARRABUCK TRACK DANDONGADALE 3737,45371518,300,NCPR,O,N,A,,869530922,2025-06-30,73916389.0,471610.0,4104246,,126819899,P,G,,415910591,2013-10-21,379397489.0,471610.0,ABR (score=93 ABN=68007213461),High,
45393702,DANDONGADALE PASTORAL CO. PTY. LTD.,1404.68,-36.877274,146.677537,,91.64,ABBEYARDS ROAD DANDONGADALE 3737,45393702,300,NCPR,O,N,A,,869530422,2025-06-30,73916318.0,471610.0,4104243,,128726057,P,G,,583448413,2019-11-29,574615957.0,471610.0,ABR (score=92 ABN=68007213461),High,
45393820,CHESHUNT CHRISTIAN CAMP INC,1389.88,-36.781774,146.479469,,87.68,THISTLE HEAD TRACK CHESHUNT 3678,45393820,368,NCPR,O,N,A,,485072039,2014-08-14,96922520.0,23898.0,893303,,127655374,P,G,,415900880,2013-10-21,384999131.0,23898.0,ABR (score=83 ABN=74717443547),High,
45391177,DANDONGADALE PASTORAL CO. PTY. LTD.,1378.11,-36.777316,146.638878,,81.87,BUFFALO RIVER ROAD DANDONGADALE 3737,45391177,300,NCPR,O,N,A,,869530799,2025-06-30,72621213.0,471610.0,4063073,,126819743,P,G,,571759888,2019-04-30,415901466.0,471610.0,ABR (score=92 ABN=68007213461),High,
123961135,Burrowye Beef,1272.74,-36.006275,147.54786,,57.65,6586 MURRAY RIVER ROAD BURROWYE 3709,123961135,367,220350,O,Y,A,2004-10-20,521637585,2016-11-07,521637561.0,129211.0,538065,134167138,124043650,P,G,,688914008,2022-09-06,665954309.0,129211.0,ABR (score=90 ABN=98577914119),High,
45226921,Burrowye Beef,1272.74,-36.006275,147.54786,,57.65,6733 MURRAY RIVER ROAD BURROWYE 3709,45226921,367,220300,O,Y,A,,521637586,2016-11-07,521637562.0,129211.0,538065,134167138,124043650,P,G,,688914008,2022-09-06,665954309.0,129211.0,ABR (score=90 ABN=98577914119),High,
134167139,Burrowye Beef,1272.74,-36.006275,147.54786,,57.65,MURRAY RIVER ROAD BURROWYE 3709,134167139,367,,G,N,A,,521637587,2016-11-07,521637558.0,129211.0,134167138,,124043650,B,G,,688914007,2022-09-06,665954308.0,129211.0,ABR (score=90 ABN=98577914119),High,
45393967,CHESHUNT GENERAL STORE,1155.65,-36.896316,146.464354,,99.76,GATTYS TRACK CHESHUNT 3678,45393967,368,NCPR,O,N,A,,485073753,2014-08-14,96922639.0,25294.0,893506,,128708244,P,G,,415909043,2013-10-21,367896205.0,25294.0,ABR (score=83 ABN=63426420817),High,
45393975,CHESHUNT NOMINEES PROPRIETARY LIMITED,1136.98,-36.857464,146.48731,,94.99,REDGATES ROAD CHESHUNT 3678,45393975,368,NCPR,O,N,A,,485069743,2014-08-14,96922649.0,22090.0,893514,,127655444,P,G,,865424941,2025-04-10,512860212.0,22090.0,ABR (score=81 ABN=67005278884),High,
52680845,,1131.84,-36.525449,146.790874,,51.32,ROAD 7 MYRTLEFORD 3737,52680845,300,NCPR,O,N,A,,869531158,2025-06-30,86049765.0,471610.0,4345030,,128730043,P,G,,825042566,2024-01-28,683672701.0,471610.0,none,None,
429759066,Burrowye Beef,1127.15,-36.057827,147.497022,,52.6,HOUSTONS TRACK BURROWYE 3709,429759066,367,NCPR,O,N,A,2019-03-13,569640002,2019-03-13,,233858.0,429759065,,429759064,P,G,2019-03-13,665954325,2021-10-14,569640000.0,233858.0,ABR (score=90 ABN=98577914119),High,
45373058,WANDILIGONG FARM PRODUCTS,1113.65,-36.799611,146.942788,,80.6,MORAN ROAD WANDILIGONG 3744,45373058,300,NCPR,O,N,A,,869531243,2025-06-30,80253737.0,471610.0,4233007,,128729673,P,G,,415903003,2013-10-21,367977350.0,471610.0,ABR (score=96 ABN=99071291971),High,
45226109,DARTMOUTH LODGES,1113.48,-36.560417,147.487168,,74.64,S E C ROAD DARTMOUTH 3701,45226109,367,NCPR,O,N,A,,534039346,2017-06-19,73717335.0,154494.0,4097658,,128557938,P,G,,415884488,2013-10-21,367281021.0,154494.0,ABR (score=68 ABN=14406470637),Medium,
45371500,Alp Falls Creek,1107.94,-36.866203,147.16712,,90.83,BOGONG HIGH PLAINS ROAD FALLS CREEK 3699,45371500,300,9352,O,N,A,,387590542,2013-09-06,74251964.0,,4116871,,126819985,P,G,,582837418,2019-11-15,415907375.0,,ABR (score=94 ABN=46004843761),High,
45315971,Wilby & Co,1084.74,-36.113623,146.055266,,77.42,292 HAMMONS ROAD WILBY 3728,45315971,347,63198,O,N,A,,384449912,2012-10-03,368811291.0,,1058489,,131078948,P,G,,493847751,2015-02-19,414798478.0,,ABR (score=90 ABN=69822347154),High,
45391194,DANDONGADALE PASTORAL CO. PTY. LTD.,1083.43,-36.798302,146.663057,,83.48,BUFFALO RIVER ROAD DANDONGADALE 3737,45391194,300,6911,O,N,A,,577774089,2019-08-07,562859347.0,1005.0,889833,,128742623,P,G,,577774085,2019-08-07,575110219.0,1005.0,ABR (score=92 ABN=68007213461),High,
45150376,THOWGLA VALLEY FIRE FIGHTERS CREW INCORPORATED,1072.48,-36.344747,147.94728,,97.71,GRAYS TRACK THOWGLA VALLEY 3707,45150376,367,NCPR,O,N,A,,534039566,2017-06-19,96835572.0,154494.0,550135,,127554678,P,G,,415863983,2013-10-21,367719704.0,154494.0,ABR (score=84 ABN=55944029028),High,
45313733,KILLAWARRA PARK,1064.72,-36.274536,146.185835,,69.15,TOWER ROAD KILLAWARRA 3678,45313733,368,NCPR,O,N,A,,485073755,2014-08-14,96512613.0,25294.0,1056899,,127652622,P,G,,416126739,2013-10-21,367633994.0,25294.0,ABR (score=92 ABN=33039972663),High,
45226936,GLENFIELD (MT. ALFRED) PTY. LIMITED,1063.21,-36.026045,147.625161,,64.34,MT ALFRED ROAD MOUNT ALFRED 3709,45226936,367,219300,O,N,A,,558367308,2018-08-17,542596835.0,1005.0,538080,,128566442,P,G,,830450600,2024-02-18,558367294.0,1005.0,ABR (score=66 ABN=35008480617),Medium,
430725043,WINTON,1050.68,-36.418563,146.147092,,78.8,LAKE MOKOAN ROAD WINTON NORTH 3673,430725043,381,NCPR,O,N,A,2019-09-06,579360128,2019-09-06,,254164.0,430725042,,430725041,P,G,2019-09-06,874952326,2025-10-22,874868925.0,254164.0,ABR (score=100 ABN=38774609816),High,
134214752,Alp Falls Creek,1050.01,-36.869401,147.260373,,93.61,SCHUSS STREET FALLS CREEK 3699,134214752,386,NCPR,O,N,A,2012-03-06,482135714,2014-05-23,381957131.0,1004.0,134214751,,134322008,P,G,2012-03-06,855806919,2024-08-29,847061213.0,1004.0,ABR (score=94 ABN=46004843761),High,
420906210,WHITLANDS SAWMILL,1043.5,-36.845459,146.360956,,98.93,3625 POWERS LOOKOUT ROAD WHITLANDS 3678,420906210,368,18612,O,N,A,2014-09-18,486419296,2014-09-18,,34103.0,420906209,,420906208,P,G,2014-09-18,796866047,2023-09-05,486419294.0,34103.0,ABR (score=87 ABN=96008940064),High,
45393726,ROSE RIVER RUN,1018.52,-36.897901,146.543522,,97.28,29 UPPER ROSE RIVER ROAD ROSE RIVER 3678,45393726,368,4519,O,N,A,,377088353,2011-01-27,,,892931,,131576540,P,G,,572103563,2019-05-07,415910836.0,,ABR (score=93 ABN=88181575463),High,
45149856,NARIEL VALLEY FARM,1017.18,-36.352473,147.845659,,89.35,BENAMBRA-CORRYONG ROAD NARIEL VALLEY 3707,45149856,367,144200,O,N,A,,370183450,2008-11-13,,,549700,,5144496,P,G,,415865962,2013-10-21,370183440.0,,ABR (score=100 ABN=84903832967),High,
45320540,Molyullah Pastoral Co,1016.19,-36.716009,146.16443,,97.96,SCHULZ ROAD MOLYULLAH 3673,45320540,381,NCPR,O,N,A,,554453529,2018-06-27,351770271.0,201602.0,757526,,127453516,P,G,,545564895,2018-01-24,545427427.0,201602.0,ABR (score=94 ABN=24310765526),High,
45453869,Harrietville Cabins,1015.37,-36.957929,147.066909,,99.08,GREAT ALPINE ROAD HARRIETVILLE 3741,45453869,300,NCPR,O,N,A,,869530947,2025-06-30,74251925.0,471610.0,4116837,,128726243,P,G,,671108116,2022-01-24,560482304.0,471610.0,ABR (score=90 ABN=68881687302),High,
52535261,MYRRHEE PTY. LIMITED,995.32,-36.789583,146.325374,,95.35,DRUM TOP TRACK MYRRHEE 3732,52535261,368,NCPR,O,N,A,,485069812,2014-08-14,74214283.0,22090.0,4114292,,128682398,P,G,,415902841,2013-10-21,367844513.0,22090.0,ABR (score=81 ABN=93006341699),High,
45372193,EUROBIN PTY. LIMITED,981.73,-36.643813,146.80999,,63.94,WOBONGA LANE EUROBIN 3739,45372193,300,NCPR,O,N,A,,869531541,2025-06-30,483676026.0,471610.0,4102839,,126819833,P,G,,599935749,2020-11-12,567204059.0,471610.0,ABR (score=81 ABN=78005030982),High,
45331479,BURRAMINE HAVEN,944.5,-35.969438,145.869308,,94.83,DUFTY LANE BURRAMINE 3730,45331479,347,NCPR,O,N,A,,371913206,2009-08-20,,,780351,,128617583,P,G,,838020349,2024-03-24,688872921.0,,ABR (score=90 ABN=47311391257),High,
45330283,WANGANDARY PASTORAL ESTATE PTY. LTD.,942.72,-36.33701,146.210563,,69.64,TAYLOR TRACK WANGANDARY 3678,45330283,368,NCPR,O,N,A,,485082968,2014-08-14,375821942.0,25294.0,4578320,,128706676,P,G,,674615153,2022-03-17,485082966.0,25294.0,ABR (score=93 ABN=83005018039),High,
45375101,MYRTLEFORD DAIRY,929.76,-36.6117,146.717743,,62.23,NUG NUG TRACK MYRTLEFORD 3737,45375101,300,NCPR,O,N,A,,869530958,2025-06-30,483676031.0,471610.0,837852,,126820349,P,G,,866713807,2025-05-11,820644410.0,471610.0,ABR (score=90 ABN=99486169338),High,
45370851,POREPUNKAH GARAGE,907.84,-36.636818,146.919169,,62.49,SINCLAIR TRACK POREPUNKAH 3740,45370851,300,NCPR,O,N,A,,869531440,2025-06-30,96099887.0,471610.0,3879960,,128737997,P,G,,603389541,2021-01-28,415892131.0,471610.0,ABR (score=89 ABN=61655259562),High,
101432580,DOCKERS PLAINS PASTORAL COMPANY,905.18,-36.272614,146.312104,,58.43,558 PLUMS ROAD DOCKERS PLAINS 3678,101432580,368,7793,O,N,A,2003-11-10,373531231,2010-01-20,,,101432579,,128223436,P,G,2003-11-10,688629943,2022-08-31,596826245.0,,ABR (score=94 ABN=24003246768),High,
45228111,MITTA MITTA LPO,884.0,-36.431577,147.43965,,61.75,CALLAGHAN CREEK TRACK MITTA MITTA 3701,45228111,367,NCPR,O,N,A,,534039427,2017-06-19,73814167.0,154494.0,4101095,,127553836,P,G,,415877922,2013-10-21,367692713.0,154494.0,ABR (score=88 ABN=62925984619),High,
45045116,MYRTLEFORD DAIRY,878.94,-36.524593,146.728487,,52.72,BRIGGS LANE MYRTLEFORD 3737,45045116,300,NCPR,O,N,A,,869530467,2025-06-30,96816925.0,471610.0,4126641,,128739931,P,G,,520338846,2016-10-12,492523652.0,471610.0,ABR (score=90 ABN=99486169338),High,
45318804,BENALLA BITES,877.74,-36.644379,146.07243,,98.53,1477 BENALLA-TATONG ROAD BENALLA 3672,45318804,381,11110194,O,N,A,,875607844,2025-11-06,371603963.0,484915.0,756381,,102208988,P,G,,539277303,2017-09-25,539236093.0,484915.0,ABR (score=88 ABN=34717244879),High,
45322332,Thoona Alpacas,850.41,-36.336146,146.051292,,82.83,1595 GOORAMBAT-THOONA ROAD THOONA 3726,45322332,381,11103595,O,N,A,,875608109,2025-11-06,511265113.0,484915.0,767770,,102207844,P,G,,591592650,2020-06-05,511265111.0,484915.0,ABR (score=84 ABN=67074582442),High,
45149964,NARIEL VALLEY FARM,850.35,-36.30069,147.816098,,85.01,SIMPSONS CREEK TRACK NARIEL VALLEY 3707,45149964,367,129400,O,N,A,,374849449,2010-03-29,,,549830,,127554550,P,G,,415858777,2013-10-21,383816825.0,,ABR (score=100 ABN=84903832967),High,
52802504,BENALLA BITES,837.22,-36.626073,146.045836,,99.11,1254 BENALLA-TATONG ROAD BENALLA 3672,52802504,381,11109956,O,N,A,,875614169,2025-11-06,384603713.0,484915.0,4499249,,102199957,P,G,,826698209,2024-01-30,539224401.0,484915.0,ABR (score=88 ABN=34717244879),High,
45329396,MOUNT BRUNO ORCHARDS SUPERANNUATION FUND,829.59,-36.310804,146.17494,,71.45,SKEETS TRACK MOUNT BRUNO 3675,45329396,381,NCPR,O,N,A,,554453608,2018-06-27,351770628.0,201602.0,771040,,128684204,P,G,,416126789,2013-10-21,378403871.0,201602.0,ABR (score=82 ABN=72693050194),High,
45228164,TALLANGATTA VALLEY PRIMARY SCHOOL,821.26,-36.376933,147.410215,,55.91,WATERFALL CREEK TRACK TALLANGATTA VALLEY 3701,45228164,367,NCPR,O,N,A,,534039926,2017-06-19,96864170.0,154494.0,539716,,128566574,P,G,,415867028,2013-10-21,372787537.0,154494.0,ABR (score=88 ABN=85895361825),High,
45226934,,817.55,-36.001075,147.636667,,65.67,335 MT ALFRED ROAD MOUNT ALFRED 3709,45226934,367,217950,O,N,A,,371267963,2009-05-23,,,538078,,101580661,P,G,,565782120,2019-01-08,415838041.0,,none,None,
45226783,MITTA MITTA LPO,808.0,-36.684009,147.309622,,76.48,TRAPPERS SPUR TRACK MITTA MITTA 3701,45226783,367,NCPR,O,N,A,,534039609,2017-06-19,96861843.0,154494.0,4096088,,128566106,P,G,,671108027,2022-01-24,415893339.0,154494.0,ABR (score=88 ABN=62925984619),High,
52543949,GERMANTOWN LODGE,794.87,-36.743319,147.04364,,75.22,TAWONGA GAP ROAD GERMANTOWN 3741,52543949,300,NCPR,O,N,A,,869531044,2025-06-30,74847034.0,471610.0,4132956,,128726361,P,G,,415902142,2013-10-21,379398548.0,471610.0,ABR (score=70 ABN=54526594346),Medium,
45393957,WHITLANDS SAWMILL,778.04,-36.772788,146.347229,,92.72,MANSFIELD-WHITFIELD ROAD WHITLANDS 3678,45393957,368,NCPR,O,N,A,,485072152,2014-08-14,96922633.0,23898.0,893496,,128708242,P,G,,415901201,2013-10-21,378110991.0,23898.0,ABR (score=87 ABN=96008940064),High,
45325368,Bungeet West Books,773.3,-36.351598,145.974427,,89.9,2154 BENALLA-YARRAWONGA ROAD BUNGEET WEST 3726,45325368,381,11107562,O,N,A,,875610186,2025-11-06,384253567.0,484915.0,4658664,,102196835,P,G,,459865380,2013-10-22,384253576.0,484915.0,ABR (score=92 ABN=22843541673),High,
45088849,BRIMIN BEEF,763.6,-36.059085,146.258707,,59.01,237 BRIMIN ROAD BRIMIN 3685,45088849,334,5787,O,N,A,,603938908,2021-02-04,603934550.0,310105.0,205840,,100270523,P,G,,603934540,2021-02-04,599293984.0,310105.0,ABR (score=88 ABN=40759876320),High,
45227663,Burrowye Beef,762.84,-36.083171,147.578879,,59.94,JONES TRACK BURROWYE 3709,45227663,367,NCPR,O,N,A,,534040549,2017-06-19,96863498.0,154494.0,538953,,127556138,P,G,,415840284,2013-10-21,378715705.0,154494.0,ABR (score=90 ABN=98577914119),High,
45226722,MITTA MITTA LPO,758.24,-36.506282,147.439884,,67.38,ENEVERS TRACK MITTA MITTA 3701,45226722,367,NCPR,O,N,A,,534039669,2017-06-19,73721946.0,154494.0,537851,,128559106,P,G,,415883635,2013-10-21,367283941.0,154494.0,ABR (score=88 ABN=62925984619),High,
45329629,GLEN ROWAN COBB AND CO,752.38,-36.429188,146.213155,,74.28,UPPER TAMINICK ROAD GLENROWAN 3675,45329629,381,11137528,O,N,A,,875610361,2025-11-06,374848835.0,484915.0,771546,,127453534,P,G,,598460559,2020-10-08,582823539.0,484915.0,ABR (score=67 ABN=77006192534),Medium,
129471951,,750.88,-36.163027,147.56332,,59.34,MURRAY VALLEY HIGHWAY SHELLEY 3701,129471951,367,320084,O,N,A,2008-11-13,498578783,2015-06-26,370183986.0,1004.0,129471950,,129485924,P,G,2008-11-13,498562177,2015-06-26,497616174.0,1004.0,none,None,
135382033,THE TRUSTEE FOR BOWMANS FOREST CEMETERY TRUST,726.31,-36.503487,146.627889,,54.15,321 WHOROULY-BOWMANS ROAD BOWMANS FOREST 3735,135382033,368,,G,N,A,,383773835,2012-08-15,,,135382032,,134319971,B,G,,569001744,2019-02-27,415883686.0,,ABR (score=82 ABN=78202310662),High,
100065759,THE TRUSTEE FOR BOWMANS FOREST CEMETERY TRUST,726.31,-36.503487,146.627889,,54.15,321 WHOROULY-BOWMANS ROAD BOWMANS FOREST 3735,100065759,368,9265,O,Y,A,,382183919,2012-04-13,378917460.0,,100065758,135382032,134319971,P,G,,569001743,2019-02-27,415883687.0,,ABR (score=82 ABN=78202310662),High,
134319925,THE TRUSTEE FOR BOWMANS FOREST CEMETERY TRUST,726.31,-36.503487,146.627889,,54.15,319 WHOROULY-BOWMANS ROAD BOWMANS FOREST 3735,134319925,368,18062,O,Y,A,2012-04-13,382183920,2012-04-13,,,100065758,135382032,134319971,P,G,,569001743,2019-02-27,415883687.0,,ABR (score=82 ABN=78202310662),High,
45226108,DARTMOUTH LODGES,725.06,-36.59383,147.481015,,76.99,HUMPY CREEK TRACK DARTMOUTH 3701,45226108,367,NCPR,O,N,A,,534040353,2017-06-19,96860720.0,154494.0,537113,,128566398,P,G,,672095811,2022-02-14,415888303.0,154494.0,ABR (score=68 ABN=14406470637),Medium,
45226791,MITTA MITTA LPO,720.66,-36.559862,147.315017,,64.89,HODGKIN TRACK MITTA MITTA 3701,45226791,367,NCPR,O,N,A,,534040113,2017-06-19,102263369.0,154494.0,4099513,,128557982,P,G,,415887260,2013-10-21,367281131.0,154494.0,ABR (score=88 ABN=62925984619),High,
45320541,Molyullah Pastoral Co,718.23,-36.737373,146.182784,,98.59,SCHULZ TRACK MOLYULLAH 3673,45320541,381,NCPR,O,N,A,,554453192,2018-06-27,351769619.0,201602.0,757527,,127454688,P,G,,415896719,2013-10-21,363773752.0,201602.0,ABR (score=94 ABN=24310765526),High,
52890190,BUNDALONG CAFE,704.25,-36.015881,146.108542,,72.82,MURRAY VALLEY HIGHWAY BUNDALONG 3730,52890190,347,92343680,O,N,A,,517252473,2016-08-16,382325235.0,115516.0,4592573,,127516506,P,G,,840488105,2024-04-09,838020637.0,115516.0,ABR (score=91 ABN=98295494998),High,
45371443,MOUNTAIN CREEK PROPERTY TAWONGA SOUTH,702.21,-36.753799,147.15049,,78.4,VAILS ROAD TAWONGA SOUTH 3698,45371443,300,10521,O,N,A,,387590539,2013-09-06,378106503.0,,4057848,,136403798,P,G,,681310899,2022-07-04,677016667.0,,ABR (score=94 ABN=62546322942),High,
134167163,TOWONG HILL STATION,701.57,-36.156198,148.010257,,99.17,TOWONG HILL ROAD TOWONG 3707,134167163,367,,G,N,A,,385381878,2013-03-08,381789063.0,,134167162,,125083413,B,G,,564957521,2018-12-10,561182266.0,,ABR (score=99 ABN=71137787807),High,
125086532,TOWONG HILL STATION,701.57,-36.156198,148.010257,,99.17,150 TOWONG HILL ROAD TOWONG 3707,125086532,367,170100,O,Y,A,2005-09-01,385381671,2013-03-08,371143936.0,,551023,134167162,125083413,P,G,,564957522,2018-12-10,561182267.0,,ABR (score=99 ABN=71137787807),High,
125086530,TOWONG HILL STATION,701.57,-36.156198,148.010257,,99.17,88 TOWONG HILL ROAD TOWONG 3707,125086530,367,170150,O,Y,A,2005-09-01,385381670,2013-03-08,371143935.0,,551023,134167162,125083413,P,G,,564957522,2018-12-10,561182267.0,,ABR (score=99 ABN=71137787807),High,
45150812,TOWONG HILL STATION,701.57,-36.156198,148.010257,,99.17,198 TOWONG HILL ROAD TOWONG 3707,45150812,367,169300,O,Y,A,,385381939,2013-03-08,371144116.0,,551023,134167162,125083413,P,G,,564957522,2018-12-10,561182267.0,,ABR (score=99 ABN=71137787807),High,
45044059,Gapsted Nuts,699.49,-36.504616,146.730562,,50.56,MCGEEHANS TRACK GAPSTED 3737,45044059,300,NCPR,O,N,A,,869531156,2025-06-30,96816349.0,471610.0,4196002,,35670436,P,G,,415882756,2013-10-21,360700750.0,471610.0,ABR (score=89 ABN=84875718921),High,
430725038,TAMINICK THREADS,693.29,-36.444192,146.14971,,80.01,LAKE MOKOAN ROAD TAMINICK 3675,430725038,381,NCPR,O,N,A,2019-09-06,579360101,2019-09-06,,254164.0,430725037,,430725036,P,G,2019-09-06,874952332,2025-10-22,874865860.0,254164.0,ABR (score=86 ABN=32533198550),High,
45227868,KOETONG SOAPS,690.5,-36.128992,147.468595,,50.36,FIREBRACE TRACK KOETONG 3704,45227868,367,NCPR,O,N,A,,534040496,2017-06-19,73824495.0,154494.0,539177,,127554300,P,G,,415842819,2013-10-21,367719150.0,154494.0,ABR (score=88 ABN=94996337669),High,
429484184,TALLANGATTA VALLEY PRIMARY SCHOOL,686.0,-36.355696,147.387278,,52.86,HONEYSUCKLE ROAD TALLANGATTA VALLEY 3701,429484184,367,320403,O,N,A,2019-01-16,566716315,2019-01-16,566716193.0,226564.0,429484183,,429484182,P,G,2019-01-16,566716306,2019-01-16,566716190.0,226564.0,ABR (score=88 ABN=85895361825),High,
100813059,GUY'S FOREST PASTORAL COMPANY PTY. LIMITED,679.11,-36.047503,147.66483,,67.75,2024 SHELLEY ROAD GUYS FOREST 3709,100813059,367,221900,O,N,A,2003-08-25,590873614,2020-05-19,369413862.0,282510.0,100813058,,124043623,P,G,2003-08-25,683334095,2022-08-02,590873675.0,282510.0,ABR (score=82 ABN=65008494586),High,
53060120,KOETONG SOAPS,676.8,-36.123333,147.572937,,59.64,GY LINK TRACK KOETONG 3704,53060120,367,NCPR,O,N,A,,534040541,2017-06-19,115692377.0,154494.0,4784827,,127557076,P,G,,415842670,2013-10-21,367714613.0,154494.0,ABR (score=88 ABN=94996337669),High,
134473525,BERRINGAMA BEEF,656.55,-36.180722,147.677081,,69.75,152 JEFFCOTT AND JEWELLS ROAD BERRINGAMA 3691,134473525,367,124950,O,N,A,2012-05-28,675382913,2022-04-04,675382547.0,354037.0,134473524,,134473523,P,G,2012-05-28,863641705,2025-03-07,681877963.0,354037.0,ABR (score=92 ABN=61053943118),High,
45453797,BUCKLAND & CO,649.37,-36.906351,146.902309,,92.4,CLEAR CREEK TRACK BUCKLAND 3740,45453797,300,NCPR,O,N,A,,869531108,2025-06-30,76287622.0,471610.0,4132948,,128729365,P,G,,581942955,2019-10-27,581827772.0,471610.0,ABR (score=93 ABN=55465351720),High,
45226730,MITTA MITTA LPO,649.25,-36.56896,147.464367,,73.94,HUMPY CREEK TRACK MITTA MITTA 3701,45226730,367,NCPR,O,N,A,,534039743,2017-06-19,96861767.0,154494.0,537860,,127555868,P,G,,830450685,2024-02-18,415885474.0,154494.0,ABR (score=88 ABN=62925984619),High,
45150245,NARIEL VALLEY FARM,644.64,-36.264817,147.819143,,84.2,697 BENAMBRA-CORRYONG ROAD NARIEL VALLEY 3707,45150245,367,129350,O,N,A,,361003739,2006-12-05,,,550051,,126112960,P,G,,864989363,2025-04-06,864428633.0,,ABR (score=100 ABN=84903832967),High,
45370412,,640.33,-36.715052,146.99336,,71.53,HILL PLANTATION LINK TRACK BRIGHT 3741,45370412,300,NCPR,O,N,A,,869531438,2025-06-30,80246972.0,471610.0,3879951,,128729331,P,G,,847061184,2024-05-19,679099122.0,471610.0,none,None,
45328622,BENALLA BITES,638.35,-36.493561,145.985994,,95.47,161 LINK ROAD BENALLA 3672,45328622,381,11101409,O,N,A,,875614157,2025-11-06,386003105.0,484915.0,770345,,102198233,P,G,,849244543,2024-06-02,567557765.0,484915.0,ABR (score=88 ABN=34717244879),High,
45223919,,634.27,-36.402587,147.337504,,52.77,BULLHEAD ROAD TALLANGATTA SOUTH 3701,45223919,367,NCPR,O,N,A,,534039418,2017-06-19,96856506.0,154494.0,4099174,,127554974,P,G,,830450670,2024-02-18,415873002.0,154494.0,none,None,
45324424,GOORAMBAT WAGYU,633.26,-36.384019,145.969616,,91.58,1734 BENALLA-YARRAWONGA ROAD GOORAMBAT 3725,45324424,381,11107588,O,N,A,,875608106,2025-11-06,585174811.0,484915.0,768533,,102196831,P,G,,585174809,2020-01-15,574116606.0,484915.0,ABR (score=90 ABN=12454728150),High,
45498964,TUNGAMAH CARS,631.15,-36.10905,145.840047,,96.75,1277 BURRAMINE ROAD TUNGAMAH 3728,45498964,347,24240,O,N,A,,494812261,2015-03-17,384445201.0,54379.0,1099508,,101202257,P,G,,494812252,2015-03-17,414798230.0,54379.0,ABR (score=90 ABN=75183190458),High,
5337868,BOORHAMAN PRIMARY SCHOOL,629.53,-36.268972,146.275722,,61.33,64 OKEEFE ROAD BOORHAMAN 3678,5337868,368,7794,O,N,A,,370900512,2009-04-03,,,1056862,,100552890,P,G,,596826248,2020-09-10,415856624.0,,ABR (score=82 ABN=16250698568),High,
45151964,,624.42,-36.044927,147.855891,,84.97,539 PINE MOUNTAIN CREEK ROAD PINE MOUNTAIN 3709,45151964,367,162700,O,N,A,,577434505,2019-08-01,522811219.0,1005.0,552916,,128566746,P,G,,673363829,2022-02-28,577434503.0,1005.0,none,None,
131632485,Greta,620.62,-36.661983,146.258564,,87.84,BENALLA-WHITFIELD ROAD GRETA SOUTH 3675,131632485,368,2291,O,N,A,2010-10-27,871272301,2025-08-06,377847888.0,475349.0,131632484,,131860830,P,G,2010-10-27,871272282,2025-08-06,682470295.0,475349.0,ABR (score=100 ABN=80561751886),High,
45226800,MITTA MITTA LPO,618.74,-36.607187,147.45355,,76.52,HOLLOWAYS LOG ROAD MITTA MITTA 3701,45226800,367,NCPR,O,N,A,,534040337,2017-06-19,96861871.0,154494.0,537941,,127555882,P,G,,415889784,2013-10-21,384782793.0,154494.0,ABR (score=88 ABN=62925984619),High,
45324290,BENALLA BITES,611.02,-36.477026,145.957357,,96.87,44 CHESNEY ROAD BENALLA 3672,45324290,381,11106796,O,N,A,,875612017,2025-11-06,571619305.0,484915.0,768489,,102208646,P,G,,849244523,2024-06-02,571619300.0,484915.0,ABR (score=88 ABN=34717244879),High,
45392874,,607.99,-36.574322,146.653705,,60.25,TRACK 2 WHOROULY SOUTH 3735,45392874,368,NCPR,O,N,A,,485072075,2014-08-14,351591105.0,23898.0,4342613,,128706622,P,G,,415886791,2013-10-21,367892961.0,23898.0,none,None,
45330123,,605.32,-36.28671,146.15507,,72.2,FERRIS ROAD BOWEYA 3675,45330123,368,NCPR,O,N,A,,485073781,2014-08-14,74231973.0,25294.0,772545,,128684206,P,G,,416126774,2013-10-21,378403868.0,25294.0,none,None,
45392836,,601.65,-36.605803,146.634724,,64.13,TRACK 4 WHOROULY SOUTH 3735,45392836,368,NCPR,O,N,A,,485069714,2014-08-14,351591153.0,22090.0,4342614,,128706624,P,G,,415889720,2013-10-21,367892965.0,22090.0,none,None,
45149761,LUCYVALE TENNIS CLUB INCORPORATED,600.78,-36.291302,147.578385,,64.5,LUCYVALE CREEK TRACK LUCYVALE 3691,45149761,367,NCPR,O,N,A,,534039931,2017-06-19,96834661.0,154494.0,549605,,128566614,P,G,,415857303,2013-10-21,367302711.0,154494.0,ABR (score=80 ABN=76347643500),High,
5337730,BOORHAMAN NORTH RECREATION RESERVE,597.27,-36.083673,146.222214,,62.28,15 OLD MURRAY VALLEY HIGHWAY BOORHAMAN NORTH 3685,5337730,368,9198,O,N,A,,376889367,2010-12-17,,,1056696,,129775092,P,G,,567043732,2019-01-21,459864962.0,,ABR (score=84 ABN=50655395274),High,
45353441,KANCOONA TRUST,593.16,-36.528224,147.028348,,51.48,RUNNING CREEK ROAD KANCOONA 3691,45353441,300,NCPR,O,N,A,,869530549,2025-06-30,96910792.0,471610.0,758977,,7318978,P,G,,825042564,2024-01-28,415883560.0,471610.0,ABR (score=89 ABN=87110606671),High,
45227053,GLENFIELD (MT. ALFRED) PTY. LIMITED,589.38,-36.030417,147.646622,,66.23,MT ALFRED ROAD MOUNT ALFRED 3709,45227053,367,218100,O,N,A,,609436368,2021-05-27,371144177.0,321977.0,538202,,128566454,P,G,,609436362,2021-05-27,415838612.0,321977.0,ABR (score=66 ABN=35008480617),Medium,
127814188,DARTMOUTH LODGES,589.05,-36.558455,147.504343,,75.56,2617 HORSFALL ROAD DARTMOUTH 3701,127814188,367,319897,O,N,A,2007-08-15,512290988,2016-05-10,382663188.0,105202.0,127814187,,128161826,P,G,2007-08-15,672095810,2022-02-14,512290975.0,105202.0,ABR (score=68 ABN=14406470637),Medium,
52509813,CHESHUNT GENERAL STORE,587.73,-36.626876,146.404974,,76.5,FAITHFULL STREET CHESHUNT 3678,52509813,368,18600,O,N,A,,672926992,2022-02-22,672918914.0,1005.0,4057654,,127647676,P,G,,845974985,2024-05-14,821561555.0,1005.0,ABR (score=84 ABN=63426420817),High,
125052226,GOORAMBAT WAGYU,583.83,-36.410169,145.964608,,93.11,GOORAMBAT-THOONA ROAD GOORAMBAT 3725,125052226,381,11103645,O,N,A,2005-08-19,875615128,2025-11-06,515638489.0,484915.0,125052225,,128678714,P,G,2005-08-19,697369748,2022-11-10,507502969.0,484915.0,ABR (score=90 ABN=12454728150),High,
45151265,LUCYVALE TENNIS CLUB INCORPORATED,579.58,-36.254395,147.626982,,67.25,37 MANSELLS ROAD LUCYVALE 3691,45151265,367,125300,O,N,A,,203691726,2003-04-03,,,551733,,101580807,P,G,,415856557,2013-10-21,382685376.0,,ABR (score=79 ABN=76347643500),Medium,
123961153,GUY'S FOREST PASTORAL COMPANY PTY. LIMITED,576.27,-36.034163,147.689464,,70.05,2200B SHELLEY ROAD GUYS FOREST 3709,123961153,367,222250,O,Y,A,2004-10-20,369413908,2008-08-13,,,100802014,134167570,123964132,P,G,2003-08-21,830450601,2024-02-18,673363823.0,,ABR (score=82 ABN=65008494586),High,
100802015,GUY'S FOREST PASTORAL COMPANY PTY. LIMITED,576.27,-36.034163,147.689464,,70.05,2200A SHELLEY ROAD GUYS FOREST 3709,100802015,367,222200,O,Y,A,2003-08-21,369413907,2008-08-13,,,100802014,134167570,123964132,P,G,2003-08-21,830450601,2024-02-18,673363823.0,,ABR (score=83 ABN=65008494586),High,
134167571,GUY'S FOREST PASTORAL COMPANY PTY. LIMITED,576.27,-36.034163,147.689464,,70.05,2200 SHELLEY ROAD GUYS FOREST 3709,134167571,367,,G,N,A,,381790408,2012-02-14,,,134167570,,123964132,B,G,,830450602,2024-02-18,673363824.0,,ABR (score=82 ABN=65008494586),High,
45225884,TALLANGATTA VALLEY PRIMARY SCHOOL,574.29,-36.291467,147.501502,,58.15,CRAVENSVILLE ROAD TALLANGATTA VALLEY 3701,45225884,367,NCPR,O,N,A,,534039535,2017-06-19,96860348.0,154494.0,536727,,127555712,P,G,,415857369,2013-10-21,367718415.0,154494.0,ABR (score=88 ABN=85895361825),High,
45226029,TALLANGATTA VALLEY PRIMARY SCHOOL,573.32,-36.409568,147.570718,,69.85,3724 TALLANGATTA CREEK ROAD TALLANGATTA VALLEY 3701,45226029,367,309250,O,N,A,,606067363,2021-03-22,375939969.0,314591.0,536878,,131425301,P,G,,689340634,2022-09-12,606067339.0,314591.0,ABR (score=88 ABN=85895361825),High,
45318931,TATONG HERBS,564.76,-36.673202,146.112885,,97.91,695 MOLYULLAH-TATONG ROAD TATONG 3673,45318931,381,11113198,O,N,A,,875612014,2025-11-06,807026165.0,484915.0,756423,,102199804,P,G,,807026161,2023-10-24,807021237.0,484915.0,ABR (score=86 ABN=21325033819),High,
5222774,,564.67,-36.354168,147.368631,,51.41,SCHEAFFER LANE TALLANGATTA SOUTH 3701,5222774,367,318450,O,N,A,,203701218,2003-04-04,,,536702,,127557492,P,G,,559216190,2018-09-04,415866670.0,,none,None,
5133770,CUDGEWA PAWS,562.72,-36.091036,147.825365,,82.15,360 LEAKES ROAD CUDGEWA 3705,5133770,367,133750,O,N,A,,606383754,2021-03-29,385382177.0,315604.0,552746,,128620956,P,G,,606383752,2021-03-29,572676942.0,315604.0,ABR (score=89 ABN=46611544577),High,
45149966,NARIEL VALLEY FARM,561.66,-36.31724,147.860076,,89.32,NARIEL GAP TRACK NARIEL VALLEY 3707,45149966,367,NCPR,O,N,A,,533750891,2017-06-14,96835019.0,154193.0,549832,,128566670,P,G,,415858746,2013-10-21,367302851.0,154193.0,ABR (score=100 ABN=84903832967),High,
45150198,NARIEL VALLEY FARM,559.16,-36.278821,147.821721,,84.82,629 BENAMBRA-CORRYONG ROAD NARIEL VALLEY 3707,45150198,367,129300,O,N,A,,361006366,2006-12-05,,,550027,,126435903,P,G,,864428635,2025-03-25,862027181.0,,ABR (score=100 ABN=84903832967),High,
100806319,KOETONG SOAPS,556.43,-36.123128,147.494066,,52.57,56 KEADYS ROAD KOETONG 3704,100806319,367,310400,O,N,A,2003-08-21,507737242,2016-02-08,480933221.0,92532.0,100806318,,101583181,P,G,2003-08-21,564119586,2018-11-27,564079456.0,92532.0,ABR (score=88 ABN=94996337669),High,
45392294,MEADOW CREEK NURSERY,552.69,-36.531789,146.43135,,66.78,1033 OXLEY-MEADOW CREEK ROAD MEADOW CREEK 3678,45392294,368,4035,O,N,A,,538578936,2017-09-14,538572417.0,165587.0,891102,,100553411,P,G,,538578933,2017-09-14,538572415.0,165587.0,ABR (score=90 ABN=15932171836),High,
45090278,BRIDGE,551.37,-36.048612,146.210505,,63.4,BARTROPS BRIDGE BRIMIN 3685,45090278,334,,O,N,A,,382325166,2012-05-04,368810610.0,,4114094,,127531827,P,G,,552365885,2018-05-28,516126065.0,,ABR (score=100 ABN=79870281665),High,
433194550,DARTMOUTH LODGES,547.69,-36.557451,147.529583,,77.09,DARTMOUTH ROAD DARTMOUTH 3701,433194550,367,,G,N,A,2020-12-07,601261703,2020-12-07,,304863.0,433194549,,433194548,B,G,2020-12-07,672641912,2022-02-18,672440542.0,304863.0,ABR (score=68 ABN=14406470637),Medium,
424039128,DARTMOUTH LODGES,547.69,-36.557451,147.529583,,77.09,2020 DARTMOUTH ROAD DARTMOUTH 3701,424039128,367,320302,O,Y,A,2016-05-10,601261662,2020-12-07,512290930.0,304863.0,424039127,433194549,424039126,P,G,2016-05-10,672440544,2022-02-16,672404872.0,304863.0,ABR (score=68 ABN=14406470637),Medium,
433194545,DARTMOUTH LODGES,547.69,-36.557451,147.529583,,77.09,DARTMOUTH ROAD DARTMOUTH 3701,433194545,367,320257,O,Y,A,2020-12-07,601261660,2020-12-07,,304863.0,424039127,433194549,424039126,P,G,2016-05-10,672440544,2022-02-16,672404872.0,304863.0,ABR (score=68 ABN=14406470637),Medium,
45391126,ROSE RIVER RUN,547.65,-36.831353,146.525863,,90.97,S E C TRACK ROSE RIVER 3678,45391126,368,NCPR,O,N,A,,485084093,2014-08-14,96921801.0,28293.0,889748,,127654116,P,G,,415906572,2013-10-21,384999116.0,28293.0,ABR (score=93 ABN=88181575463),High,
45150293,THOWGLA VALLEY FIRE FIGHTERS CREW INCORPORATED,546.88,-36.269087,147.887251,,90.25,NARIEL GAP ROAD THOWGLA VALLEY 3707,45150293,367,129100,O,N,A,,374960351,2010-04-14,,,550077,,131029534,P,G,,415857606,2013-10-21,384780877.0,,ABR (score=84 ABN=55944029028),High,
52590482,ROSE RIVER RUN,542.86,-36.9147,146.515225,,99.91,BASIN TRACK ROSE RIVER 3678,52590482,368,NCPR,O,N,A,,485069750,2014-08-14,78015251.0,22090.0,4210816,,127648084,P,G,,415910640,2013-10-21,367695583.0,22090.0,ABR (score=93 ABN=88181575463),High,
45316168,The trustee for Yarrawonga Trust,540.07,-36.042887,145.938829,,87.88,490 KATAMATITE-YARRAWONGA ROAD YARRAWONGA 3730,45316168,347,64527,O,N,A,,384450080,2012-10-03,207402802.0,,1058730,,129298916,P,G,,414794856,2013-10-21,369515817.0,,ABR (score=80 ABN=11669748936),High,
45325628,Bungeet West Books,539.94,-36.308012,146.032331,,83.41,947 BUNGEET ROAD BUNGEET WEST 3726,45325628,381,11101987,O,N,A,,875607849,2025-11-06,547937575.0,484915.0,769109,,102197650,P,G,,547937571,2018-03-05,547937467.0,484915.0,ABR (score=92 ABN=22843541673),High,
45149818,,534.48,-36.263561,147.538761,,60.07,POWERLINE ROAD SHELLEY 3701,45149818,367,320081,O,N,A,,370183872,2008-11-13,,,549662,,5141849,P,G,,415856518,2013-10-21,370183884.0,,none,None,
133546189,YUNDOOL POULTRY PALACE,532.5,-36.276574,145.835969,,99.52,BENALLA-TOCUMWAL ROAD YUNDOOL 3727,133546189,347,34215,O,N,A,2011-09-22,384446415,2012-10-03,380718337.0,,133546188,,133550207,P,G,2011-09-22,690465119,2022-09-29,414799745.0,,ABR (score=81 ABN=83240129584),High,
45315926,PEECHELBA CATTLE CO,526.96,-36.1652,146.219478,,63.3,2560 WANGARATTA-YARRAWONGA ROAD PEECHELBA 3678,45315926,347,56630,O,Y,A,,384449010,2012-10-03,381380902.0,,4490608,134158826,134024096,P,G,,459865093,2013-10-22,381759859.0,,ABR (score=95 ABN=57540685681),High,
134024008,PEECHELBA CATTLE CO,526.96,-36.1652,146.219478,,63.3,63 PEECHELBA ROAD PEECHELBA 3678,134024008,347,56622,O,Y,A,2011-12-14,384449009,2012-10-03,381380918.0,,4490608,134158826,134024096,P,G,,459865093,2013-10-22,381759859.0,,ABR (score=95 ABN=57540685681),High,
134024006,PEECHELBA CATTLE CO,526.96,-36.1652,146.219478,,63.3,2432 WANGARATTA-YARRAWONGA ROAD PEECHELBA 3678,134024006,347,56648,O,Y,A,2011-12-14,384449011,2012-10-03,381380903.0,,4490608,134158826,134024096,P,G,,459865093,2013-10-22,381759859.0,,ABR (score=95 ABN=57540685681),High,
134158827,PEECHELBA CATTLE CO,526.96,-36.1652,146.219478,,63.3,WANGARATTA-YARRAWONGA ROAD PEECHELBA 3678,134158827,347,,G,N,A,,381759860,2012-02-14,,,134158826,,134024096,B,G,,459865092,2013-10-22,381759852.0,,ABR (score=95 ABN=57540685681),High,
428557725,'Tintaldra Station',526.73,-36.055172,147.953208,,93.69,11512B MURRAY RIVER ROAD TINTALDRA 3708,428557725,367,165350,O,Y,A,2018-07-19,675382569,2022-04-04,596758972.0,1005.0,428557731,432716607,428557737,P,G,2018-07-19,688914019,2022-09-06,675382557.0,1005.0,OpenStreetMap (OSM:way/1466619912),High,
432716600,'Tintaldra Station',526.73,-36.055172,147.953208,,93.69,11512A MURRAY RIVER ROAD TINTALDRA 3708,432716600,367,165300,O,Y,A,2020-09-08,675382568,2022-04-04,596758973.0,1005.0,428557731,432716607,428557737,P,G,2018-07-19,688914019,2022-09-06,675382557.0,1005.0,OpenStreetMap (OSM:way/1466619912),High,
432716608,'Tintaldra Station',526.73,-36.055172,147.953208,,93.69,MURRAY RIVER ROAD TINTALDRA 3708,432716608,367,,G,N,A,2020-09-08,675382570,2022-04-04,596759045.0,1005.0,432716607,,432716606,B,G,2020-09-08,688914020,2022-09-06,675382558.0,1005.0,OpenStreetMap (OSM:way/1466619912),High,
131128923,MEADOW CREEK NURSERY,523.79,-36.602891,146.46874,,71.01,1085 MOYHU-MEADOW CREEK ROAD MEADOW CREEK 3678,131128923,368,3867,O,Y,A,2010-05-12,381578623,2012-01-30,378036749.0,,891292,134168110,134079627,P,G,,514081773,2016-06-09,415890964.0,,ABR (score=90 ABN=15932171836),High,
45392445,MEADOW CREEK NURSERY,523.79,-36.602891,146.46874,,71.01,865 MOYHU-MEADOW CREEK ROAD MEADOW CREEK 3678,45392445,368,3848,O,Y,A,,381692834,2012-02-03,378036750.0,,891292,134168110,134079627,P,G,,514081773,2016-06-09,415890964.0,,ABR (score=90 ABN=15932171836),High,
134168111,MEADOW CREEK NURSERY,523.79,-36.602891,146.46874,,71.01,MOYHU-MEADOW CREEK ROAD MEADOW CREEK 3678,134168111,368,,G,N,A,,381792601,2012-02-14,,,134168110,,134079627,B,G,,514081772,2016-06-09,415890965.0,,ABR (score=90 ABN=15932171836),High,
45226910,Burrowye Beef,523.67,-36.029316,147.530626,,55.82,190 MILLERS ROAD BURROWYE 3709,45226910,367,221000,O,N,A,,371144174,2009-05-08,,,538054,,101580667,P,G,,415838694,2013-10-21,367718828.0,,ABR (score=90 ABN=98577914119),High,
5133324,,523.53,-36.183481,148.005958,,99.09,165 UPPER MURRAY ROAD TOWONG UPPER 3707,5133324,367,170800,O,N,A,,878096300,2026-01-09,361624397.0,489666.0,551069,,101580705,P,G,,871301955,2025-08-06,566119660.0,489666.0,none,None,
422321593,GLENROY WEST PRIMARY SCHOOL,519.58,-36.548427,146.172123,,84.9,233 EMBLING ROAD GLENROWAN WEST 3675,422321593,381,11110715,O,N,A,2015-07-07,875610748,2025-11-06,872999510.0,484915.0,422321602,,422321608,P,G,2015-07-07,872999507,2025-09-11,776651528.0,484915.0,ABR (score=65 ABN=63674557977),Medium,
45324094,GOORAMBAT WAGYU,518.69,-36.421353,145.974722,,92.78,1327 BENALLA-YARRAWONGA ROAD GOORAMBAT 3725,45324094,381,11101441,O,N,A,,875608654,2025-11-06,609467716.0,484915.0,768422,,102196828,P,G,,609467659,2021-05-27,415611250.0,484915.0,ABR (score=90 ABN=12454728150),High,
45226974,Burrowye Beef,518.55,-36.057334,147.568301,,59.02,318 BURROWYE ROAD BURROWYE 3709,45226974,367,223450,O,N,A,,362057387,2007-04-12,,,538118,,124939803,P,G,,415840301,2013-10-21,384703724.0,,ABR (score=90 ABN=98577914119),High,
428557727,Greg Greg Homestead,517.94,-36.06557,147.9829,,96.34,11953 MURRAY RIVER ROAD TOWONG 3707,428557727,367,320399,O,N,A,2018-07-19,565085311,2018-12-12,564328408.0,1010.0,428557733,,428557739,P,G,2018-07-19,688684678,2022-09-01,565085313.0,1010.0,OpenStreetMap (OSM:relation/17406442),High,
45392482,THE TRUSTEE FOR THE WHITFIELD SUPER FUND,517.04,-36.73042,146.437898,,84.44,1279 EDI-CHESHUNT ROAD WHITFIELD 3733,45392482,368,4975,O,N,A,,377461133,2011-03-11,,,891334,,100548579,P,G,,688630272,2022-08-31,547047116.0,,ABR (score=79 ABN=41969316064),Medium,
45374710,DANDONGADALE PASTORAL CO. PTY. LTD.,514.69,-36.83209,146.660722,,87.15,ABBEYARDS ROAD DANDONGADALE 3737,45374710,300,6912,O,N,A,,562859858,2018-11-09,203107562.0,219169.0,837711,,8098841,P,G,,575110222,2019-06-23,574615955.0,219169.0,ABR (score=92 ABN=68007213461),High,
5348314,GLENROY WEST KINDERGARTEN INC,511.31,-36.508038,146.169918,,82.37,619 GLENROWAN WEST ROAD GLENROWAN WEST 3675,5348314,381,11109311,O,N,A,,875608073,2025-11-06,547936412.0,484915.0,772119,,102199822,P,G,,547936410,2018-03-05,459865605.0,484915.0,ABR (score=68 ABN=80657461465),Medium,
45088883,BRIMIN BEEF,510.98,-36.031075,146.254497,,59.57,479 BRIMIN ROAD BRIMIN 3685,45088883,334,4807,O,N,A,,376889223,2010-12-17,,,205874,,100270525,P,G,,599293983,2020-10-30,415781631.0,,ABR (score=88 ABN=40759876320),High,
52720747,CHESNEY VALE OLIVES,509.49,-36.444029,146.031158,,89.31,423 LAKE MOKOAN ROAD CHESNEY VALE 3725,52720747,381,11108008,O,N,A,,875611283,2025-11-06,374876385.0,484915.0,4398383,,102197447,P,G,,874952333,2025-10-22,870755812.0,484915.0,ABR (score=90 ABN=28679769771),High,
134167487,TALLANGATTA VALLEY PRIMARY SCHOOL,509.25,-36.326137,147.411814,,52.85,1714 TALLANGATTA CREEK ROAD TALLANGATTA VALLEY 3701,134167487,367,,G,N,A,,381789925,2012-02-14,,,134167486,,123964047,B,G,,415864366,2013-10-21,384582510.0,,ABR (score=88 ABN=85895361825),High,
123966483,TALLANGATTA VALLEY PRIMARY SCHOOL,509.25,-36.326137,147.411814,,52.85,1714B TALLANGATTA CREEK ROAD TALLANGATTA VALLEY 3701,123966483,367,317750,O,Y,A,2004-10-21,369414205,2008-08-13,,,536522,134167486,123964047,P,G,,415864365,2013-10-21,384582509.0,,ABR (score=88 ABN=85895361825),High,
45225692,TALLANGATTA VALLEY PRIMARY SCHOOL,509.25,-36.326137,147.411814,,52.85,1714A TALLANGATTA CREEK ROAD TALLANGATTA VALLEY 3701,45225692,367,317200,O,Y,A,,369414204,2008-08-13,,,536522,134167486,123964047,P,G,,415864365,2013-10-21,384582509.0,,ABR (score=88 ABN=85895361825),High,
45225727,TALLANGATTA VALLEY PRIMARY SCHOOL,508.29,-36.385921,147.423263,,57.45,WATERFALL CREEK TRACK TALLANGATTA VALLEY 3701,45225727,367,NCPR,O,N,A,,534039824,2017-06-19,96860050.0,154494.0,536564,,4911697,P,G,,415869235,2013-10-21,367718377.0,154494.0,ABR (score=88 ABN=85895361825),High,
45227106,Walwa Cabinets,506.61,-36.019599,147.762595,,76.75,502 SANDY CREEK ROAD WALWA 3709,45227106,367,233100,O,N,A,,364433034,2007-07-30,,,538259,,125133798,P,G,,673363818,2022-02-28,415838423.0,,ABR (score=81 ABN=35614531489),High,
422585676,TINTALDRA LANDCARE,506.2,-36.02965,147.9015,,89.16,MURRAY RIVER ROAD TINTALDRA 3708,422585676,367,320324,O,N,A,2015-08-14,507737600,2016-02-08,500563422.0,92532.0,422585675,,422585674,P,G,2015-08-14,576607257,2019-07-15,565887690.0,92532.0,ABR (score=86 ABN=70596976161),High,
45329335,TAMINICK THREADS,505.71,-36.362304,146.156896,,75.19,1185 GLENROWAN-BOWEYA ROAD TAMINICK 3675,45329335,381,11108347,O,N,A,,875612428,2025-11-06,571586535.0,484915.0,770962,,124216536,P,G,,571586525,2019-04-24,571585821.0,484915.0,ABR (score=86 ABN=32533198550),High,
45392786,BOBINAWARRAH BITS,504.68,-36.570021,146.54451,,64.27,452 MCINNES LANE BOBINAWARRAH 3678,45392786,368,4996,O,N,A,,507209479,2016-01-28,370892326.0,91356.0,891664,,100547566,P,G,,511405418,2016-04-21,507209476.0,91356.0,ABR (score=93 ABN=41900783065),High,
45327721,THE TRUSTEE FOR SMITH FAMILY TRUST & THE TRUSTEE FOR WINTON FAMILY TRUST,502.57,-36.511384,146.103586,,87.47,255 WINTON-GLENROWAN ROAD WINTON 3673,45327721,381,11109105,O,N,A,,875608663,2025-11-06,668655898.0,484915.0,769532,,102208962,P,G,,668655716,2021-11-30,612176956.0,484915.0,ABR (score=74 ABN=91634287349),Medium,
45324536,GOORAMBAT WAGYU,502.3,-36.37822,145.883772,,98.55,184 NOORAMUNGA ROAD GOORAMBAT 3725,45324536,381,11101268,O,N,A,,875608691,2025-11-06,375382255.0,484915.0,768574,,102206675,P,G,,786465590,2023-07-26,459865440.0,484915.0,ABR (score=90 ABN=12454728150),High,
45149743,NARIEL VALLEY FARM,11492.53,-36.48699,147.908414,,100.46,MARGINAL ROAD NARIEL VALLEY 3707,45149743,367,NCPR,O,N,A,,534040500,2017-06-19,96834638.0,154494.0,549587,,128566610,P,G,,664405973,2021-09-21,585677981.0,154494.0,ABR (score=100 ABN=84903832967),High,
45393712,ROSE RIVER RUN,8928.36,-36.942536,146.613281,,100.09,DANDONGADALE-BUFFALO DIVIDE TRACK ROSE RIVER 3678,45393712,368,NCPR,O,N,A,,485084486,2014-08-14,96922462.0,29709.0,4104237,,34832927,P,G,,670822474,2022-01-19,572103565.0,29709.0,ABR (score=93 ABN=88181575463),High,
45320246,Lima,7735.64,-36.857311,145.935486,,123.47,BAMFORDS TRACK LIMA EAST 3673,45320246,381,NCPR,O,N,A,,547936258,2018-03-05,351770289.0,184931.0,4068084,,127453602,P,G,,872111397,2025-08-26,698680466.0,184931.0,ABR (score=100 ABN=73074421063),High,
45393613,TOLMIE FARM,7295.34,-36.95581,146.366061,,109.48,EVANS CREEK TRACK TOLMIE 3723,45393613,382,NCPR,O,N,A,,672907443,2022-02-22,369676141.0,349452.0,4205829,,127648064,P,G,,689055352,2022-09-07,670822479.0,349452.0,ABR (score=98 ABN=66328041401),High,
45453884,Harrietville Cabins,6815.46,-37.013066,146.987182,,104.45,GREAT ALPINE ROAD HARRIETVILLE 3741,45453884,300,NCPR,O,N,A,,869530936,2025-06-30,73936805.0,471610.0,4105255,,128726105,P,G,,698652065,2022-11-16,671108126.0,471610.0,ABR (score=90 ABN=68881687302),High,
45393699,BUCKLAND & CO,6435.99,-36.95959,146.703341,,100.09,SCHULTZ TRACK BUCKLAND 3740,45393699,300,NCPR,O,N,A,,869530919,2025-06-30,96922456.0,471610.0,4104239,,128741321,P,G,,670822480,2022-01-19,415915134.0,471610.0,ABR (score=93 ABN=55465351720),High,
52550001,Boho South Hall Inc.,6225.89,-36.765273,145.875297,,120.66,CHAPMANS ROAD BOHO SOUTH 3669,52550001,381,11131166,O,N,A,,875610797,2025-11-06,360355841.0,484915.0,4145983,,128694664,P,G,,698680465,2022-11-16,415895518.0,484915.0,ABR (score=87 ABN=58318176207),High,
45453896,Abbey Rd Wholesale,6152.66,-36.996422,146.863718,,102.49,MT SELWYN ROAD ABBEYARD 3737,45453896,300,NCPR,O,N,A,,869530932,2025-06-30,73936753.0,471610.0,4105248,,128726095,P,G,,670896349,2022-01-20,415913869.0,471610.0,ABR (score=72 ABN=98475031305),Medium,
45317980,TATONG HERBS,5477.71,-36.778532,146.18701,,101.79,LOOMBAH WEIR TRACK TATONG 3673,45317980,381,NCPR,O,N,A,,554453324,2018-06-27,351770493.0,201602.0,4338962,,127453724,P,G,,538942187,2017-09-19,505872680.0,201602.0,ABR (score=86 ABN=21325033819),High,
45393964,WABONGA PRESS,5012.69,-36.95598,146.457269,,106.09,TOP CROSSING TRACK WABONGA 3678,45393964,368,NCPR,O,N,A,,485071991,2014-08-14,371186282.0,23898.0,4205826,,128700348,P,G,,572103561,2019-05-07,571884037.0,23898.0,ABR (score=88 ABN=99342063296),High,
45149937,The Trustee for THE BIGGARA PARTNERSHIP TRUST,4836.84,-36.39354,147.954949,,100.12,WALKERS ROAD BIGGARA 3707,45149937,367,NCPR,O,N,A,,534040433,2017-06-19,96834969.0,154494.0,4083799,,128566090,P,G,,670789699,2022-01-19,585677978.0,154494.0,ABR (score=77 ABN=44925702103),Medium,
45453895,Abbey Rd Wholesale,3230.65,-37.048643,146.858523,,108.3,GREAT DIVIDING RANGE TRACK ABBEYARD 3737,45453895,300,NCPR,O,N,A,,869531099,2025-06-30,73936730.0,471610.0,4105247,,128726093,P,G,,670896354,2022-01-20,670822486.0,471610.0,ABR (score=68 ABN=98475031305),Medium,
45390863,TOLMIE FARM,3066.45,-36.850231,146.252937,,104.55,MADHOUSE ROAD TOLMIE 3723,45390863,368,NCPR,O,N,A,,485071989,2014-08-14,85689655.0,23898.0,4128607,,128702790,P,G,,541758725,2017-11-08,540738959.0,23898.0,ABR (score=98 ABN=66328041401),High,
45390350,,2997.03,-36.898978,146.08155,,118.08,MT SAMARIA ROAD BRIDGE CREEK 3723,45390350,382,,O,N,A,,351779506,2004-05-11,,,4121646,,127434344,P,G,,415908404,2013-10-21,363725736.0,,none,None,
45194266,YALCA CATTLE,2684.83,-35.86128,145.277458,,149.44,MANNIONS ROAD YALCA 3637,45194266,347,,O,N,A,,717720569,2023-02-08,590868853.0,385346.0,4530554,,127505470,P,G,,415833882,2013-10-21,383031805.0,385346.0,ABR (score=93 ABN=21937442139),High,
45393977,WABONGA PRESS,2553.71,-36.98063,146.564355,,105.39,WILD HORSE GAP TRACK WABONGA 3678,45393977,368,NCPR,O,N,A,,485069800,2014-08-14,96922653.0,22090.0,4205828,,127654774,P,G,,670822477,2022-01-19,572103568.0,22090.0,ABR (score=88 ABN=99342063296),High,
452606341,Maindample park pastoral,2311.11,-37.07608,145.935393,,141.55,934 ROYALTOWN ROAD MAINDAMPLE 3723,452606341,382,12262523,O,Y,A,2022-01-17,877693061,2025-12-18,670710318.0,489478.0,960746,452606417,126576245,P,G,,670710813,2022-01-17,551074005.0,489478.0,ABR (score=93 ABN=87265708382),High,
452606418,Maindample park pastoral,2311.11,-37.07608,145.935393,,141.55,ROYALTOWN ROAD MAINDAMPLE 3723,452606418,382,,G,N,A,2022-01-17,670710851,2022-01-17,,346427.0,452606417,,452606416,B,G,2022-01-17,670710432,2022-01-17,,346427.0,ABR (score=93 ABN=87265708382),High,
45386123,Maindample park pastoral,2311.11,-37.07608,145.935393,,141.55,896 ROYALTOWN ROAD MAINDAMPLE 3723,45386123,382,12262515,O,Y,A,,877693060,2025-12-18,670710320.0,489478.0,960746,452606417,126576245,P,G,,670710813,2022-01-17,551074005.0,489478.0,ABR (score=93 ABN=87265708382),High,
45317699,,2308.93,-36.845564,146.068796,,114.32,MT SAMARIA ROAD BRIDGE CREEK 3723,45317699,381,NCPR,O,N,A,,554453502,2018-06-27,351770658.0,201602.0,4121620,,127453614,P,G,,415906575,2013-10-21,379606451.0,201602.0,none,None,
52774996,,2139.63,-36.397869,145.69981,,114.88,18 RIDGE ROAD DOOKIE COLLEGE 3647,52774996,328,170175,O,Y,A,,666725875,2021-10-28,612657971.0,338770.0,984635,134122890,102052648,P,G,,858322243,2024-10-28,852627244.0,338770.0,none,None,
52774991,,2139.63,-36.397869,145.69981,,114.88,MAIN DRIVE DOOKIE COLLEGE 3647,52774991,328,170149,O,Y,A,,666725870,2021-10-28,612657966.0,338770.0,984635,134122890,102052648,P,G,,858322243,2024-10-28,852627244.0,338770.0,none,None,
52774992,,2139.63,-36.397869,145.69981,,114.88,2 RIDGE ROAD DOOKIE COLLEGE 3647,52774992,328,170147,O,Y,A,,666725871,2021-10-28,612657967.0,338770.0,984635,134122890,102052648,P,G,,858322243,2024-10-28,852627244.0,338770.0,none,None,
52774995,,2139.63,-36.397869,145.69981,,114.88,16 RIDGE ROAD DOOKIE COLLEGE 3647,52774995,328,170152,O,Y,A,,666725874,2021-10-28,612657970.0,338770.0,984635,134122890,102052648,P,G,,858322243,2024-10-28,852627244.0,338770.0,none,None,
52775007,,2139.63,-36.397869,145.69981,,114.88,26 NORTH DRIVE DOOKIE COLLEGE 3647,52775007,328,170182,O,Y,A,,666725878,2021-10-28,612657974.0,338770.0,984635,134122890,102052648,P,G,,858322243,2024-10-28,852627244.0,338770.0,none,None,
52775002,,2139.63,-36.397869,145.69981,,114.88,21 NORTH DRIVE DOOKIE COLLEGE 3647,52775002,328,170177,O,Y,A,,666725876,2021-10-28,612657972.0,338770.0,984635,134122890,102052648,P,G,,858322243,2024-10-28,852627244.0,338770.0,none,None,
52775003,,2139.63,-36.397869,145.69981,,114.88,22 NORTH DRIVE DOOKIE COLLEGE 3647,52775003,328,170178,O,Y,A,,666725877,2021-10-28,612657973.0,338770.0,984635,134122890,102052648,P,G,,858322243,2024-10-28,852627244.0,338770.0,none,None,
52774994,,2139.63,-36.397869,145.69981,,114.88,14 RIDGE ROAD DOOKIE COLLEGE 3647,52774994,328,170151,O,Y,A,,666725873,2021-10-28,612657969.0,338770.0,984635,134122890,102052648,P,G,,858322243,2024-10-28,852627244.0,338770.0,none,None,
52774993,,2139.63,-36.397869,145.69981,,114.88,10 RIDGE ROAD DOOKIE COLLEGE 3647,52774993,328,170150,O,Y,A,,666725872,2021-10-28,612657968.0,338770.0,984635,134122890,102052648,P,G,,858322243,2024-10-28,852627244.0,338770.0,none,None,
52775009,,2139.63,-36.397869,145.69981,,114.88,28 POST OFFICE PLACE DOOKIE COLLEGE 3647,52775009,328,170184,O,Y,A,,666725880,2021-10-28,612657976.0,338770.0,984635,134122890,102052648,P,G,,858322243,2024-10-28,852627244.0,338770.0,none,None,
52775010,,2139.63,-36.397869,145.69981,,114.88,49 CURRAWA RISE DOOKIE COLLEGE 3647,52775010,328,170185,O,Y,A,,666725881,2021-10-28,612657977.0,338770.0,984635,134122890,102052648,P,G,,858322243,2024-10-28,852627244.0,338770.0,none,None,
52775008,,2139.63,-36.397869,145.69981,,114.88,27 POST OFFICE PLACE DOOKIE COLLEGE 3647,52775008,328,170183,O,Y,A,,666725879,2021-10-28,612657975.0,338770.0,984635,134122890,102052648,P,G,,858322243,2024-10-28,852627244.0,338770.0,none,None,
52774990,,2139.63,-36.397869,145.69981,,114.88,1 RIDGE ROAD DOOKIE COLLEGE 3647,52774990,328,170148,O,Y,A,,666725869,2021-10-28,612657965.0,338770.0,984635,134122890,102052648,P,G,,858322243,2024-10-28,852627244.0,338770.0,none,None,
52774989,,2139.63,-36.397869,145.69981,,114.88,940 DOOKIE-NALINGA ROAD DOOKIE COLLEGE 3647,52774989,328,170146,O,Y,A,,666725868,2021-10-28,612657964.0,338770.0,984635,134122890,102052648,P,G,,858322243,2024-10-28,852627244.0,338770.0,none,None,
134122891,,2139.63,-36.397869,145.69981,,114.88,COLLEGE CRESCENT W DOOKIE COLLEGE 3647,134122891,328,,G,N,A,,666725883,2021-10-28,612657882.0,338770.0,134122890,,102052648,B,G,,858322242,2024-10-28,852627243.0,338770.0,none,None,
52775011,,2139.63,-36.397869,145.69981,,114.88,50 CURRAWA RISE DOOKIE COLLEGE 3647,52775011,328,170186,O,Y,A,,666725882,2021-10-28,612657978.0,338770.0,984635,134122890,102052648,P,G,,858322243,2024-10-28,852627244.0,338770.0,none,None,
45170202,Strathbogie Inc,1853.75,-36.914026,145.815568,,135.54,RUOAKS ROAD STRATHBOGIE 3666,45170202,364,NCPR,O,N,A,,550041372,2018-04-16,96844288.0,189665.0,4068024,,127444366,P,G,,415909789,2013-10-21,379756319.0,189665.0,ABR (score=94 ABN=20889816829),High,
52762293,ARCHERTON PTY LTD,1839.1,-36.879966,146.189988,,110.49,OLD TOLMIE ROAD ARCHERTON 3723,52762293,381,NCPR,O,N,A,,554453382,2018-06-27,351770526.0,201602.0,4492377,,128705664,P,G,,415906896,2013-10-21,379558698.0,201602.0,ABR (score=67 ABN=85655961292),Medium,
430725257,ARCHERTON PTY LTD,1701.1,-36.873206,146.214856,,108.59,TATONG-TOLMIE ROAD ARCHERTON 3723,430725257,381,NCPR,O,N,A,2019-09-06,579361874,2019-09-06,,254164.0,430725256,,430725255,P,G,2019-09-06,579361872,2019-09-06,,254164.0,ABR (score=67 ABN=85655961292),Medium,
45393965,,1665.14,-36.939292,146.483383,,103.49,BURNT TOP TRACK CHESHUNT SOUTH 3678,45393965,368,NCPR,O,N,A,,485073646,2014-08-14,96922635.0,25294.0,4205827,,132341841,P,G,,415911058,2013-10-21,378254391.0,25294.0,none,None,
5217982,EUROA BP,1653.51,-36.833404,145.599919,,144.82,1035 EUROA-MANSFIELD ROAD EUROA 3666,5217982,364,13309836,O,N,A,,876784868,2025-12-02,585677495.0,487388.0,507288,,125298588,P,G,,585677473,2020-01-23,571022141.0,487388.0,ABR (score=90 ABN=95068974559),High,
45322736,SANDOR TARNOK,1602.89,-36.52969,145.836633,,109.16,995 BASIN ROAD TARNOOK 3670,45322736,381,11126117,O,N,A,,875607524,2025-11-06,498952684.0,484915.0,767925,,102197571,P,G,,498952682,2015-07-07,459865677.0,484915.0,ABR (score=75 ABN=58241541885),Medium,
52545652,JUNCTION CREEK,1581.18,-36.848685,145.882368,,126.25,POLICE TRACK CREEK JUNCTION 3669,52545652,381,,O,N,A,,875609722,2025-11-06,359889499.0,484915.0,4136871,,130987185,P,G,,698680467,2022-11-16,415906418.0,484915.0,ABR (score=74 ABN=17474010276),Medium,
124930878,Kaarimba Station,1573.12,-36.172972,145.279678,,147.49,322 PURDIES ROAD KAARIMBA 3635,124930878,347,150672,O,N,A,2005-07-05,384461420,2012-10-03,366612454.0,,124930877,,127271163,P,G,2005-07-05,812661748,2023-11-26,459865124.0,,ABR (score=96 ABN=81005653286),High,
45320525,JUNCTION CREEK,1471.0,-36.909985,145.921961,,128.47,HARPERS NO3 TRACK CREEK JUNCTION 3669,45320525,382,,O,N,A,,351779212,2004-05-11,,,4068090,,127434164,P,G,,415910453,2013-10-21,379754982.0,,ABR (score=74 ABN=17474010276),Medium,
45390334,Lima,1451.35,-36.875758,146.045407,,118.21,WEST BOUNDARY TRACK LIMA SOUTH 3673,45390334,381,NCPR,O,N,A,,554453340,2018-06-27,351770280.0,201602.0,4121618,,127452944,P,G,,574992709,2019-06-20,574983097.0,201602.0,ABR (score=100 ABN=73074421063),High,
5412320,STUDIO BARWITE,1436.49,-37.001341,146.242107,,119.21,2157 LONG LANE BARWITE 3722,5412320,382,12256764,O,N,A,,877699579,2025-12-18,545417828.0,489478.0,888079,,103082937,P,G,,573514261,2019-05-27,573462039.0,489478.0,ABR (score=96 ABN=95726745589),High,
45387161,BONNIE DOON CENTRAL,1400.3,-36.931293,145.899382,,131.57,CLEAR CREEK TRACK BONNIE DOON 3720,45387161,382,,O,N,A,,604766204,2021-02-17,383746876.0,311112.0,962740,,127437020,P,G,,603109666,2021-01-21,415618124.0,311112.0,ABR (score=89 ABN=63107296757),High,
452186125,Strathbogie Inc,1317.79,-36.848677,145.660997,,141.42,277 MT WOMBAT LOOKOUT ROAD STRATHBOGIE 3666,452186125,364,13363080,O,N,A,2021-10-25,876781969,2025-12-02,672968023.0,487388.0,452186396,,452186424,P,G,2021-10-25,841328367,2024-04-15,816154807.0,487388.0,ABR (score=94 ABN=20889816829),High,
45169969,GOORAM FARMS,1250.79,-36.897764,145.609291,,148.39,269 KILLEENS HILL ROAD GOORAM 3666,45169969,364,13311402,O,N,A,,876786172,2025-12-02,528803907.0,487388.0,401886,,125661071,P,G,,528803905,2017-03-30,504556128.0,487388.0,ABR (score=96 ABN=25478638242),High,
45390323,TOLMIE FARM,1237.4,-36.979177,146.294532,,114.76,CAMBATONG ROAD TOLMIE 3723,45390323,382,,O,N,A,,351778620,2004-05-11,,,888524,,127436720,P,G,,415913620,2013-10-21,363730488.0,,ABR (score=98 ABN=66328041401),High,
45318527,MOORNGAG CEMETERY TRUST,1156.78,-36.695693,146.05321,,103.55,83 MARTIN ROAD MOORNGAG 3673,45318527,381,11114964,O,N,A,,875608672,2025-11-06,682570154.0,484915.0,756278,,102199989,P,G,,682570000,2022-07-21,519875662.0,484915.0,ABR (score=90 ABN=96106102895),High,
45328445,BENALLA BITES,1089.86,-36.642487,145.933566,,108.26,218 DOBSON ROAD BENALLA 3672,45328445,381,11119674,O,N,A,,875608667,2025-11-06,855621862.0,484915.0,770215,,102199217,P,G,,855621859,2024-08-23,855621764.0,484915.0,ABR (score=88 ABN=34717244879),High,
45343915,COOMBOONA HOLDINGS PTY. LTD.,1066.64,-36.272751,145.32826,,144.32,COOMBOONA TRACK COOMBOONA 3629,45343915,328,NCPR,O,N,A,,529071514,2017-04-04,76558641.0,145774.0,4186750,,128641897,P,G,,815591267,2023-12-03,415855507.0,145774.0,ABR (score=94 ABN=26606464788),High,
459065130,,1036.26,-37.121782,146.168812,,134.04,[Address lookup pending for PROP_PFI: 459065130],459065130,382,12225801,O,Y,A,2025-09-24,877698176,2025-12-18,873586375.0,489478.0,865505,422603449,126572123,P,G,,574524843,2019-06-13,574524621.0,489478.0,none,None,
45389541,DELATITE COURT,1036.26,-37.121782,146.168812,,134.04,361 DELATITE LANE DELATITE 3723,45389541,382,12240925,O,Y,A,,877699417,2025-12-18,574637858.0,489478.0,865505,422603449,126572123,P,G,,574524843,2019-06-13,574524621.0,489478.0,ABR (score=89 ABN=25055016935),High,
422603450,DELATITE COURT,1036.26,-37.121782,146.168812,,134.04,181 DELATITE LANE DELATITE 3723,422603450,382,,G,N,A,,575049112,2019-06-21,574637268.0,1005.0,422603449,,422603448,B,G,2015-08-18,575049085,2019-06-21,574524942.0,1005.0,ABR (score=89 ABN=25055016935),High,
427022380,DELATITE COURT,1036.26,-37.121782,146.168812,,134.04,361 DELATITE LANE DELATITE 3723,427022380,382,12226007,O,Y,A,2017-10-11,877698185,2025-12-18,574637274.0,489478.0,865505,422603449,126572123,P,G,,574524843,2019-06-13,574524621.0,489478.0,ABR (score=89 ABN=25055016935),High,
422603392,DELATITE COURT,1036.26,-37.121782,146.168812,,134.04,361B DELATITE LANE DELATITE 3723,422603392,382,12240933,O,Y,A,,877693050,2025-12-18,574637267.0,489478.0,865505,422603449,126572123,P,G,,574524843,2019-06-13,574524621.0,489478.0,ABR (score=89 ABN=25055016935),High,
45393673,TOLMIE FARM,1028.15,-36.943435,146.324253,,110.0,CAMBATONG ROAD TOLMIE 3723,45393673,382,,O,N,A,,369676023,2008-09-12,,,892878,,128702244,P,G,,415911496,2013-10-21,367884205.0,,ABR (score=98 ABN=66328041401),High,
45390317,TOLMIE FARM,1019.67,-36.970217,146.271727,,114.9,BUNSTONS ROAD TOLMIE 3723,45390317,382,,O,N,A,,351778619,2004-05-11,,,888518,,128660500,P,G,,415912786,2013-10-21,367596196.0,,ABR (score=98 ABN=66328041401),High,
45235533,ULUPNA DEMOLITIONS PTY. LTD.,956.38,-35.823626,145.494144,,131.03,546 ULUPNA BRIDGE ROAD ULUPNA 3641,45235533,347,134007,O,N,A,,716517530,2023-01-23,609006912.0,383798.0,577820,,101212700,P,G,,688949155,2022-09-06,609006910.0,383798.0,ABR (score=76 ABN=32064930767),Medium,
5412294,MANSFIELD ABATTOIR,863.2,-36.974355,146.084677,,124.5,957 LONG LANE MANSFIELD 3722,5412294,382,12253514,O,N,A,,877692481,2025-12-18,369683268.0,489478.0,887912,,126573453,P,G,,541472422,2017-11-02,541370943.0,489478.0,ABR (score=86 ABN=53006716507),High,
420067625,BUNBARTHA BEEF,861.09,-36.207975,145.294845,,146.44,365A NATHALIA BOUNDARY ROAD BUNBARTHA 3634,420067625,328,,G,N,A,2014-02-10,817309020,2023-12-14,582523842.0,1005.0,420067624,,420067623,B,G,2014-02-10,817309008,2023-12-14,815590602.0,1005.0,ABR (score=91 ABN=32151801124),High,
45343872,BUNBARTHA BEEF,861.09,-36.207975,145.294845,,146.44,365 NATHALIA BOUNDARY ROAD BUNBARTHA 3634,45343872,328,176775,O,Y,A,,613121564,2021-07-30,582523858.0,1004.0,1023905,420067624,102008606,P,G,,815590601,2023-12-03,574947239.0,1004.0,ABR (score=91 ABN=32151801124),High,
430254497,BUNBARTHA BEEF,861.09,-36.207975,145.294845,,146.44,365A NATHALIA BOUNDARY ROAD BUNBARTHA 3634,430254497,328,203765,O,Y,A,2019-06-20,613121393,2021-07-30,582523852.0,1004.0,1023905,420067624,102008606,P,G,,815590601,2023-12-03,574947239.0,1004.0,ABR (score=91 ABN=32151801124),High,
45320032,JUNCTION CREEK,860.03,-36.783534,145.911301,,119.5,MT LINDSAY TRACK CREEK JUNCTION 3669,45320032,381,NCPR,O,N,A,,547936249,2018-03-05,351770299.0,184931.0,4145981,,128706598,P,G,,504310266,2015-11-18,415902103.0,184931.0,ABR (score=74 ABN=17474010276),Medium,
52552408,,857.81,-36.857208,146.121114,,112.26,SPRING CREEK ROAD BRIDGE CREEK 3723,52552408,381,11131125,O,N,A,,875610185,2025-11-06,371605133.0,484915.0,4148422,,129957049,P,G,,459866245,2013-10-22,387197968.0,484915.0,none,None,
45159433,KARRAMOMUS RIFLE CLUB INC,851.36,-36.51228,145.544236,,132.28,1025 VIOLET TOWN BOUNDARY ROAD KARRAMOMUS 3631,45159433,328,194342,O,N,A,,572347824,2019-05-09,496907267.0,239612.0,375538,,102029336,P,G,,815627324,2023-12-03,698532814.0,239612.0,ABR (score=82 ABN=23781078501),High,
52762295,ARCHERTON PTY LTD,836.37,-36.870487,146.173403,,110.53,JONES ROAD ARCHERTON 3723,52762295,381,11131091,O,N,A,,875607500,2025-11-06,368855270.0,484915.0,4448829,,136336583,P,G,,459866239,2013-10-22,387407264.0,484915.0,ABR (score=67 ABN=85655961292),Medium,
129402493,ROSE RIVER RUN,826.01,-36.956723,146.512432,,104.37,UPPER ROSE RIVER ROAD ROSE RIVER 3678,129402493,368,16558,O,N,A,2008-10-20,371719949,2009-07-23,,,129402492,,129402491,P,G,2008-10-20,415912755,2013-10-21,378110620.0,,ABR (score=93 ABN=88181575463),High,
429984765,Koalakrane Shepparton North,825.3,-36.316464,145.380156,,140.52,5440A BARMAH-SHEPPARTON ROAD SHEPPARTON NORTH 3631,429984765,328,176527,O,Y,A,2019-05-01,573459185,2019-05-27,573457270.0,1005.0,429984764,430121432,429984763,P,G,2019-05-01,815592870,2023-12-03,573459132.0,1005.0,ABR (score=89 ABN=42260873457),High,
430121433,Koalakrane Shepparton North,825.3,-36.316464,145.380156,,140.52,BARMAH-SHEPPARTON ROAD SHEPPARTON NORTH 3631,430121433,328,,G,N,A,2019-05-27,573458992,2019-05-27,573457271.0,1005.0,430121432,,430121431,B,G,2019-05-27,815592871,2023-12-03,573458965.0,1005.0,ABR (score=89 ABN=42260873457),High,
5375782,Koalakrane Shepparton North,825.3,-36.316464,145.380156,,140.52,5440 BARMAH-SHEPPARTON ROAD SHEPPARTON NORTH 3631,5375782,328,176492,O,Y,A,,573459186,2019-05-27,573457272.0,1005.0,429984764,430121432,429984763,P,G,2019-05-01,815592870,2023-12-03,573459132.0,1005.0,ABR (score=89 ABN=42260873457),High,
426093556,Major Plains Estate,811.95,-36.352584,145.746798,,109.38,195A MAJOR PLAINS ROAD MAJOR PLAINS 3725,426093556,328,205465,O,Y,A,2017-05-04,855015214,2024-08-09,854320424.0,441181.0,130676025,426093627,130696912,P,G,2010-02-08,855015208,2024-08-09,854320320.0,441181.0,ABR (score=90 ABN=91006384518),High,
426093586,Major Plains Estate,811.95,-36.352584,145.746798,,109.38,319 MAJOR PLAINS ROAD MAJOR PLAINS 3725,426093586,328,205466,O,Y,A,2017-05-04,855015216,2024-08-09,854320426.0,441181.0,130676025,426093627,130696912,P,G,2010-02-08,855015208,2024-08-09,854320320.0,441181.0,ABR (score=90 ABN=91006384518),High,
426093628,Major Plains Estate,811.95,-36.352584,145.746798,,109.38,MAJOR PLAINS ROAD MAJOR PLAINS 3725,426093628,328,,G,N,A,2017-05-04,855015217,2024-08-09,854320427.0,441181.0,426093627,,426093626,B,G,2017-05-04,855015209,2024-08-09,854320372.0,441181.0,ABR (score=90 ABN=91006384518),High,
130676026,Major Plains Estate,811.95,-36.352584,145.746798,,109.38,195 MAJOR PLAINS ROAD MAJOR PLAINS 3725,130676026,328,170228,O,Y,A,2010-02-08,855015215,2024-08-09,854320425.0,441181.0,130676025,426093627,130696912,P,G,2010-02-08,855015208,2024-08-09,854320320.0,441181.0,ABR (score=90 ABN=91006384518),High,
45496859,,803.83,-35.842952,145.549902,,125.65,[Address lookup pending for PROP_PFI: 45496859],45496859,347,95521,O,Y,A,,867494630,2025-05-26,384454395.0,468130.0,1095604,458486834,101200096,P,G,,867494850,2025-05-26,688949161.0,468130.0,none,None,
458486753,,803.83,-35.842952,145.549902,,125.65,[Address lookup pending for PROP_PFI: 458486753],458486753,347,92371475,O,Y,A,2025-05-26,867494628,2025-05-26,,468130.0,1095604,458486834,101200096,P,G,,867494850,2025-05-26,688949161.0,468130.0,none,None,
458486835,,803.83,-35.842952,145.549902,,125.65,[Address lookup pending for PROP_PFI: 458486835],458486835,347,,G,N,A,2025-05-26,867494869,2025-05-26,,468130.0,458486834,,458486833,B,G,2025-05-26,867494743,2025-05-26,,468130.0,none,None,
458486773,,803.83,-35.842952,145.549902,,125.65,[Address lookup pending for PROP_PFI: 458486773],458486773,347,92371483,O,Y,A,2025-05-26,867494655,2025-05-26,,468130.0,1095604,458486834,101200096,P,G,,867494850,2025-05-26,688949161.0,468130.0,none,None,
45317915,ARCHERTON PTY LTD,798.55,-36.844111,146.19859,,106.84,TATONG-TOLMIE ROAD ARCHERTON 3723,45317915,381,NCPR,O,N,A,,554453550,2018-06-27,351770483.0,201602.0,4338961,,128706620,P,G,,415906718,2013-10-21,379560475.0,201602.0,ABR (score=67 ABN=85655961292),Medium,
45390012,,793.35,-36.914945,146.137753,,116.38,SPRING CREEK ROAD BRIDGE CREEK 3723,45390012,382,,O,N,A,,351779628,2004-05-11,,,887855,,128660476,P,G,,415910452,2013-10-21,387194112.0,,none,None,
45235909,,774.08,-35.837787,145.513686,,128.97,355 FARRALLS ROAD MYWEE 3641,45235909,347,134676,O,N,A,,512119610,2016-05-06,384459430.0,1004.0,578619,,126321698,P,G,,688949159,2022-09-06,512355270.0,1004.0,none,None,
131766114,MANSFIELD ABATTOIR,772.46,-37.100618,146.155211,,132.63,MANSFIELD-WOODS POINT ROAD MANSFIELD 3722,131766114,382,,G,N,A,2010-12-14,502451589,2015-09-29,496940136.0,78292.0,131766113,,131766108,B,G,2010-12-14,502506873,2015-09-30,502451574.0,78292.0,ABR (score=86 ABN=53006716507),High,
45390218,TOLMIE FARM,770.28,-36.89211,146.158724,,113.24,SPRING CREEK ROAD TOLMIE 3723,45390218,382,,O,N,A,,351779627,2004-05-11,,,4092178,,127434286,P,G,,415908941,2013-10-21,379754977.0,,ABR (score=98 ABN=66328041401),High,
45319044,BENALLA BITES,768.82,-36.649775,146.01148,,103.15,1390 SAMARIA ROAD BENALLA 3672,45319044,381,11114741,O,N,A,,875615111,2025-11-06,599489653.0,484915.0,756465,,129256567,P,G,,599489650,2020-11-04,567596950.0,484915.0,ABR (score=88 ABN=34717244879),High,
45320389,SWANPOOL STAY,744.75,-36.703053,146.000038,,107.67,1933 MIDLAND HIGHWAY SWANPOOL 3673,45320389,381,11112935,O,N,A,,875608099,2025-11-06,583599984.0,484915.0,757220,,102209455,P,G,,583599982,2019-12-04,571586625.0,484915.0,ABR (score=90 ABN=70668454459),High,
5355893,DOOKIE MOTORS,741.79,-36.319311,145.662402,,115.78,2365 NEW DOOKIE ROAD DOOKIE 3646,5355893,328,170312,O,N,A,,568331792,2019-02-13,562867546.0,230707.0,986235,,102010983,P,G,,815592975,2023-12-03,568331790.0,230707.0,ABR (score=85 ABN=55422080628),High,
428074143,Maindample park pastoral,736.4,-36.985415,145.966582,,132.01,507 MIDLAND LINK HIGHWAY MAINDAMPLE 3723,428074143,382,12229514,O,N,A,2018-05-10,877694761,2025-12-18,706920414.0,489478.0,428074142,,428074141,P,G,2018-05-10,706920328,2022-12-12,674438484.0,489478.0,ABR (score=93 ABN=87265708382),High,
455475179,Bearii Nice Produce,717.74,-35.848544,145.399793,,138.81,HAYNES ROAD BEARII 3641,455475179,347,92363514,O,N,A,2023-07-20,785416375,2023-07-20,,402629.0,455475178,,455475177,P,G,2023-07-20,785416373,2023-07-20,,402629.0,ABR (score=84 ABN=88961437540),High,
45144456,Molka Pastoral,712.93,-36.697997,145.47567,,146.43,390 CURRIES ROAD MOLKA 3666,45144456,364,13301866,O,N,A,,876781016,2025-12-02,359109909.0,487388.0,322308,,125478078,P,G,,459865939,2013-10-22,367679452.0,487388.0,ABR (score=91 ABN=94324751597),High,
52507854,TATONG HERBS,705.04,-36.727834,146.123455,,101.45,78 LEWIS ROAD TATONG 3673,52507854,381,11109824,O,N,A,,875608649,2025-11-06,596276470.0,484915.0,4050336,,102208718,P,G,,596276468,2020-08-28,583609106.0,484915.0,ABR (score=86 ABN=21325033819),High,
135500117,BARJARG PASTORAL CO.,703.24,-36.885849,146.003131,,121.56,3937 MIDLAND HIGHWAY BARJARG 3723,135500117,382,12213245,O,Y,A,2012-09-17,877698727,2025-12-18,539230913.0,489478.0,134224755,135525488,135500489,P,G,2012-03-08,571209068,2019-04-14,539236714.0,489478.0,ABR (score=91 ABN=34502682932),High,
135525496,BARJARG PASTORAL CO.,703.24,-36.885849,146.003131,,121.56,3601 MIDLAND HIGHWAY BARJARG 3723,135525496,382,,G,N,A,,539230915,2017-09-22,385069942.0,1004.0,135525488,,135500489,B,G,,571209069,2019-04-14,539236715.0,1004.0,ABR (score=91 ABN=34502682932),High,
135500113,Lima,703.24,-36.885849,146.003131,,121.56,3807 MIDLAND HIGHWAY LIMA SOUTH 3673,135500113,382,12260055,O,Y,A,2012-09-17,877691758,2025-12-18,539230911.0,489478.0,134224755,135525488,135500489,P,G,2012-03-08,571209068,2019-04-14,539236714.0,489478.0,ABR (score=100 ABN=73074421063),High,
5344516,SANDOR TARNOK,692.41,-36.511273,145.898572,,103.29,794 KELLEHER ROAD TARNOOK 3670,5344516,381,11118932,O,N,A,,875608661,2025-11-06,649847725.0,484915.0,768010,,102206894,P,G,,664869687,2021-09-29,649847707.0,484915.0,ABR (score=72 ABN=58241541885),Medium,
45333505,COSGROVE PTY. LTD.,672.68,-36.323624,145.628658,,118.83,560 MOYLAN ROAD COSGROVE 3631,45333505,328,170583,O,N,A,,571835950,2019-05-01,204218643.0,238736.0,984960,,102010986,P,G,,815593112,2023-12-03,688465365.0,238736.0,ABR (score=86 ABN=30053155329),High,
432727420,TAMLEUGH PASTORAL COY. PROPRIETARY LIMITED,672.54,-36.581041,145.586852,,131.75,184 STRATHAIRD ROAD TAMLEUGH 3669,432727420,364,13380886,O,N,A,2020-09-10,876785282,2025-12-02,650981632.0,487388.0,432727449,,432727457,P,G,2020-09-10,839897716,2024-04-07,677282405.0,487388.0,ABR (score=90 ABN=46004323282),High,
45393684,,658.7,-36.975666,146.762961,,100.99,[Address lookup pending for PROP_PFI: 45393684],45393684,300,3902,O,N,A,,870432821,2025-07-17,814137093.0,473722.0,892889,,132018889,P,G,,870432816,2025-07-17,814136958.0,473722.0,none,None,
5410398,ANCONA CREATIVE,651.65,-36.985841,145.827437,,140.37,379 ANCONA ROAD ANCONA 3715,5410398,382,12251625,O,N,A,,877692461,2025-12-18,676072628.0,489478.0,965839,,126072080,P,G,,676072488,2022-04-12,674438614.0,489478.0,ABR (score=82 ABN=96390727991),High,
130996665,Maindample park pastoral,638.05,-37.007017,145.938248,,135.47,421 MIDLAND LINK HIGHWAY MAINDAMPLE 3723,130996665,382,12257101,O,N,A,2010-04-08,877698538,2025-12-18,706920412.0,489478.0,130996664,,135833014,P,G,2010-04-08,706920232,2022-12-12,678602101.0,489478.0,ABR (score=93 ABN=87265708382),High,
45387034,ANCONA CREATIVE,632.12,-36.921828,145.84971,,133.94,GOLDSWORTHYS TRACK ANCONA 3715,45387034,382,,O,N,A,,351779794,2004-05-11,,,4570029,,128659806,P,G,,603109730,2021-01-21,415910680.0,,ABR (score=82 ABN=96390727991),High,
45328666,BENALLA BITES,629.91,-36.587482,145.935945,,104.66,INDIANS ROAD BENALLA 3672,45328666,381,NCPR,O,N,A,,554453372,2018-06-27,351770172.0,201602.0,4089642,,127452782,P,G,,603108039,2021-01-21,415617059.0,201602.0,ABR (score=88 ABN=34717244879),High,
45328392,BENALLA BITES,624.4,-36.614083,145.944758,,105.63,CENTRE ROAD BENALLA 3672,45328392,381,NCPR,O,N,A,,554453437,2018-06-27,351770659.0,201602.0,770179,,128707988,P,G,,603108047,2021-01-21,540978239.0,201602.0,ABR (score=88 ABN=34717244879),High,
452676080,PINE LODGE AG PTY LTD,624.08,-36.408137,145.542329,,128.72,MIDLAND HIGHWAY PINE LODGE 3631,452676080,328,,G,N,A,2022-01-31,671470560,2022-01-31,,347639.0,452676079,,452676078,B,G,2022-01-31,815619334,2023-12-03,671470483.0,347639.0,ABR (score=76 ABN=32650775876),Medium,
45333317,PINE LODGE AG PTY LTD,624.08,-36.408137,145.542329,,128.72,1365 MIDLAND HIGHWAY PINE LODGE 3631,45333317,328,170524,O,Y,A,,671470466,2022-01-31,376918430.0,347639.0,984865,452676079,102017085,P,G,,815619335,2023-12-03,671470546.0,347639.0,ABR (score=76 ABN=32650775876),Medium,
452676063,PINE LODGE AG PTY LTD,624.08,-36.408137,145.542329,,128.72,1367 MIDLAND HIGHWAY PINE LODGE 3631,452676063,328,219029,O,Y,A,2022-01-31,671470464,2022-01-31,,347639.0,984865,452676079,102017085,P,G,,815619335,2023-12-03,671470546.0,347639.0,ABR (score=76 ABN=32650775876),Medium,
45317996,TATONG HERBS,617.56,-36.774085,146.134339,,104.51,648 TATONG-TOLMIE ROAD TATONG 3673,45317996,381,11115888,O,N,A,,875608677,2025-11-06,567597122.0,484915.0,756099,,102199567,P,G,,860758631,2024-12-16,567597068.0,484915.0,ABR (score=86 ABN=21325033819),High,
45144258,MIEPOLL MOTORS & RESTORATION,600.99,-36.577448,145.520794,,136.98,160 ICKS ROAD MIEPOLL 3666,45144258,364,13301718,O,N,A,,876781011,2025-12-02,359431153.0,487388.0,322023,,113154312,P,G,,415221082,2013-10-21,376620749.0,487388.0,ABR (score=80 ABN=15874170258),High,
45328390,BENALLA BITES,599.45,-36.610593,145.925331,,106.86,DOUBLE GATES ROAD BENALLA 3672,45328390,381,NCPR,O,N,A,,554453569,2018-06-27,351769770.0,201602.0,770178,,127455280,P,G,,603108045,2021-01-21,415617318.0,201602.0,ABR (score=88 ABN=34717244879),High,
45496822,COBRAM APPLES,597.12,-35.938152,145.700374,,110.4,PYE ROAD COBRAM 3644,45496822,347,94300,O,N,A,,384454239,2012-10-03,382117541.0,,1095551,,127506620,P,G,,838020009,2024-03-24,812661515.0,,ABR (score=85 ABN=80735502238),High,
452704441,The Trustee for 683 Naring Road Unit Trust,591.48,-36.084387,145.579329,,120.18,LARISSA ROAD NARING 3636,452704441,347,92360536,O,Y,A,2022-02-07,671788790,2022-02-07,,348056.0,100285634,452704462,126532039,P,G,,838030607,2024-03-24,671788901.0,348056.0,ABR (score=85 ABN=50893077586),High,
100285635,NARING BRIGADE,591.48,-36.084387,145.579329,,120.18,1633 KOKODA ROAD NARING 3636,100285635,347,7955,O,Y,A,,671788792,2022-02-07,384456606.0,348056.0,100285634,452704462,126532039,P,G,,838030607,2024-03-24,671788901.0,348056.0,ABR (score=84 ABN=82300143614),High,
452704463,The Trustee for 683 Naring Road Unit Trust,591.48,-36.084387,145.579329,,120.18,KOKODA ROAD NARING 3636,452704463,347,,G,N,A,2022-02-07,671788912,2022-02-07,,348056.0,452704462,,452704461,B,G,2022-02-07,838030608,2024-03-24,671788836.0,348056.0,ABR (score=86 ABN=50893077586),High,
45324791,DEVENISH & CO,588.51,-36.327786,145.84569,,100.09,1831 BENALLA-TOCUMWAL ROAD DEVENISH 3726,45324791,381,11101078,O,N,A,,875608079,2025-11-06,491369428.0,484915.0,768672,,136365402,P,G,,557873584,2018-08-10,491369359.0,484915.0,ABR (score=93 ABN=32760147752),High,
45387182,BONNIE DOON CENTRAL,587.39,-36.935412,145.930558,,129.99,HOWES CREEK TRACK BONNIE DOON 3720,45387182,382,,O,N,A,,351778798,2004-05-11,,,962762,,127437034,P,G,,415911692,2013-10-21,384283818.0,,ABR (score=89 ABN=63107296757),High,
45387423,MANSFIELD ABATTOIR,581.63,-37.001693,146.021885,,130.3,690 ALDOUS ROAD MANSFIELD 3722,45387423,382,12260949,O,N,A,,877692147,2025-12-18,676072753.0,489478.0,963285,,126571003,P,G,,676072633,2022-04-12,674605939.0,489478.0,ABR (score=86 ABN=53006716507),High,
45393615,CHESHUNT NOMINEES PROPRIETARY LIMITED,579.76,-36.8929,146.366127,,103.29,UPPER KING RIVER ROAD CHESHUNT 3678,45393615,368,NCPR,O,N,A,,485084772,2014-08-14,361829829.0,31210.0,892806,,127654442,P,G,,415909432,2013-10-21,367756079.0,31210.0,ABR (score=81 ABN=67005278884),High,
45160138,BADDAGINNIE RUN,579.01,-36.588807,145.830395,,112.8,230 PAGETS ROAD BADDAGINNIE 3670,45160138,364,13354949,O,N,A,,876785185,2025-12-02,359430895.0,487388.0,376413,,100685275,P,G,,554892477,2018-07-02,415890066.0,487388.0,ABR (score=94 ABN=31006837930),High,
45193822,YALCA CATTLE,571.27,-35.93578,145.269729,,148.99,102 HAWKERS ROAD YALCA 3637,45193822,347,141549,O,N,A,,384460288,2012-10-03,375130350.0,,459733,,101213993,P,G,,414788544,2013-10-21,375102805.0,,ABR (score=93 ABN=21937442139),High,
52574714,BOHO PTY. LTD.,569.14,-36.700022,145.749598,,125.44,557 HARRYS CREEK ROAD BOHO 3669,52574714,364,13355979,O,N,A,,876786352,2025-12-02,575295539.0,487388.0,4183552,,129618712,P,G,,680444558,2022-06-21,575295526.0,487388.0,ABR (score=80 ABN=57005994016),High,
45390222,TOLMIE FARM,563.08,-36.92848,146.176562,,115.57,TROMP ROAD TOLMIE 3723,45390222,382,,O,N,A,,351779626,2004-05-11,,,888216,,127436672,P,G,,683881139,2022-08-04,415911183.0,,ABR (score=98 ABN=66328041401),High,
425952531,BUNBARTHA BEEF,562.64,-36.230883,145.309823,,145.36,LOCH GARRY ROAD BUNBARTHA 3634,425952531,328,NCPR,O,N,A,2017-04-04,529073413,2017-04-04,,145774.0,425952530,,425952529,P,G,2017-04-04,815590611,2023-12-03,529073411.0,145774.0,ABR (score=91 ABN=32151801124),High,
52516050,TOOLAMBA MARKET,561.12,-36.454076,145.355674,,146.21,1 MCNAMARA ROAD TOOLAMBA 3614,52516050,328,173574,O,N,A,,375892834,2010-07-31,,,4107130,,128636735,P,G,,815626135,2023-12-03,690492820.0,,ABR (score=88 ABN=17270377647),High,
45499145,KATAMATITE EAST PRIMARY SCHOOL,560.49,-36.0855,145.751705,,104.65,252 WHITTY ROAD KATAMATITE EAST 3649,45499145,347,786,O,N,A,,384445103,2012-10-03,374646899.0,,1099718,,101215063,P,G,,414797616,2013-10-21,378897421.0,,ABR (score=86 ABN=34826863659),High,
423110043,GOORAM FARMS,558.3,-36.922897,145.633183,,148.45,2092 EUROA-MANSFIELD ROAD GOORAM 3666,423110043,364,13375480,O,N,A,2015-11-24,876786602,2025-12-02,504556264.0,487388.0,423110042,,423110041,P,G,2015-11-24,504556262,2015-11-24,504556031.0,487388.0,ABR (score=96 ABN=25478638242),High,
45324838,BOXWOOD & ME,556.93,-36.340786,145.811927,,103.4,1010 BENALLA BOUNDARY ROAD BOXWOOD 3725,45324838,381,11102944,O,N,A,,875608651,2025-11-06,579358281.0,484915.0,768696,,130346041,P,G,,815594344,2023-12-03,579358279.0,484915.0,ABR (score=92 ABN=17707782254),High,
50003814,DEVENISH & CO,553.63,-36.313531,145.83141,,100.9,365 BOXWOOD ROAD DEVENISH 3726,50003814,381,,O,N,A,,875612027,2025-11-06,379404476.0,484915.0,1985893,,102197205,P,G,,815592378,2023-12-03,415610797.0,484915.0,ABR (score=93 ABN=32760147752),High,
45387202,BARJARG PASTORAL CO.,551.66,-36.952948,145.954119,,130.02,D8 TRACK BARJARG 3723,45387202,382,,O,N,A,,351778802,2004-05-11,,,962848,,127437042,P,G,,544838609,2018-01-12,415912501.0,,ABR (score=94 ABN=34502682932),High,
45160390,BOHO PTY. LTD.,546.19,-36.725825,145.733727,,128.21,964 HARRYS CREEK ROAD BOHO 3669,45160390,364,13356001,O,N,A,,876786354,2025-12-02,566469703.0,487388.0,376699,,100688357,P,G,,572312275,2019-05-09,566469688.0,487388.0,ABR (score=80 ABN=57005994016),High,
129232782,MANSFIELD ABATTOIR,543.13,-37.007776,145.999553,,132.06,106 OLIVERS ROAD MANSFIELD 3722,129232782,382,A18727,O,N,A,2008-07-30,676072755,2022-04-12,674606062.0,355092.0,129232781,,132203277,P,G,2008-07-30,676072684,2022-04-12,674605996.0,355092.0,ABR (score=86 ABN=53006716507),High,
45497559,,541.71,-36.270831,145.654227,,115.38,1655 YABBA SOUTH ROAD YABBA SOUTH 3646,45497559,347,35436,O,N,A,,384446547,2012-10-03,373088606.0,,1097874,,126321700,P,G,,815591766,2023-12-03,414799738.0,,none,None,
45333277,PINE LODGE AG PTY LTD,537.72,-36.39077,145.569409,,125.85,880 HOSIE ROAD PINE LODGE 3631,45333277,328,170516,O,N,A,,204211295,2003-05-08,,,984846,,102013689,P,G,,815614669,2023-12-03,459865452.0,,ABR (score=76 ABN=32650775876),Medium,
5123645,MIEPOLL MOTORS & RESTORATION,536.53,-36.579397,145.47961,,140.44,141 MERRYLEES ROAD MIEPOLL 3666,5123645,364,13366109,O,N,A,,876784178,2025-12-02,387682468.0,487388.0,322857,,126525028,P,G,,459865716,2013-10-22,387682470.0,487388.0,ABR (score=81 ABN=15874170258),High,
5343058,SWANPOOL STAY,531.32,-36.708197,146.023725,,106.44,216 CASTLE HILL ROAD SWANPOOL 3673,5343058,381,11110368,O,N,A,,875615124,2025-11-06,682570157.0,484915.0,757481,,102198606,P,G,,682570126,2022-07-21,415894393.0,484915.0,ABR (score=90 ABN=70668454459),High,
5344869,STEWARTON FARM PRODUCE,526.71,-36.448307,145.806739,,107.8,1 BALLINTINE ROAD STEWARTON 3725,5344869,381,11106648,O,N,A,,875614149,2025-11-06,731062960.0,484915.0,768275,,102198275,P,G,,816154676,2023-12-10,731062810.0,484915.0,ABR (score=93 ABN=39890651274),High,
45499219,COBRAM EAST & BOOSEY,518.2,-35.976107,145.777508,,102.96,COBRAWONGA TRACK COBRAM EAST 3644,45499219,347,NCPR,O,N,A,,371913854,2009-08-20,,,4184820,,128616619,P,G,,838020132,2024-03-24,688872898.0,,ABR (score=90 ABN=19549290648),High,
52388034,SAMARIA CONCEPTS,518.17,-36.787837,146.108639,,107.18,SAWYER ROAD SAMARIA 3673,52388034,381,NCPR,O,N,A,,554453288,2018-06-27,351770241.0,201602.0,4114613,,128682120,P,G,,600989172,2020-12-02,415903749.0,201602.0,ABR (score=84 ABN=11235711052),High,
428499636,,517.6,-36.159926,145.477123,,129.67,SELLICKS ROAD DRUMANURE 3636,428499636,347,,G,N,A,2018-07-11,560539496,2018-09-26,557672856.0,214331.0,428499635,,428499634,B,G,2018-07-11,838032121,2024-03-24,560539490.0,214331.0,none,None,
45235233,,517.6,-36.159926,145.477123,,129.67,541 SELLICKS ROAD DRUMANURE 3636,45235233,347,119917,O,Y,A,,560539494,2018-09-26,557947719.0,214331.0,426255250,428499635,426255254,P,G,2017-06-02,838032120,2024-03-24,560539489.0,214331.0,none,None,
45235237,,517.6,-36.159926,145.477123,,129.67,296 WUNGHNU ROAD DRUMANURE 3636,45235237,347,92351121,O,Y,A,,587677589,2020-03-06,560539497.0,1004.0,426255250,428499635,426255254,P,G,2017-06-02,838032120,2024-03-24,560539489.0,1004.0,none,None,
45144353,Molka Pastoral,516.91,-36.70703,145.459641,,148.16,534 PRANJIP ROAD MOLKA 3666,45144353,364,13301122,O,N,A,,876780421,2025-12-02,352082622.0,487388.0,322123,,2857338,P,G,,415895842,2013-10-21,367679359.0,487388.0,ABR (score=91 ABN=94324751597),High,
52769871,BUNBARTHA BEEF,516.02,-36.225391,145.288821,,147.17,340 LOCH GARRY ROAD BUNBARTHA 3634,52769871,328,176776,O,N,A,,368811576,2008-05-19,,,4461218,,38129417,P,G,,815590807,2023-12-03,688465309.0,,ABR (score=91 ABN=32151801124),High,
45143850,Brandon Park Miepoll,511.95,-36.580173,145.431205,,144.47,2133 EUROA-SHEPPARTON ROAD MIEPOLL 3666,45143850,364,13300074,O,N,A,,876788517,2025-12-02,359431108.0,487388.0,321692,,100680164,P,G,,459865710,2013-10-22,367679255.0,487388.0,ABR (score=80 ABN=40478698044),High,
52671969,ARCHERTON PTY LTD,510.66,-36.829177,146.188064,,106.1,TIGER HILL ROAD ARCHERTON 3723,52671969,381,11131109,O,N,A,,875607510,2025-11-06,373462886.0,484915.0,4338965,,129148081,P,G,,459866195,2013-10-22,387313304.0,484915.0,ABR (score=67 ABN=85655961292),Medium,
45499287,INVERGORDON BAR,507.77,-36.108659,145.591254,,119.14,69 LAWRENCE ROAD INVERGORDON 3636,45499287,347,1248,O,N,A,,384445604,2012-10-03,374889414.0,,1099881,,129550924,P,G,,459864985,2013-10-22,384661475.0,,ABR (score=94 ABN=31676249951),High,
45159119,COSGROVE SOUTH TENNIS CLUB INCORPORATE,502.18,-36.439823,145.675746,,118.42,2415 RIVER ROAD COSGROVE SOUTH 3631,45159119,328,194373,O,N,A,,92144792,2000-04-26,,,4067913,,102018182,P,G,,815621886,2023-12-03,577041999.0,,ABR (score=82 ABN=79256642632),High,
45195389,YIELIMA FARM,5098.54,-35.869007,145.17189,,158.72,NEWMANS TRACK YIELIMA 3638,45195389,347,NCPR,O,N,A,,371913917,2009-08-20,,,463097,,127505650,P,G,,610405724,2021-06-14,415833862.0,,ABR (score=99 ABN=36268106487),High,
45240241,AVENEL HOLDINGS PTY. LTD.,4337.17,-36.94721,145.312551,,173.09,655 TARCOMBE ROAD AVENEL 3664,45240241,364,13350954,O,N,A,,876782571,2025-12-02,379611081.0,487388.0,593151,,125770218,P,G,,569599823,2019-03-12,415915501.0,487388.0,ABR (score=86 ABN=84112285113),High,
125631568,Wahring Motors,2232.54,-36.727128,145.293895,,162.37,625 WAHRING-EUROA ROAD WAHRING 3608,125631568,364,13345228,O,N,A,2006-04-13,876780322,2025-12-02,376033371.0,487388.0,125631567,,125631876,P,G,2006-04-13,816154710,2023-12-10,498922726.0,487388.0,ABR (score=86 ABN=96962647985),High,
45194343,NATHALIA BASTOS,1790.63,-36.130984,145.172938,,156.86,4518 MURRAY VALLEY HIGHWAY NATHALIA 3638,45194343,347,146837,O,N,A,,867497862,2025-05-26,867497749.0,468130.0,460581,,101214017,P,G,,867497822,2025-05-26,867497382.0,468130.0,ABR (score=88 ABN=86174382767),High,
52912199,EUROA BP,1343.27,-36.735442,145.45111,,150.33,838 DRYSDALE ROAD EUROA 3666,52912199,364,13301171,O,N,A,,876788530,2025-12-02,566469172.0,487388.0,321975,,129488281,P,G,,566469170,2019-01-14,415222494.0,487388.0,ABR (score=90 ABN=95068974559),High,
4010277,GOBUR CLOSE PTY. LTD.,1266.96,-37.000986,145.660361,,152.25,276 KANUMBRA-GOBUR ROAD GOBUR 3719,4010277,355,1918,O,N,A,,494290321,2015-03-03,383745618.0,53084.0,2077627,,127731042,P,G,,806793695,2023-10-22,494290173.0,53084.0,ABR (score=76 ABN=58065214735),Medium,
5024303,LOCKSLEY BRIDGE PTY. LTD.,1236.91,-36.888105,145.326338,,168.51,237 MCCRACKENS ROAD LOCKSLEY 3665,5024303,364,13340393,O,N,A,,876789305,2025-12-02,387343537.0,487388.0,88741,,100684140,P,G,,613010763,2021-07-29,569599822.0,487388.0,ABR (score=80 ABN=75080419316),High,
433518346,AVENEL HOLDINGS PTY. LTD.,1224.29,-36.934973,145.38469,,167.01,1470 UPTON ROAD AVENEL 3664,433518346,364,13351135,O,N,A,2021-02-17,876783122,2025-12-02,604800730.0,487388.0,433518345,,433518344,P,G,2021-02-17,604800712,2021-02-17,,487388.0,ABR (score=89 ABN=84112285113),High,
430805506,AVENEL HOLDINGS PTY. LTD.,1178.43,-36.972861,145.203135,,182.81,LAMBING GULLY ROAD AVENEL 3664,430805506,346,,G,N,A,2019-09-18,580016033,2019-09-18,,255989.0,430805505,,430805504,B,G,2019-09-18,813837197,2023-11-26,580015918.0,255989.0,ABR (score=89 ABN=84112285113),High,
45243061,AVENEL HOLDINGS PTY. LTD.,1178.43,-36.972861,145.203135,,182.81,885 LAMBING GULLY ROAD AVENEL 3664,45243061,346,102734,O,Y,A,,580014808,2019-09-18,369499844.0,255989.0,604164,430805505,129929651,P,G,,813837198,2023-11-26,580016014.0,255989.0,ABR (score=88 ABN=84112285113),High,
430804992,AVENEL HOLDINGS PTY. LTD.,1178.43,-36.972861,145.203135,,182.81,LAMBING GULLY ROAD AVENEL 3664,430804992,346,102735,O,Y,A,2019-09-18,580014806,2019-09-18,,255989.0,604164,430805505,129929651,P,G,,813837198,2023-11-26,580016014.0,255989.0,ABR (score=89 ABN=84112285113),High,
5250786,AVENEL HOLDINGS PTY. LTD.,1013.09,-36.981459,145.237904,,180.73,640 LAMBING GULLY ROAD AVENEL 3664,5250786,346,102766,O,N,A,,368811516,2008-05-19,,,593733,,128827267,P,G,,813837234,2023-11-26,459866466.0,,ABR (score=88 ABN=84112285113),High,
45240414,Tarcombe Farm,1001.48,-36.971197,145.408071,,167.62,1157 PONKEEN CREEK ROAD TARCOMBE 3666,45240414,364,13351127,O,N,A,,876783121,2025-12-02,385615699.0,487388.0,593228,,100684212,P,G,,873100546,2025-09-15,415915378.0,487388.0,ABR (score=100 ABN=88155687906),High,
131507956,Molka Pastoral,942.02,-36.632154,145.351381,,153.3,CARTERS ROAD MOLKA 3666,131507956,364,13303862,O,N,A,2010-09-16,876781124,2025-12-02,857496783.0,487388.0,131507955,,2862932,P,G,2010-09-16,857496766,2024-10-08,816154694.0,487388.0,ABR (score=91 ABN=94324751597),High,
128238304,CREIGHTONS CREEK PASTORAL COMPANY PTY. LTD.,898.5,-36.877169,145.476673,,156.62,216 LONGWOOD-GOBUR ROAD CREIGHTONS CREEK 3666,128238304,364,13311980,O,N,A,2007-12-17,876786738,2025-12-02,863406382.0,487388.0,128238303,,135920146,P,G,2007-12-17,859940640,2024-11-27,858142759.0,487388.0,ABR (score=92 ABN=67624503144),High,
127873721,,843.12,-35.911016,145.236827,,152.26,[Address lookup pending for PROP_PFI: 127873721],127873721,347,141663,O,N,A,2007-08-30,874561162,2025-10-13,874559440.0,1005.0,127873720,,128847103,P,G,2007-08-30,874561073,2025-10-13,874560192.0,1005.0,none,None,
52671189,AVENEL HOLDINGS PTY. LTD.,783.6,-36.934764,145.24275,,177.57,1250 LAMBING GULLY ROAD AVENEL 3664,52671189,346,102652,O,N,A,,386003131,2013-04-19,385131984.0,,4337821,,136019749,P,G,,813836977,2023-11-26,498145764.0,,ABR (score=88 ABN=84112285113),High,
45034023,,739.33,-36.862078,145.422055,,159.75,2115 UPTON ROAD UPTON HILL 3664,45034023,364,13336037,O,N,A,,876786246,2025-12-02,545280271.0,487388.0,88611,,100684158,P,G,,677035006,2022-05-03,545280268.0,487388.0,none,None,
425095250,Molka Pastoral,737.26,-36.693514,145.420505,,150.58,1350 GEODETIC ROAD MOLKA 3666,425095250,364,13303433,O,N,A,2016-10-27,876780535,2025-12-02,875001395.0,487388.0,425095283,,425095286,P,G,2016-10-27,875001320,2025-10-23,679177017.0,487388.0,ABR (score=91 ABN=94324751597),High,
430805012,AVENEL HOLDINGS PTY. LTD.,733.39,-36.964105,145.273819,,177.0,455 WINDYS LANE AVENEL 3664,430805012,346,102770,O,Y,A,2019-09-18,688789394,2022-09-05,580016952.0,370233.0,593021,430805527,128501042,P,G,,816154827,2023-12-10,813837155.0,370233.0,ABR (score=89 ABN=84112285113),High,
45240036,AVENEL HOLDINGS PTY. LTD.,733.39,-36.964105,145.273819,,177.0,TARCOMBE ROAD AVENEL 3664,45240036,346,102769,O,Y,A,,688789395,2022-09-05,580016953.0,370233.0,593021,430805527,128501042,P,G,,816154827,2023-12-10,813837155.0,370233.0,ABR (score=88 ABN=84112285113),High,
430805528,AVENEL HOLDINGS PTY. LTD.,733.39,-36.964105,145.273819,,177.0,TARCOMBE ROAD AVENEL 3664,430805528,346,,G,N,A,2019-09-18,688789396,2022-09-05,580016954.0,370233.0,430805527,,430805526,B,G,2019-09-18,816154826,2023-12-10,813837154.0,370233.0,ABR (score=88 ABN=84112285113),High,
453184271,LONGWOOD BRIGADE,722.66,-36.87135,145.390003,,162.72,410 OAK VALLEY ROAD LONGWOOD 3665,453184271,364,13362074,O,N,A,2022-05-03,876783323,2025-12-02,734126706.0,487388.0,453184298,,453184305,P,G,2022-05-03,734126697,2023-03-20,734126574.0,487388.0,ABR (score=86 ABN=62317910513),High,
122401123,Wahring Motors,718.03,-36.661361,145.301599,,158.67,173 BROWNS ROAD WAHRING 3608,122401123,364,13341193,O,N,A,2004-06-16,876784609,2025-12-02,370583288.0,487388.0,122401122,,125298598,P,G,2004-06-16,816154697,2023-12-10,497519889.0,487388.0,ABR (score=86 ABN=96962647985),High,
44008041,GOBUR MECHANICS INSTITUTE AND LIBRARY TRUST,692.32,-36.9709,145.629107,,152.14,356 SHAWS ROAD GOBUR 3719,44008041,355,1867,O,N,A,,493534938,2015-02-11,207089029.0,50470.0,2077606,,127740885,P,G,,806793505,2023-10-22,576872524.0,50470.0,ABR (score=76 ABN=92988957448),Medium,
125272719,,692.2,-36.830954,145.486197,,153.07,124 LONGWOOD-MANSFIELD ROAD LONGWOOD EAST 3666,125272719,364,13312186,O,N,A,2005-11-22,876786750,2025-12-02,385615575.0,487388.0,125272718,,125274344,P,G,2005-11-22,872911661,2025-09-10,816154805.0,487388.0,none,None,
5024348,RUFFY RUM,685.92,-36.931884,145.491529,,159.05,1707 LONGWOOD-RUFFY ROAD RUFFY 3666,5024348,364,13337845,O,N,A,,876780282,2025-12-02,385615742.0,487388.0,88781,,125298600,P,G,,868958950,2025-06-16,864535019.0,487388.0,ABR (score=88 ABN=86023974779),High,
45144610,LONGWOOD BRIGADE,648.03,-36.744062,145.360943,,157.88,26 LONGWOOD-SHEPPARTON ROAD LONGWOOD 3665,45144610,364,13304332,O,N,A,,876781153,2025-12-02,566469600.0,487388.0,322528,,2862812,P,G,,566469547,2019-01-14,498874963.0,487388.0,ABR (score=86 ABN=62317910513),High,
45031905,NAGAMBIE BP,640.44,-36.776597,145.306656,,163.85,635 WILLIAMS ROAD NAGAMBIE 3608,45031905,364,13339627,O,N,A,,876782288,2025-12-02,675492362.0,487388.0,364541,,129664484,P,G,,675492360,2022-04-05,664910914.0,487388.0,ABR (score=93 ABN=36094893517),High,
45144661,Molka Pastoral,637.49,-36.662471,145.356591,,154.24,ANGLE ROAD MOLKA 3666,45144661,364,13303672,O,N,A,,876781112,2025-12-02,360774346.0,487388.0,322579,,127440204,P,G,,415221813,2013-10-21,367679506.0,487388.0,ABR (score=91 ABN=94324751597),High,
131708347,S HTWE & P PRANJIC,622.46,-36.763288,145.405132,,155.42,159 LONGWOOD-PRANJIP ROAD PRANJIP 3666,131708347,364,13304449,O,N,A,2010-11-25,876781448,2025-12-02,376700943.0,487388.0,131708346,,134390907,P,G,2010-11-25,498871636,2015-07-06,459866106.0,487388.0,ABR (score=67 ABN=82406690636),Medium,
45144332,Molka Pastoral,600.12,-36.68182,145.363134,,154.62,1488 CULLENS ROAD MOLKA 3666,45144332,364,13303607,O,N,A,,876788349,2025-12-02,385615672.0,487388.0,322102,,2857130,P,G,,550790547,2018-05-01,513778615.0,487388.0,ABR (score=91 ABN=94324751597),High,
45031761,LOCKSLEY CLOSE PROPRIETARY LIMITED,600.09,-36.843736,145.274544,,169.95,607 MONEA ROAD LOCKSLEY 3665,45031761,364,13335062,O,N,A,,876785084,2025-12-02,205422777.0,487388.0,364450,,124584145,P,G,,839902645,2024-04-07,415225733.0,487388.0,ABR (score=80 ABN=11004475496),High,
45195522,YIELIMA FARM,598.02,-35.940411,145.220882,,153.31,2342 MURRAY VALLEY HIGHWAY YIELIMA 3638,45195522,347,142216,O,N,A,,613481854,2021-08-05,384460374.0,329890.0,463296,,101192514,P,G,,613482643,2021-08-05,414788745.0,329890.0,ABR (score=99 ABN=36268106487),High,
429407243,TOOLAMBA MARKET,564.51,-36.528668,145.318258,,151.92,RIVER ROAD TOOLAMBA 3614,429407243,328,,G,N,A,2019-01-07,565755093,2019-01-07,,224891.0,429407242,,429407241,B,G,2019-01-07,815627415,2023-12-03,690252957.0,224891.0,ABR (score=88 ABN=17270377647),High,
429407228,TOOLAMBA MARKET,564.51,-36.528668,145.318258,,151.92,1352 RIVER ROAD TOOLAMBA 3614,429407228,328,212402,O,Y,A,2019-01-07,565755033,2019-01-07,,224891.0,4250402,429407242,102024817,P,G,,815627414,2023-12-03,690252956.0,224891.0,ABR (score=88 ABN=17270377647),High,
52612395,TOOLAMBA MARKET,564.51,-36.528668,145.318258,,151.92,1350 RIVER ROAD TOOLAMBA 3614,52612395,328,173254,O,Y,A,,565755035,2019-01-07,373661274.0,224891.0,4250402,429407242,102024817,P,G,,815627414,2023-12-03,690252956.0,224891.0,ABR (score=88 ABN=17270377647),High,
45144641,MOORILIM PASTORAL COMPANY,559.35,-36.658287,145.32888,,156.31,1198 LONGWOOD-SHEPPARTON ROAD MOORILIM 3610,45144641,364,13303912,O,N,A,,876782106,2025-12-02,376190436.0,487388.0,322559,,100684054,P,G,,524628357,2017-01-11,415221829.0,487388.0,ABR (score=89 ABN=90865297072),High,
52589983,YALCA CATTLE,550.32,-35.87326,145.243321,,152.27,SHARPS PLAIN ROAD YALCA 3637,52589983,347,NCPR,O,N,A,,375798695,2010-07-20,,,4210286,,127505054,P,G,,415834324,2013-10-21,375797543.0,,ABR (score=93 ABN=21937442139),High,
45029910,LONGWOOD BRIGADE,549.34,-36.796294,145.374665,,159.58,172 CLARKES ROAD LONGWOOD 3665,45029910,364,13335740,O,N,A,,876785699,2025-12-02,205422760.0,487388.0,363386,,100686701,P,G,,415224977,2013-10-21,367680078.0,487388.0,ABR (score=86 ABN=62317910513),High,
5024259,RUFFY RUM,541.06,-37.007145,145.482041,,164.8,181 NOLANS ROAD RUFFY 3666,5024259,364,13339874,O,N,A,,876782296,2025-12-02,205422677.0,487388.0,88682,,100686573,P,G,,704212714,2022-12-05,415916235.0,487388.0,ABR (score=88 ABN=86023974779),High,
125532005,MANGALORE AIRPORT,512.34,-36.934826,145.197618,,180.99,858 SEYMOUR-AVENEL ROAD MANGALORE 3663,125532005,364,13362777,O,N,A,2006-03-16,876781950,2025-12-02,385615577.0,487388.0,125532004,,125631907,P,G,2006-03-16,839903710,2024-04-07,813836964.0,487388.0,ABR (score=87 ABN=53101421798),High,
45034118,,505.66,-36.904252,145.396119,,164.25,1604 UPTON ROAD UPTON HILL 3664,45034118,364,13340435,O,N,A,,876789308,2025-12-02,352082223.0,487388.0,88655,,100684149,P,G,,459866318,2013-10-22,367753824.0,487388.0,none,None,
