{"type": "FeatureCollection", "features": [{"type": "Feature", "id": 395621476, "geometry": {"type": "Point", "coordinates": [145.82, -38.26]}, "properties": {"marker-color": "#fd821f", "group": 1467231603, "title": "Grounds Keeping Carbon Project", "description": "ACCUs Issued: 3,067\nEnterprise Type: Grazing\nEligible Activity/s:\n- Re-establishing or rejuvenating a pasture by seeding or pasture cropping"}}, {"type": "Feature", "id": 3414222541, "geometry": {"type": "Point", "coordinates": [150.89, -28.55]}, "properties": {"image": {"id": "wumbkkm7quyrn7r6", "w": 1440, "h": 1080, "tip_color": "#546c3a", "avg_color": "#7f9979"}, "description": "ACCUs Issued: 1,362\nEnterprise Type: Grazing\nEligible Activity/s: \n- Re-establishing or rejuvenating a pasture by seeding or pasture cropping \n- Altering the stocking rate, duration or intensity of grazing (or any combination of such activities) to promote soil vegetation cover or improve soil health, or both", "url": "https://agriprove.io/smith-cp-cs1", "marker-color": "#fd821f", "group": 1467231603, "title": "Smith Carbon Project"}}, {"type": "Feature", "id": 1305126568, "geometry": {"type": "Point", "coordinates": [151.68, -24.39]}, "properties": {"image": {"id": "fskwdkkrawirejjo", "w": 1920, "h": 1080, "tip_color": "#7a933c", "avg_color": "#6e8882"}, "description": "ACCUs Issued: 3,559\nEnterprise Type: Grazing\nEligible Activity/s: \n- Re-establishing or rejuvenating a pasture by seeding or pasture cropping \n- Altering the stocking rate, duration or intensity of grazing (or any combination of such activities) to promote soil vegetation cover or improve soil health, or both", "url": "https://agriprove.io/fysh-cp-cs", "marker-color": "#fd821f", "group": 1467231603, "title": "Fysh Carbon Project"}}, {"type": "Feature", "id": 1415030923, "geometry": {"type": "Point", "coordinates": [138.43, -35.57]}, "properties": {"image": {"id": "ddsytucjrxr8x9po", "w": 4000, "h": 2252, "tip_color": "#3c6c18", "avg_color": "#648148"}, "description": "ACCUs Issued: 641\nEnterprise Type: Grazing\nEligible Activity/s: \n- Re-establishing or rejuvenating a pasture by seeding or pasture cropping", "url": "https://agriprove.io/lynch-carbon-project", "marker-color": "#fd821f", "group": 1467231603, "title": "Lynch Carbon Project"}}, {"type": "Feature", "id": 2430350494, "geometry": {"type": "Point", "coordinates": [151.8, -32.44]}, "properties": {"image": {"id": "dxurze3fwjs88ule", "w": 2048, "h": 1536, "tip_color": "#4c6630", "avg_color": "#62887a"}, "description": "ACCUs Issued: 2,110\nEnterprise Type: Grazing\nEligible Activity/s: \n- Applying nutrients to the land in the form of synthetic or non-synthetic fertiliser to address a material defficiency \n- Altering the stocking rate, duration or intensity of grazing (or any combination of such activities) to promote soil vegetation cover or improve soil health, or both", "url": "https://agriprove.io/mclachlan-cp-cs1", "marker-color": "#fd821f", "group": 1467231603, "title": "McLachlan Carbon Project"}}, {"type": "Feature", "id": 643116316, "geometry": {"type": "Point", "coordinates": [150.14, -23.18]}, "properties": {"image": {"id": "kkx8qt9xewb4setr", "w": 4000, "h": 1800, "tip_color": "#918a51", "avg_color": "#a19b7f"}, "description": "ACCUs Issued: 6,152\nEnterprise Type: Grazing\nEligible Activity/s: \n- Re-establishing or rejuvenating a pasture by seeding or pasture cropping \n- Altering the stocking rate, duration or intensity of grazing (or any combination of such activities) to promote soil vegetation cover or improve soil health, or both \n- Applying nutrients to the land in the form of synthetic or non-synthetic fertiliser to address a material defficiency", "url": "https://agriprove.io/swartz-carbon-project", "marker-color": "#fd821f", "group": 1467231603, "title": "Swartz Carbon Project"}}, {"type": "Feature", "id": 3711067271, "geometry": {"type": "Point", "coordinates": [147.27, -34.46]}, "properties": {"marker-color": "#fd821f", "group": 1467231603, "title": "Scully Carbon Project", "description": "ACCUs Issued: 4,478\nEnterprise Type: Mixed\nEligible Activity/s: \n- Converting from intensive tillage practices to reduced or no tillage practices \n- Applying nutrients to the land in the form of synthetic or non-synthetic fertiliser to address a material defficiency \n- Retaining stubble after a crop is harvested"}}, {"type": "Feature", "id": 3071491887, "geometry": {"type": "Point", "coordinates": [147.94, -36.05]}, "properties": {"image": {"id": "hwrlm5x5qfi2lt1s", "w": 2048, "h": 1365, "tip_color": "#afad41", "avg_color": "#757637"}, "description": "ACCUs Issued: 457\nEnterprise Type: Grazing\nEligible Activity/s: \n- Altering the stocking rate, duration or intensity of grazing (or any combination of such activities) to promote soil vegetation cover or improve soil health, or both", "url": "https://agriprove.io/mountain-view-carbon-project", "marker-color": "#fd821f", "group": 1467231603, "title": "Mountain View Carbon Project"}}, {"type": "Feature", "id": 1664842276, "geometry": {"type": "Point", "coordinates": [150.25, -24.68]}, "properties": {"image": {"id": "u2xp7n7vsi6xvjoy", "w": 6720, "h": 4480, "tip_color": "#765a3a", "avg_color": "#9a9999"}, "description": "ACCUs Issued: 17,929\nEnterprise Type: Grazing\nEligible Activity/s: \n- Re-establishing or rejuvenating a pasture by seeding or pasture cropping \n- Altering the stocking rate, duration or intensity of grazing (or any combination of such activities) to promote soil vegetation cover or improve soil health, or both", "url": "https://agriprove.io/howson-carbon-project", "marker-color": "#fd821f", "group": 1467231603, "title": "Howson Carbon Project"}}, {"type": "Feature", "id": 2803412489, "geometry": {"type": "Point", "coordinates": [147.18, -34.48]}, "properties": {"marker-color": "#fd821f", "group": 1467231603, "title": "Lazzarini Carbon Project", "description": "ACCUs Issued: 6,243\nEnterprise Type: Mixed\nEligible Activity/s: \n- Converting from intensive tillage practices to reduced or no tillage practices \n- Applying nutrients to the land in the form of synthetic or non-synthetic fertiliser to address a material defficiency \n- Retaining stubble after a crop is harvested & Altering the stocking rate, duration or intensity of grazing (or any combination of such activities) to promote soil vegetation cover or improve soil health, or both"}}, {"type": "Feature", "id": 1435214938, "geometry": {"type": "Point", "coordinates": [151.78, -30.5]}, "properties": {"image": {"id": "x2iuhx6nfzzwhnhs", "w": 1920, "h": 1080, "tip_color": "#80803f", "avg_color": "#899774"}, "description": "ACCUs Issued: 5,585\nEnterprise Type: Grazing\nEligible Activity/s: \n- Re-establishing or rejuvenating a pasture by seeding or pasture cropping", "url": "https://agriprove.io/watson-carbon-project", "marker-color": "#fd821f", "group": 1467231603, "title": "Watson Carbon Project"}}, {"type": "Feature", "id": 4063952996, "geometry": {"type": "Point", "coordinates": [116.79, -31.28]}, "properties": {"image": {"id": "1d01y2cjm3eekj9i", "w": 1920, "h": 1080, "tip_color": "#738855", "avg_color": "#86988a"}, "description": "ACCUs Issued: 6,666\nEnterprise Type: Mixed\nEligible Activity/s: \n- Re-establishing or rejuvenating a pasture by seeding or pasture cropping \n- Altering the stocking rate, duration or intensity of grazing (or any combination of such activities) to promote soil vegetation cover or improve soil health, or both", "marker-color": "#fd821f", "group": 1467231603, "title": "Morrison Carbon Project"}}, {"type": "Feature", "id": 2869685050, "geometry": {"type": "Point", "coordinates": [145.59, -36.2]}, "properties": {"marker-color": "#fd821f", "group": 1467231603, "title": "Hodges Carbon Project", "description": "ACCUs Issued: 290\nEnterprise Type: Cropping\nEligible Activity/s: \n- Converting from intensive tillage practices to reduced or no tillage practices \n- Applying nutrients to the land in the form of synthetic or non-synthetic fertiliser to address a material defficiency"}}, {"type": "Feature", "id": 996789775, "geometry": {"type": "Point", "coordinates": [145.47, -36.12]}, "properties": {"image": {"id": "ugzcjn41jxiaphxd", "w": 4032, "h": 3024, "tip_color": "#826643", "avg_color": "#aba284"}, "description": "ACCUs Issued: 5,435\nEnterprise Type: Cropping\nEligible Activity/s: \n- Converting from intensive tillage practices to reduced or no tillage practices \n- Applying nutrients to the land in the form of synthetic or non-synthetic fertiliser to address a material defficiency", "url": "https://agriprove.io/fife-carbon-project", "marker-color": "#fd821f", "group": 1467231603, "title": "Fife Carbon Project"}}, {"type": "Feature", "id": 1531826304, "geometry": {"type": "Point", "coordinates": [151.79, -26.4]}, "properties": {"image": {"id": "ovviie5vlcfnwaso", "w": 5472, "h": 3648, "tip_color": "#4b6c30", "avg_color": "#6d745d"}, "description": "ACCUs Issued: 2,509\nEnterprise Type: Grazing\nEligible Activity/s: \n- Re-establishing or rejuvenating a pasture by seeding or pasture cropping\n- Altering the stocking rate, duration or intensity of grazing (or any combination of such activities) to promote soil vegetation cover or improve soil health, or both", "url": "https://agriprove.io/vinercarbonproject", "marker-color": "#fd821f", "group": 1467231603, "title": "Viner Carbon Project"}}, {"type": "Feature", "id": 2998203867, "geometry": {"type": "Point", "coordinates": [151.28, -28.25]}, "properties": {"image": {"id": "nophlar0mqntilq2", "w": 1280, "h": 720, "tip_color": "#4f4e3c", "avg_color": "#767568"}, "description": "ACCUs Issued: 1,114\nEnterprise Type: Grazing\nEligible Activity/s: \n- Re-establishing or rejuvenating a pasture by seeding or pasture cropping", "marker-color": "#fd821f", "group": 1467231603, "title": "Lyne Carbon Project"}}, {"type": "Feature", "id": 3658373876, "geometry": {"type": "Point", "coordinates": [151.51, -24.39]}, "properties": {"image": {"id": "pgrby2okgp3nsmex", "w": 640, "h": 480, "tip_color": "#787b52", "avg_color": "#7e866a"}, "description": "ACCUs Issued: 6,254\nEnterprise Type: Grazing\nEligible Activity/s: \n- Re-establishing or rejuvenating a pasture by seeding or pasture cropping \n- Altering the stocking rate, duration or intensity of grazing (or any combination of such activities) to promote soil vegetation cover or improve soil health, or both \n- Applying nutrients to the land in the form of synthetic or non-synthetic fertiliser to address a material defficiency", "marker-color": "#fd821f", "group": 1467231603, "title": "Duncan Carbon Project"}}, {"type": "Feature", "id": 1413417918, "geometry": {"type": "Point", "coordinates": [149.04, -34.65]}, "properties": {"image": {"id": "ce2cecekjwea1cdj", "w": 1471, "h": 1103, "tip_color": "#5a6e2f", "avg_color": "#5f8b86"}, "description": "ACCUs Issued: 1,711\nEnterprise Type: Grazing\nEligible Activity/s: \n- Re-establishing or rejuvenating a pasture by seeding or pasture cropping\n- Applying nutrients to the land in the form of synthetic or non-synthetic fertiliser to address a material defficiency", "url": "https://agriprove.io/killen-carbon-project", "marker-color": "#fd821f", "group": 1467231603, "title": "Killen Carbon Project"}}, {"type": "Feature", "id": 1825909747, "geometry": {"type": "Point", "coordinates": [151.56, -24.39]}, "properties": {"marker-color": "#fd821f", "group": 1467231603, "title": "Kelly Carbon Project", "description": "ACCUs Issued: 4,448\nEnterprise Type: Grazing\nEligible Activity/s:\n- Altering the stocking rate, duration or intensity of grazing (or any combination of such activities) to promote soil vegetation cover or improve soil health, or both"}}, {"type": "Feature", "id": 4138618918, "geometry": {"type": "Point", "coordinates": [148.91, -25.31]}, "properties": {"image": {"id": "ypnmwjwbh34dyzts", "w": 4032, "h": 3024, "tip_color": "#858256", "avg_color": "#5a5c4b"}, "description": "ACCUs Issued: 8,009\nEnterprise Type: Grazing\nEligible Activity/s:\n- Altering the stocking rate, duration or intensity of grazing (or any combination of such activities) to promote soil vegetation cover or improve soil health, or both", "url": "https://agriprove.io/jones-and-blewett-carbon-project", "marker-color": "#fd821f", "group": 1467231603, "title": "Jones Carbon Project"}}, {"type": "Feature", "id": 1880085652, "geometry": {"type": "Point", "coordinates": [149.93, -27.89]}, "properties": {"image": {"id": "izkncxcnc5xmydg2", "w": 4032, "h": 3024, "tip_color": "#0a0a03", "avg_color": "#6b6a5a"}, "description": "ACCUs Issued: 17,704\nEnterprise Type: Grazing\nEligible Activity/s:\n- Altering the stocking rate, duration or intensity of grazing (or any combination of such activities) to promote soil vegetation cover or improve soil health, or both\n- Establishing, and permanently maintaining a pasture where there was previously no or limited pasture, such as on cropland or bare fallow", "url": "https://agriprove.io/jones-and-blewett-carbon-project", "marker-color": "#fd821f", "group": 1467231603, "title": "Blewett Carbon Project"}}, {"type": "Feature", "id": 3351886612, "geometry": {"type": "Point", "coordinates": [151.19, -30.19]}, "properties": {"image": {"id": "bv9zonnnpl8wwp9w", "w": 4032, "h": 3024, "tip_color": "#5e583d", "avg_color": "#6e6e69"}, "description": "ACCUs Issued: 4,839\nEnterprise Type: Grazing\nEligible Activity/s:\n- Applying nutrients to the land in the form of synthetic or non-synthetic fertiliser to address a material defficiency", "url": "https://agriprove.io/ryan-carbon-project", "marker-color": "#fd821f", "group": 1467231603, "title": "Ryan Carbon Project"}}, {"type": "Feature", "id": 3956471574, "geometry": {"type": "Point", "coordinates": [147.25, -34.47]}, "properties": {"marker-color": "#fd821f", "group": 1467231603, "title": "Evatt Carbon Project", "description": "ACCUs Issued: 2,334\nEnterprise Type: Mixed\nEligible Activity/s: \n- Applying nutrients to the land in the form of synthetic or non-synthetic fertiliser to address a material defficiency, \n- Retaining stubble after a crop is harvested, \n- Converting from intensive tillage practices to reduced or no tillage practices"}}, {"type": "Feature", "id": 3271081095, "geometry": {"type": "Point", "coordinates": [141.3, -36.32]}, "properties": {"image": {"id": "o4dg6hutkeimvybw", "w": 4032, "h": 3024, "tip_color": "#58813a", "avg_color": "#83a87b"}, "description": "ACCUs Issued: 10,548\nEnterprise Type: Cropping\nEligible Activity/s: \n- Applying nutrients to the land in the form of synthetic or non-synthetic fertiliser to address a material defficiency, \n- Retaining stubble after a crop is harvested", "url": "https://agriprove.io/barwick-carbon-project", "marker-color": "#fd821f", "group": 1467231603, "title": "Barwick Carbon Project"}}, {"type": "Feature", "id": 1233754371, "geometry": {"type": "Point", "coordinates": [118.64, -30.78]}, "properties": {"image": {"id": "bw9lmfo2je9qk7nc", "w": 4032, "h": 3024, "tip_color": "#505219", "avg_color": "#798779"}, "description": "ACCUs Issued: 3,327\nEnterprise Type: Mixed\nEligible Activity/s: \n- Applying nutrients to the land in the form of synthetic or non-synthetic fertiliser to address a material deficiency", "url": "https://agriprove.io/messner-carbon-project", "marker-color": "#fd821f", "group": 1467231603, "title": "Messner Carbon Project"}}, {"type": "Feature", "id": 2500344802, "geometry": {"type": "Point", "coordinates": [145.82, -38.26]}, "properties": {"marker-color": "#96c896", "group": 1586608709, "title": "Soil Carbon Project with a measured increase in soil carbon", "description": "This project has had at least two rounds of soil sampling conducted and has seen an increase in soil carbon. It is waiting for ACCUs to be issued."}}, {"type": "Feature", "id": 3718751859, "geometry": {"type": "Point", "coordinates": [145.82, -38.26]}, "properties": {"marker-color": "#96c896", "group": 1586608709, "title": "Soil Carbon Project with a measured increase in soil carbon", "description": "This project has had at least two rounds of soil sampling conducted and has seen an increase in soil carbon. It is waiting for ACCUs to be issued."}}, {"type": "Feature", "id": 2572241144, "geometry": {"type": "Point", "coordinates": [146.18, -38.74]}, "properties": {"marker-color": "#96c896", "group": 1586608709, "title": "Soil Carbon Project with a measured increase in soil carbon", "description": "This project has had at least two rounds of soil sampling conducted and has seen an increase in soil carbon. It is waiting for ACCUs to be issued."}}, {"type": "Feature", "id": 2912020632, "geometry": {"type": "Point", "coordinates": [140.65, -36.69]}, "properties": {"marker-color": "#96c896", "group": 1586608709, "title": "Soil Carbon Project with a measured increase in soil carbon", "description": "This project has had at least two rounds of soil sampling conducted and has seen an increase in soil carbon. It is waiting for ACCUs to be issued."}}, {"type": "Feature", "id": 1419748867, "geometry": {"type": "Point", "coordinates": [149.67, -35.49]}, "properties": {"marker-color": "#96c896", "group": 1586608709, "title": "Soil Carbon Project with a measured increase in soil carbon", "description": "This project has had at least two rounds of soil sampling conducted and has seen an increase in soil carbon. It is waiting for ACCUs to be issued."}}, {"type": "Feature", "id": 141855430, "geometry": {"type": "Point", "coordinates": [140.41, -37.16]}, "properties": {"marker-color": "#96c896", "group": 1586608709, "title": "Soil Carbon Project with a measured increase in soil carbon", "description": "This project has had at least two rounds of soil sampling conducted and has seen an increase in soil carbon. It is waiting for ACCUs to be issued."}}, {"type": "Feature", "id": 2636001733, "geometry": {"type": "Point", "coordinates": [142.78, -37.05]}, "properties": {"marker-color": "#96c896", "group": 1586608709, "title": "Soil Carbon Project with a measured increase in soil carbon", "description": "This project has had at least two rounds of soil sampling conducted and has seen an increase in soil carbon. It is waiting for ACCUs to be issued."}}, {"type": "Feature", "id": 4156815219, "geometry": {"type": "Point", "coordinates": [142.21, -36.72]}, "properties": {"marker-color": "#96c896", "group": 1586608709, "title": "Soil Carbon Project with a measured increase in soil carbon", "description": "This project has had at least two rounds of soil sampling conducted and has seen an increase in soil carbon. It is waiting for ACCUs to be issued."}}, {"type": "Feature", "id": 2105186645, "geometry": {"type": "Point", "coordinates": [141.19, -36.26]}, "properties": {"marker-color": "#96c896", "group": 1586608709, "title": "Soil Carbon Project with a measured increase in soil carbon", "description": "This project has had at least two rounds of soil sampling conducted and has seen an increase in soil carbon. It is waiting for ACCUs to be issued."}}, {"type": "Feature", "id": 2303766975, "geometry": {"type": "Point", "coordinates": [132.78, -31.84]}, "properties": {"marker-color": "#96c896", "group": 1586608709, "title": "Soil Carbon Project with a measured increase in soil carbon", "description": "This project has had at least two rounds of soil sampling conducted and has seen an increase in soil carbon. It is waiting for ACCUs to be issued."}}, {"type": "Feature", "id": 2520074524, "geometry": {"type": "Point", "coordinates": [144.15, -37.02]}, "properties": {"marker-color": "#96c896", "group": 1586608709, "title": "Soil Carbon Project with a measured increase in soil carbon", "description": "This project has had at least two rounds of soil sampling conducted and has seen an increase in soil carbon. It is waiting for ACCUs to be issued."}}, {"type": "Feature", "id": 3020017079, "geometry": {"type": "Point", "coordinates": [149.24, -21.53]}, "properties": {"marker-color": "#96c896", "group": 1586608709, "title": "Soil Carbon Project with a measured increase in soil carbon", "description": "This project has had at least two rounds of soil sampling conducted and has seen an increase in soil carbon. It is waiting for ACCUs to be issued."}}, {"type": "Feature", "id": 3682633852, "geometry": {"type": "Point", "coordinates": [147.23, -34.47]}, "properties": {"marker-color": "#fd821f", "group": 1586608709, "title": "Ashley Carbon Project", "description": "ACCUs Issued: 515\nEnterprise Type: Mixed\nEligible Activity/s: \n- Converting from intensive tillage practices to reduced or no tillage practices\n- Altering the stocking rate, duration or intensity of grazing (or any combination of such activities) to promote soil vegetation cover or improve soil health, or both\n- Retaining stubble after a crop is harvested"}}, {"type": "Feature", "id": 4053936074, "geometry": {"type": "Point", "coordinates": [149.15, -21.43]}, "properties": {"marker-color": "#96c896", "group": 1586608709, "title": "Soil Carbon Project with a measured increase in soil carbon", "description": "This project has had at least two rounds of soil sampling conducted and has seen an increase in soil carbon. It is waiting for ACCUs to be issued."}}, {"type": "Feature", "id": 660238961, "geometry": {"type": "Point", "coordinates": [149.15, -21.43]}, "properties": {"marker-color": "#96c896", "group": 1586608709, "title": "Soil Carbon Project with a measured increase in soil carbon", "description": "This project has had at least two rounds of soil sampling conducted and has seen an increase in soil carbon. It is waiting for ACCUs to be issued."}}, {"type": "Feature", "id": 2811226014, "geometry": {"type": "Point", "coordinates": [151.27, -26.42]}, "properties": {"marker-color": "#96c896", "group": 1586608709, "title": "Soil Carbon Project with a measured increase in soil carbon", "description": "This project has had at least two rounds of soil sampling conducted and has seen an increase in soil carbon. It is waiting for ACCUs to be issued."}}, {"type": "Feature", "id": 3617833826, "geometry": {"type": "Point", "coordinates": [149.33, -36.8]}, "properties": {"marker-color": "#96c896", "group": 1586608709, "title": "Soil Carbon Project with a measured increase in soil carbon", "description": "This project has had at least two rounds of soil sampling conducted and has seen an increase in soil carbon. It is waiting for ACCUs to be issued."}}, {"type": "Feature", "id": 2774202676, "geometry": {"type": "Point", "coordinates": [149.33, -36.8]}, "properties": {"marker-color": "#96c896", "group": 1586608709, "title": "Soil Carbon Project with a measured increase in soil carbon", "description": "This project has had at least two rounds of soil sampling conducted and has seen an increase in soil carbon. It is waiting for ACCUs to be issued."}}, {"type": "Feature", "id": 4291522079, "geometry": {"type": "Point", "coordinates": [153.41, -28.37]}, "properties": {"marker-color": "#96c896", "group": 1586608709, "title": "Soil Carbon Project with a measured increase in soil carbon", "description": "This project has had at least two rounds of soil sampling conducted and has seen an increase in soil carbon. It is waiting for ACCUs to be issued."}}, {"type": "Feature", "id": 3608056721, "geometry": {"type": "Point", "coordinates": [151.44, -26.47]}, "properties": {"marker-color": "#96c896", "group": 1586608709, "title": "Soil Carbon Project with a measured increase in soil carbon", "description": "This project has had at least two rounds of soil sampling conducted and has seen an increase in soil carbon. It is waiting for ACCUs to be issued."}}, {"type": "Feature", "id": 1464240421, "geometry": {"type": "Point", "coordinates": [151.44, -26.47]}, "properties": {"marker-color": "#96c896", "group": 1586608709, "title": "Soil Carbon Project with a measured increase in soil carbon", "description": "This project has had at least two rounds of soil sampling conducted and has seen an increase in soil carbon. It is waiting for ACCUs to be issued."}}, {"type": "Feature", "id": 1030814017, "geometry": {"type": "Point", "coordinates": [145.82, -38.26]}, "properties": {"marker-color": "#96c896", "group": 1586608709, "title": "Soil Carbon Project with a measured increase in soil carbon", "description": "This project has had at least two rounds of soil sampling conducted and has seen an increase in soil carbon. It is waiting for ACCUs to be issued."}}, {"type": "Feature", "id": 245204608, "geometry": {"type": "Point", "coordinates": [151.44, -26.47]}, "properties": {"marker-color": "#96c896", "group": 1586608709, "title": "Soil Carbon Project with a measured increase in soil carbon", "description": "This project has had at least two rounds of soil sampling conducted and has seen an increase in soil carbon. It is waiting for ACCUs to be issued."}}, {"type": "Feature", "id": 1245887485, "geometry": {"type": "Point", "coordinates": [147.47, -34.26]}, "properties": {"marker-color": "#96c896", "group": 1586608709, "title": "Soil Carbon Project with a measured increase in soil carbon", "description": "This project has had at least two rounds of soil sampling conducted and has seen an increase in soil carbon. It is waiting for ACCUs to be issued."}}, {"type": "Feature", "id": 1307183010, "geometry": {"type": "Point", "coordinates": [145.31, -36.17]}, "properties": {"marker-color": "#96c896", "group": 1586608709, "title": "Soil Carbon Project with a measured increase in soil carbon", "description": "This project has had at least two rounds of soil sampling conducted and has seen an increase in soil carbon. It is waiting for ACCUs to be issued."}}, {"type": "Feature", "id": 3597914015, "geometry": {"type": "Point", "coordinates": [145.31, -36.17]}, "properties": {"marker-color": "#96c896", "group": 1586608709, "title": "Soil Carbon Project with a measured increase in soil carbon", "description": "This project has had at least two rounds of soil sampling conducted and has seen an increase in soil carbon. It is waiting for ACCUs to be issued."}}, {"type": "Feature", "id": 1104507416, "geometry": {"type": "Point", "coordinates": [148.91, -25.31]}, "properties": {"marker-color": "#96c896", "group": 1586608709, "title": "Soil Carbon Project with a measured increase in soil carbon", "description": "This project has had at least two rounds of soil sampling conducted and has seen an increase in soil carbon. It is waiting for ACCUs to be issued."}}, {"type": "Feature", "id": 719974103, "geometry": {"type": "Point", "coordinates": [148.91, -25.31]}, "properties": {"marker-color": "#96c896", "group": 1586608709, "title": "Soil Carbon Project with a measured increase in soil carbon", "description": "This project has had at least two rounds of soil sampling conducted and has seen an increase in soil carbon. It is waiting for ACCUs to be issued."}}, {"type": "Feature", "id": 4210150493, "geometry": {"type": "Point", "coordinates": [148.91, -25.31]}, "properties": {"marker-color": "#96c896", "group": 1586608709, "title": "Soil Carbon Project with a measured increase in soil carbon", "description": "This project has had at least two rounds of soil sampling conducted and has seen an increase in soil carbon. It is waiting for ACCUs to be issued."}}, {"type": "Feature", "id": 2424769602, "geometry": {"type": "Point", "coordinates": [151.56, -24.39]}, "properties": {"marker-color": "#96c896", "group": 1586608709, "title": "Soil Carbon Project with a measured increase in soil carbon", "description": "This project has had at least two rounds of soil sampling conducted and has seen an increase in soil carbon. It is waiting for ACCUs to be issued."}}, {"type": "Feature", "id": 3473553753, "geometry": {"type": "Point", "coordinates": [151.51, -24.39]}, "properties": {"marker-color": "#96c896", "group": 1586608709, "title": "Soil Carbon Project with a measured increase in soil carbon", "description": "This project has had at least two rounds of soil sampling conducted and has seen an increase in soil carbon. It is waiting for ACCUs to be issued."}}, {"type": "Feature", "id": 205873310, "geometry": {"type": "Point", "coordinates": [150.14, -23.18]}, "properties": {"marker-color": "#96c896", "group": 1586608709, "title": "Soil Carbon Project with a measured increase in soil carbon", "description": "This project has had at least two rounds of soil sampling conducted and has seen an increase in soil carbon. It is waiting for ACCUs to be issued."}}, {"type": "Feature", "id": 2493405234, "geometry": {"type": "Point", "coordinates": [150.14, -23.18]}, "properties": {"marker-color": "#96c896", "group": 1586608709, "title": "Soil Carbon Project with a measured increase in soil carbon", "description": "This project has had at least two rounds of soil sampling conducted and has seen an increase in soil carbon. It is waiting for ACCUs to be issued."}}, {"type": "Feature", "id": 3233344951, "geometry": {"type": "Point", "coordinates": [150.14, -23.18]}, "properties": {"marker-color": "#96c896", "group": 1586608709, "title": "Soil Carbon Project with a measured increase in soil carbon", "description": "This project has had at least two rounds of soil sampling conducted and has seen an increase in soil carbon. It is waiting for ACCUs to be issued."}}, {"type": "Feature", "id": 2439720749, "geometry": {"type": "Point", "coordinates": [141.3, -36.32]}, "properties": {"marker-color": "#96c896", "group": 1586608709, "title": "Soil Carbon Project with a measured increase in soil carbon", "description": "This project has had at least two rounds of soil sampling conducted and has seen an increase in soil carbon. It is waiting for ACCUs to be issued."}}, {"type": "Feature", "id": 290976530, "geometry": {"type": "Point", "coordinates": [141.3, -36.32]}, "properties": {"marker-color": "#96c896", "group": 1586608709, "title": "Soil Carbon Project with a measured increase in soil carbon", "description": "This project has had at least two rounds of soil sampling conducted and has seen an increase in soil carbon. It is waiting for ACCUs to be issued."}}, {"type": "Feature", "id": 3947971281, "geometry": {"type": "Point", "coordinates": [141.3, -36.32]}, "properties": {"marker-color": "#96c896", "group": 1586608709, "title": "Soil Carbon Project with a measured increase in soil carbon", "description": "This project has had at least two rounds of soil sampling conducted and has seen an increase in soil carbon. It is waiting for ACCUs to be issued."}}, {"type": "Feature", "id": 2559986207, "geometry": {"type": "Point", "coordinates": [141.3, -36.32]}, "properties": {"marker-color": "#96c896", "group": 1586608709, "title": "Soil Carbon Project with a measured increase in soil carbon", "description": "This project has had at least two rounds of soil sampling conducted and has seen an increase in soil carbon. It is waiting for ACCUs to be issued."}}, {"type": "Feature", "id": 4271801277, "geometry": {"type": "Point", "coordinates": [141.3, -36.32]}, "properties": {"marker-color": "#96c896", "group": 1586608709, "title": "Soil Carbon Project with a measured increase in soil carbon", "description": "This project has had at least two rounds of soil sampling conducted and has seen an increase in soil carbon. It is waiting for ACCUs to be issued."}}, {"type": "Feature", "id": 2925702418, "geometry": {"type": "Point", "coordinates": [141.3, -36.32]}, "properties": {"marker-color": "#96c896", "group": 1586608709, "title": "Soil Carbon Project with a measured increase in soil carbon", "description": "This project has had at least two rounds of soil sampling conducted and has seen an increase in soil carbon. It is waiting for ACCUs to be issued."}}, {"type": "Feature", "id": 4119877912, "geometry": {"type": "Point", "coordinates": [141.3, -36.32]}, "properties": {"marker-color": "#96c896", "group": 1586608709, "title": "Soil Carbon Project with a measured increase in soil carbon", "description": "This project has had at least two rounds of soil sampling conducted and has seen an increase in soil carbon. It is waiting for ACCUs to be issued."}}, {"type": "Feature", "id": 269761367, "geometry": {"type": "Point", "coordinates": [151.19, -30.19]}, "properties": {"marker-color": "#96c896", "group": 1586608709, "title": "Soil Carbon Project with a measured increase in soil carbon", "description": "This project has had at least two rounds of soil sampling conducted and has seen an increase in soil carbon. It is waiting for ACCUs to be issued."}}, {"type": "Feature", "id": 303016991, "geometry": {"type": "Point", "coordinates": [147.23, -34.47]}, "properties": {"marker-color": "#96c896", "group": 1586608709, "title": "Soil Carbon Project with a measured increase in soil carbon", "description": "This project has had at least two rounds of soil sampling conducted and has seen an increase in soil carbon. It is waiting for ACCUs to be issued."}}, {"type": "Feature", "id": 3816529739, "geometry": {"type": "Point", "coordinates": [149.93, -27.89]}, "properties": {"marker-color": "#96c896", "group": 1586608709, "title": "Soil Carbon Project with a measured increase in soil carbon", "description": "This project has had at least two rounds of soil sampling conducted and has seen an increase in soil carbon. It is waiting for ACCUs to be issued."}}, {"type": "Feature", "id": 1268879478, "geometry": {"type": "Point", "coordinates": [148.83, -36.56]}, "properties": {"marker-color": "#96c896", "group": 1586608709, "title": "Soil Carbon Project with a measured increase in soil carbon", "description": "This project has had at least two rounds of soil sampling conducted and has seen an increase in soil carbon. It is waiting for ACCUs to be issued."}}, {"type": "Feature", "id": 1515038968, "geometry": {"type": "Point", "coordinates": [148.83, -36.56]}, "properties": {"marker-color": "#96c896", "group": 1586608709, "title": "Soil Carbon Project with a measured increase in soil carbon", "description": "This project has had at least two rounds of soil sampling conducted and has seen an increase in soil carbon. It is waiting for ACCUs to be issued."}}, {"type": "Feature", "id": 724689197, "geometry": {"type": "Point", "coordinates": [143.06, -35.89]}, "properties": {"marker-color": "#96c896", "group": 1586608709, "title": "Soil Carbon Project with a measured increase in soil carbon", "description": "This project has had at least two rounds of soil sampling conducted and has seen an increase in soil carbon. It is waiting for ACCUs to be issued."}}, {"type": "Feature", "id": 635516416, "geometry": {"type": "Point", "coordinates": [143.06, -35.89]}, "properties": {"marker-color": "#96c896", "group": 1586608709, "title": "Soil Carbon Project with a measured increase in soil carbon", "description": "This project has had at least two rounds of soil sampling conducted and has seen an increase in soil carbon. It is waiting for ACCUs to be issued."}}, {"type": "Feature", "id": 58897746, "geometry": {"type": "Point", "coordinates": [140.89, -36.68]}, "properties": {"marker-color": "#96c896", "group": 1586608709, "title": "Soil Carbon Project with a measured increase in soil carbon", "description": "This project has had at least two rounds of soil sampling conducted and has seen an increase in soil carbon. It is waiting for ACCUs to be issued."}}, {"type": "Feature", "id": 2351461125, "geometry": {"type": "Point", "coordinates": [151.68, -30.69]}, "properties": {"marker-color": "#96c896", "group": 1586608709, "title": "Soil Carbon Project with a measured increase in soil carbon", "description": "This project has had at least two rounds of soil sampling conducted and has seen an increase in soil carbon. It is waiting for ACCUs to be issued."}}, {"type": "Feature", "id": 2868152562, "geometry": {"type": "Point", "coordinates": [149.63, -33.2]}, "properties": {"marker-color": "#96c896", "group": 1586608709, "title": "Soil Carbon Project with a measured increase in soil carbon", "description": "This project has had at least two rounds of soil sampling conducted and has seen an increase in soil carbon. It is waiting for ACCUs to be issued."}}, {"type": "Feature", "id": 2227400934, "geometry": {"type": "Point", "coordinates": [151.51, -24.39]}, "properties": {"marker-color": "#96c896", "group": 1586608709, "title": "Soil Carbon Project with a measured increase in soil carbon", "description": "This project has had at least two rounds of soil sampling conducted and has seen an increase in soil carbon. It is waiting for ACCUs to be issued."}}, {"type": "Feature", "id": 2978379684, "geometry": {"type": "Point", "coordinates": [149.47, -34.72]}, "properties": {"marker-color": "#96c896", "group": 1586608709, "title": "Soil Carbon Project with a measured increase in soil carbon", "description": "This project has had at least two rounds of soil sampling conducted and has seen an increase in soil carbon. It is waiting for ACCUs to be issued."}}, {"type": "Feature", "id": 2565368541, "geometry": {"type": "Point", "coordinates": [149.47, -34.72]}, "properties": {"marker-color": "#96c896", "group": 1586608709, "title": "Soil Carbon Project with a measured increase in soil carbon", "description": "This project has had at least two rounds of soil sampling conducted and has seen an increase in soil carbon. It is waiting for ACCUs to be issued."}}, {"type": "Feature", "id": 317865874, "geometry": {"type": "Point", "coordinates": [149.47, -34.72]}, "properties": {"marker-color": "#006400", "group": 3712194001, "title": "AgriProve Soil Carbon Project"}}, {"type": "Feature", "id": 3485508096, "geometry": {"type": "Point", "coordinates": [149.47, -34.72]}, "properties": {"marker-color": "#006400", "group": 3712194001, "title": "AgriProve Soil Carbon Project"}}, {"type": "Feature", "id": 3218900387, "geometry": {"type": "Point", "coordinates": [149.47, -34.72]}, "properties": {"marker-color": "#006400", "group": 3712194001, "title": "AgriProve Soil Carbon Project"}}, {"type": "Feature", "id": 2957579159, "geometry": {"type": "Point", "coordinates": [149.47, -34.72]}, "properties": {"marker-color": "#006400", "group": 3712194001, "title": "AgriProve Soil Carbon Project"}}, {"type": "Feature", "id": 1813809370, "geometry": {"type": "Point", "coordinates": [146, -38.76]}, "properties": {"marker-color": "#006400", "group": 3712194001, "title": "AgriProve Soil Carbon Project"}}, {"type": "Feature", "id": 3749257473, "geometry": {"type": "Point", "coordinates": [145.77, -38.37]}, "properties": {"marker-color": "#006400", "group": 3712194001, "title": "AgriProve Soil Carbon Project"}}, {"type": "Feature", "id": 2740276827, "geometry": {"type": "Point", "coordinates": [145.94, -38.24]}, "properties": {"marker-color": "#006400", "group": 3712194001, "title": "AgriProve Soil Carbon Project"}}, {"type": "Feature", "id": 3041422126, "geometry": {"type": "Point", "coordinates": [145.68, -38.4]}, "properties": {"marker-color": "#006400", "group": 3712194001, "title": "AgriProve Soil Carbon Project"}}, {"type": "Feature", "id": 1798044340, "geometry": {"type": "Point", "coordinates": [149.23, -36.94]}, "properties": {"marker-color": "#006400", "group": 3712194001, "title": "AgriProve Soil Carbon Project"}}, {"type": "Feature", "id": 2418703454, "geometry": {"type": "Point", "coordinates": [145.72, -38.36]}, "properties": {"marker-color": "#006400", "group": 3712194001, "title": "AgriProve Soil Carbon Project"}}, {"type": "Feature", "id": 1434323062, "geometry": {"type": "Point", "coordinates": [145.72, -38.36]}, "properties": {"marker-color": "#006400", "group": 3712194001, "title": "AgriProve Soil Carbon Project"}}, {"type": "Feature", "id": 4238488702, "geometry": {"type": "Point", "coordinates": [145.05, -36.66]}, "properties": {"marker-color": "#006400", "group": 3712194001, "title": "AgriProve Soil Carbon Project"}}, {"type": "Feature", "id": 1889393992, "geometry": {"type": "Point", "coordinates": [148.05, -36.33]}, "properties": {"marker-color": "#006400", "group": 3712194001, "title": "AgriProve Soil Carbon Project"}}, {"type": "Feature", "id": 464732310, "geometry": {"type": "Point", "coordinates": [148.03, -36.29]}, "properties": {"marker-color": "#006400", "group": 3712194001, "title": "AgriProve Soil Carbon Project"}}, {"type": "Feature", "id": 3457216163, "geometry": {"type": "Point", "coordinates": [146.09, -38.7]}, "properties": {"marker-color": "#006400", "group": 3712194001, "title": "AgriProve Soil Carbon Project"}}, {"type": "Feature", "id": 1423204426, "geometry": {"type": "Point", "coordinates": [145.97, -37.94]}, "properties": {"marker-color": "#006400", "group": 3712194001, "title": "AgriProve Soil Carbon Project"}}, {"type": "Feature", "id": 2878237175, "geometry": {"type": "Point", "coordinates": [147.91, -36.28]}, "properties": {"marker-color": "#006400", "group": 3712194001, "title": "AgriProve Soil Carbon Project"}}, {"type": "Feature", "id": 30181866, "geometry": {"type": "Point", "coordinates": [149.28, -34.77]}, "properties": {"marker-color": "#006400", "group": 3712194001, "title": "AgriProve Soil Carbon Project"}}, {"type": "Feature", "id": 3246572369, "geometry": {"type": "Point", "coordinates": [146.56, -41.49]}, "properties": {"marker-color": "#006400", "group": 3712194001, "title": "AgriProve Soil Carbon Project"}}, {"type": "Feature", "id": 4291402452, "geometry": {"type": "Point", "coordinates": [146.56, -41.49]}, "properties": {"marker-color": "#006400", "group": 3712194001, "title": "AgriProve Soil Carbon Project"}}, {"type": "Feature", "id": 1585687778, "geometry": {"type": "Point", "coordinates": [146.56, -41.49]}, "properties": {"marker-color": "#006400", "group": 3712194001, "title": "AgriProve Soil Carbon Project"}}, {"type": "Feature", "id": 4271827879, "geometry": {"type": "Point", "coordinates": [146.56, -41.49]}, "properties": {"marker-color": "#006400", "group": 3712194001, "title": "AgriProve Soil Carbon Project"}}, {"type": "Feature", "id": 2935201669, "geometry": {"type": "Point", "coordinates": [152.02, -32.58]}, "properties": {"marker-color": "#006400", "group": 3712194001, "title": "AgriProve Soil Carbon Project"}}, {"type": "Feature", "id": 1188367976, "geometry": {"type": "Point", "coordinates": [150.64, -34.16]}, "properties": {"marker-color": "#006400", "group": 3712194001, "title": "AgriProve Soil Carbon Project"}}, {"type": "Feature", "id": 2640528094, "geometry": {"type": "Point", "coordinates": [149.47, -26.41]}, "properties": {"marker-color": "#006400", "group": 3712194001, "title": "AgriProve Soil Carbon Project"}}, {"type": "Feature", "id": 1140153058, "geometry": {"type": "Point", "coordinates": [149.25, -21.53]}, "properties": {"marker-color": "#006400", "group": 3712194001, "title": "AgriProve Soil Carbon Project"}}, {"type": "Feature", "id": 4047961838, "geometry": {"type": "Point", "coordinates": [149.26, -21.54]}, "properties": {"marker-color": "#006400", "group": 3712194001, "title": "AgriProve Soil Carbon Project"}}, {"type": "Feature", "id": 1730778335, "geometry": {"type": "Point", "coordinates": [146.17, -38.61]}, "properties": {"marker-color": "#006400", "group": 3712194001, "title": "AgriProve Soil Carbon Project"}}, {"type": "Feature", "id": 1441086735, "geometry": {"type": "Point", "coordinates": [149.34, -34.44]}, "properties": {"marker-color": "#006400", "group": 3712194001, "title": "AgriProve Soil Carbon Project"}}, {"type": "Feature", "id": 618048746, "geometry": {"type": "Point", "coordinates": [149.34, -34.44]}, "properties": {"marker-color": "#006400", "group": 3712194001, "title": "AgriProve Soil Carbon Project"}}, {"type": "Feature", "id": 3990329129, "geometry": {"type": "Point", "coordinates": [149.34, -34.44]}, "properties": {"marker-color": "#006400", "group": 3712194001, "title": "AgriProve Soil Carbon Project"}}, {"type": "Feature", "id": 3788794986, "geometry": {"type": "Point", "coordinates": [149.34, -34.44]}, "properties": {"marker-color": "#006400", "group": 3712194001, "title": "AgriProve Soil Carbon Project"}}, {"type": "Feature", "id": 821125538, "geometry": {"type": "Point", "coordinates": [151.5, -24.45]}, "properties": {"marker-color": "#006400", "group": 3712194001, "title": "AgriProve Soil Carbon Project"}}, {"type": "Feature", "id": 3861586967, "geometry": {"type": "Point", "coordinates": [151.5, -24.45]}, "properties": {"marker-color": "#006400", "group": 3712194001, "title": "AgriProve Soil Carbon Project"}}, {"type": "Feature", "id": 686896741, "geometry": {"type": "Point", "coordinates": [151.68, -30.69]}, "properties": {"marker-color": "#006400", "group": 3712194001, "title": "AgriProve Soil Carbon Project"}}, {"type": "Feature", "id": 125286958, "geometry": {"type": "Point", "coordinates": [152.72, -26.71]}, "properties": {"marker-color": "#006400", "group": 3712194001, "title": "AgriProve Soil Carbon Project"}}, {"type": "Feature", "id": 3114107013, "geometry": {"type": "Point", "coordinates": [147.47, -34.26]}, "properties": {"marker-color": "#006400", "group": 3712194001, "title": "AgriProve Soil Carbon Project"}}, {"type": "Feature", "id": 3240112315, "geometry": {"type": "Point", "coordinates": [147.89, -22.93]}, "properties": {"marker-color": "#006400", "group": 3712194001, "title": "AgriProve Soil Carbon Project"}}, {"type": "Feature", "id": 2431574915, "geometry": {"type": "Point", "coordinates": [148.75, -33.02]}, "properties": {"marker-color": "#006400", "group": 3712194001, "title": "AgriProve Soil Carbon Project"}}, {"type": "Feature", "id": 470208495, "geometry": {"type": "Point", "coordinates": [146.51, -41.47]}, "properties": {"marker-color": "#006400", "group": 3712194001, "title": "AgriProve Soil Carbon Project"}}, {"type": "Feature", "id": 4233065731, "geometry": {"type": "Point", "coordinates": [145.75, -41.02]}, "properties": {"marker-color": "#006400", "group": 3712194001, "title": "AgriProve Soil Carbon Project"}}, {"type": "Feature", "id": 2619470798, "geometry": {"type": "Point", "coordinates": [145.75, -41.02]}, "properties": {"marker-color": "#006400", "group": 3712194001, "title": "AgriProve Soil Carbon Project"}}, {"type": "Feature", "id": 360355828, "geometry": {"type": "Point", "coordinates": [147.09, -41.53]}, "properties": {"marker-color": "#006400", "group": 3712194001, "title": "AgriProve Soil Carbon Project"}}, {"type": "Feature", "id": 2192560138, "geometry": {"type": "Point", "coordinates": [145.79, -41.06]}, "properties": {"marker-color": "#006400", "group": 3712194001, "title": "AgriProve Soil Carbon Project"}}, {"type": "Feature", "id": 131682008, "geometry": {"type": "Point", "coordinates": [145.79, -41.06]}, "properties": {"marker-color": "#006400", "group": 3712194001, "title": "AgriProve Soil Carbon Project"}}, {"type": "Feature", "id": 2724030456, "geometry": {"type": "Point", "coordinates": [145.79, -41.06]}, "properties": {"marker-color": "#006400", "group": 3712194001, "title": "AgriProve Soil Carbon Project"}}, {"type": "Feature", "id": 3501301200, "geometry": {"type": "Point", "coordinates": [145.79, -41.06]}, "properties": {"marker-color": "#006400", "group": 3712194001, "title": "AgriProve Soil Carbon Project"}}, {"type": "Feature", "id": 3621189326, "geometry": {"type": "Point", "coordinates": [145.79, -41.06]}, "properties": {"marker-color": "#006400", "group": 3712194001, "title": "AgriProve Soil Carbon Project"}}, {"type": "Feature", "id": 2647444097, "geometry": {"type": "Point", "coordinates": [145.79, -41.06]}, "properties": {"marker-color": "#006400", "group": 3712194001, "title": "AgriProve Soil Carbon Project"}}, {"type": "Feature", "id": 1402578817, "geometry": {"type": "Point", "coordinates": [143.72, -38.23]}, "properties": {"marker-color": "#006400", "group": 3712194001, "title": "AgriProve Soil Carbon Project"}}, {"type": "Feature", "id": 740704043, "geometry": {"type": "Point", "coordinates": [148.81, -33.04]}, "properties": {"marker-color": "#006400", "group": 3712194001, "title": "AgriProve Soil Carbon Project"}}, {"type": "Feature", "id": 3141804933, "geometry": {"type": "Point", "coordinates": [148.81, -33.04]}, "properties": {"marker-color": "#006400", "group": 3712194001, "title": "AgriProve Soil Carbon Project"}}, {"type": "Feature", "id": 4195139663, "geometry": {"type": "Point", "coordinates": [146.23, -37.03]}, "properties": {"marker-color": "#006400", "group": 3712194001, "title": "AgriProve Soil Carbon Project"}}, {"type": "Feature", "id": 4055622754, "geometry": {"type": "Point", "coordinates": [151.59, -24.35]}, "properties": {"marker-color": "#006400", "group": 3712194001, "title": "AgriProve Soil Carbon Project"}}, {"type": "Feature", "id": 2051833309, "geometry": {"type": "Point", "coordinates": [151.59, -24.35]}, "properties": {"marker-color": "#006400", "group": 3712194001, "title": "AgriProve Soil Carbon Project"}}, {"type": "Feature", "id": 3133137354, "geometry": {"type": "Point", "coordinates": [147.89, -22.88]}, "properties": {"marker-color": "#006400", "group": 3712194001, "title": "AgriProve Soil Carbon Project"}}, {"type": "Feature", "id": 1246268025, "geometry": {"type": "Point", "coordinates": [147.05, -41.5]}, "properties": {"marker-color": "#006400", "group": 3712194001, "title": "AgriProve Soil Carbon Project"}}, {"type": "Feature", "id": 2702544654, "geometry": {"type": "Point", "coordinates": [147.05, -41.5]}, "properties": {"marker-color": "#006400", "group": 3712194001, "title": "AgriProve Soil Carbon Project"}}, {"type": "Feature", "id": 3094716617, "geometry": {"type": "Point", "coordinates": [147.05, -41.5]}, "properties": {"marker-color": "#006400", "group": 3712194001, "title": "AgriProve Soil Carbon Project"}}, {"type": "Feature", "id": 3093230355, "geometry": {"type": "Point", "coordinates": [152.3, -25.28]}, "properties": {"marker-color": "#006400", "group": 3712194001, "title": "AgriProve Soil Carbon Project"}}, {"type": "Feature", "id": 1048525630, "geometry": {"type": "Point", "coordinates": [147.9, -31.23]}, "properties": {"marker-color": "#006400", "group": 3712194001, "title": "AgriProve Soil Carbon Project"}}, {"type": "Feature", "id": 2650307343, "geometry": {"type": "Point", "coordinates": [147.07, -41.54]}, "properties": {"marker-color": "#006400", "group": 3712194001, "title": "AgriProve Soil Carbon Project"}}, {"type": "Feature", "id": 2553021559, "geometry": {"type": "Point", "coordinates": [146.31, -41.57]}, "properties": {"marker-color": "#006400", "group": 3712194001, "title": "AgriProve Soil Carbon Project"}}, {"type": "Feature", "id": 3448787434, "geometry": {"type": "Point", "coordinates": [145.34, -35.06]}, "properties": {"marker-color": "#006400", "group": 3712194001, "title": "AgriProve Soil Carbon Project"}}, {"type": "Feature", "id": 1766915656, "geometry": {"type": "Point", "coordinates": [151.6, -24.45]}, "properties": {"marker-color": "#006400", "group": 3712194001, "title": "AgriProve Soil Carbon Project"}}, {"type": "Feature", "id": 370809866, "geometry": {"type": "Point", "coordinates": [146.18, -37.08]}, "properties": {"marker-color": "#006400", "group": 3712194001, "title": "AgriProve Soil Carbon Project"}}, {"type": "Feature", "id": 1305538592, "geometry": {"type": "Point", "coordinates": [153.21, -28.4]}, "properties": {"marker-color": "#006400", "group": 3712194001, "title": "AgriProve Soil Carbon Project"}}, {"type": "Feature", "id": 590491704, "geometry": {"type": "Point", "coordinates": [153.21, -28.4]}, "properties": {"marker-color": "#006400", "group": 3712194001, "title": "AgriProve Soil Carbon Project"}}, {"type": "Feature", "id": 3942023078, "geometry": {"type": "Point", "coordinates": [152.37, -30.38]}, "properties": {"marker-color": "#006400", "group": 3712194001, "title": "AgriProve Soil Carbon Project"}}, {"type": "Feature", "id": 2254051641, "geometry": {"type": "Point", "coordinates": [152.5, -30.31]}, "properties": {"marker-color": "#006400", "group": 3712194001, "title": "AgriProve Soil Carbon Project"}}, {"type": "Feature", "id": 481297887, "geometry": {"type": "Point", "coordinates": [138.77, -35.3]}, "properties": {"marker-color": "#006400", "group": 3712194001, "title": "AgriProve Soil Carbon Project"}}, {"type": "Feature", "id": 1610312257, "geometry": {"type": "Point", "coordinates": [144.55, -37.14]}, "properties": {"marker-color": "#006400", "group": 3712194001, "title": "AgriProve Soil Carbon Project"}}, {"type": "Feature", "id": 3808902274, "geometry": {"type": "Point", "coordinates": [144.99, -36.44]}, "properties": {"marker-color": "#006400", "group": 3712194001, "title": "AgriProve Soil Carbon Project"}}, {"type": "Feature", "id": 20501477, "geometry": {"type": "Point", "coordinates": [144.99, -36.44]}, "properties": {"marker-color": "#006400", "group": 3712194001, "title": "AgriProve Soil Carbon Project"}}, {"type": "Feature", "id": 380260180, "geometry": {"type": "Point", "coordinates": [146.53, -38.22]}, "properties": {"marker-color": "#006400", "group": 3712194001, "title": "AgriProve Soil Carbon Project"}}, {"type": "Feature", "id": 1623643398, "geometry": {"type": "Point", "coordinates": [145.26, -36.02]}, "properties": {"marker-color": "#006400", "group": 3712194001, "title": "AgriProve Soil Carbon Project"}}, {"type": "Feature", "id": 438231733, "geometry": {"type": "Point", "coordinates": [145.26, -36.02]}, "properties": {"marker-color": "#006400", "group": 3712194001, "title": "AgriProve Soil Carbon Project"}}, {"type": "Feature", "id": 938052586, "geometry": {"type": "Point", "coordinates": [145.26, -36.02]}, "properties": {"marker-color": "#006400", "group": 3712194001, "title": "AgriProve Soil Carbon Project"}}, {"type": "Feature", "id": 2235111300, "geometry": {"type": "Point", "coordinates": [145.26, -36.02]}, "properties": {"marker-color": "#006400", "group": 3712194001, "title": "AgriProve Soil Carbon Project"}}, {"type": "Feature", "id": 1775422326, "geometry": {"type": "Point", "coordinates": [144.99, -36.36]}, "properties": {"marker-color": "#006400", "group": 3712194001, "title": "AgriProve Soil Carbon Project"}}, {"type": "Feature", "id": 3484741351, "geometry": {"type": "Point", "coordinates": [147.03, -41.5]}, "properties": {"marker-color": "#006400", "group": 3712194001, "title": "AgriProve Soil Carbon Project"}}, {"type": "Feature", "id": 3747849543, "geometry": {"type": "Point", "coordinates": [147.89, -36.07]}, "properties": {"marker-color": "#006400", "group": 3712194001, "title": "AgriProve Soil Carbon Project"}}, {"type": "Feature", "id": 2431128118, "geometry": {"type": "Point", "coordinates": [147.89, -36.07]}, "properties": {"marker-color": "#006400", "group": 3712194001, "title": "AgriProve Soil Carbon Project"}}, {"type": "Feature", "id": 4105312211, "geometry": {"type": "Point", "coordinates": [147.89, -36.07]}, "properties": {"marker-color": "#006400", "group": 3712194001, "title": "AgriProve Soil Carbon Project"}}, {"type": "Feature", "id": 1794937245, "geometry": {"type": "Point", "coordinates": [147.89, -36.07]}, "properties": {"marker-color": "#006400", "group": 3712194001, "title": "AgriProve Soil Carbon Project"}}, {"type": "Feature", "id": 1088817207, "geometry": {"type": "Point", "coordinates": [147.89, -36.07]}, "properties": {"marker-color": "#006400", "group": 3712194001, "title": "AgriProve Soil Carbon Project"}}, {"type": "Feature", "id": 3613772986, "geometry": {"type": "Point", "coordinates": [147.89, -36.07]}, "properties": {"marker-color": "#006400", "group": 3712194001, "title": "AgriProve Soil Carbon Project"}}, {"type": "Feature", "id": 2671439155, "geometry": {"type": "Point", "coordinates": [147.18, -36.06]}, "properties": {"marker-color": "#006400", "group": 3712194001, "title": "AgriProve Soil Carbon Project"}}, {"type": "Feature", "id": 2075740958, "geometry": {"type": "Point", "coordinates": [146.71, -41.53]}, "properties": {"marker-color": "#006400", "group": 3712194001, "title": "AgriProve Soil Carbon Project"}}, {"type": "Feature", "id": 1836650787, "geometry": {"type": "Point", "coordinates": [146.56, -41.25]}, "properties": {"marker-color": "#006400", "group": 3712194001, "title": "AgriProve Soil Carbon Project"}}, {"type": "Feature", "id": 1666730429, "geometry": {"type": "Point", "coordinates": [146.56, -41.25]}, "properties": {"marker-color": "#006400", "group": 3712194001, "title": "AgriProve Soil Carbon Project"}}, {"type": "Feature", "id": 2776052239, "geometry": {"type": "Point", "coordinates": [144.03, -38.15]}, "properties": {"marker-color": "#006400", "group": 3712194001, "title": "AgriProve Soil Carbon Project"}}, {"type": "Feature", "id": 1317109749, "geometry": {"type": "Point", "coordinates": [140.81, -37.99]}, "properties": {"marker-color": "#006400", "group": 3712194001, "title": "AgriProve Soil Carbon Project"}}, {"type": "Feature", "id": 2605163218, "geometry": {"type": "Point", "coordinates": [151.51, -32.5]}, "properties": {"marker-color": "#006400", "group": 3712194001, "title": "AgriProve Soil Carbon Project"}}, {"type": "Feature", "id": 2204470625, "geometry": {"type": "Point", "coordinates": [147.8, -41.09]}, "properties": {"marker-color": "#006400", "group": 3712194001, "title": "AgriProve Soil Carbon Project"}}, {"type": "Feature", "id": 460102366, "geometry": {"type": "Point", "coordinates": [147.8, -41.09]}, "properties": {"marker-color": "#006400", "group": 3712194001, "title": "AgriProve Soil Carbon Project"}}, {"type": "Feature", "id": 3741992859, "geometry": {"type": "Point", "coordinates": [147.78, -41.09]}, "properties": {"marker-color": "#006400", "group": 3712194001, "title": "AgriProve Soil Carbon Project"}}, {"type": "Feature", "id": 456159311, "geometry": {"type": "Point", "coordinates": [147.78, -41.09]}, "properties": {"marker-color": "#006400", "group": 3712194001, "title": "AgriProve Soil Carbon Project"}}, {"type": "Feature", "id": 2751747629, "geometry": {"type": "Point", "coordinates": [151.54, -32.48]}, "properties": {"marker-color": "#006400", "group": 3712194001, "title": "AgriProve Soil Carbon Project"}}, {"type": "Feature", "id": 3241194724, "geometry": {"type": "Point", "coordinates": [151.51, -32.48]}, "properties": {"marker-color": "#006400", "group": 3712194001, "title": "AgriProve Soil Carbon Project"}}, {"type": "Feature", "id": 3371339315, "geometry": {"type": "Point", "coordinates": [150.19, -33.54]}, "properties": {"marker-color": "#006400", "group": 3712194001, "title": "AgriProve Soil Carbon Project"}}, {"type": "Feature", "id": 2602445242, "geometry": {"type": "Point", "coordinates": [150.63, -28.61]}, "properties": {"marker-color": "#006400", "group": 3712194001, "title": "AgriProve Soil Carbon Project"}}, {"type": "Feature", "id": 3543487109, "geometry": {"type": "Point", "coordinates": [150.63, -28.61]}, "properties": {"marker-color": "#006400", "group": 3712194001, "title": "AgriProve Soil Carbon Project"}}, {"type": "Feature", "id": 2866972624, "geometry": {"type": "Point", "coordinates": [150.81, -28.37]}, "properties": {"marker-color": "#006400", "group": 3712194001, "title": "AgriProve Soil Carbon Project"}}, {"type": "Feature", "id": 3054281002, "geometry": {"type": "Point", "coordinates": [150.81, -28.37]}, "properties": {"marker-color": "#006400", "group": 3712194001, "title": "AgriProve Soil Carbon Project"}}, {"type": "Feature", "id": 3532891121, "geometry": {"type": "Point", "coordinates": [149.63, -34.54]}, "properties": {"marker-color": "#006400", "group": 3712194001, "title": "AgriProve Soil Carbon Project"}}, {"type": "Feature", "id": 4281050223, "geometry": {"type": "Point", "coordinates": [149.63, -34.54]}, "properties": {"marker-color": "#006400", "group": 3712194001, "title": "AgriProve Soil Carbon Project"}}, {"type": "Feature", "id": 3337928593, "geometry": {"type": "Point", "coordinates": [148.63, -33.76]}, "properties": {"marker-color": "#006400", "group": 3712194001, "title": "AgriProve Soil Carbon Project"}}, {"type": "Feature", "id": 1021416244, "geometry": {"type": "Point", "coordinates": [142.11, -38.35]}, "properties": {"marker-color": "#006400", "group": 3712194001, "title": "AgriProve Soil Carbon Project"}}, {"type": "Feature", "id": 3582362251, "geometry": {"type": "Point", "coordinates": [145.79, -36.06]}, "properties": {"marker-color": "#006400", "group": 3712194001, "title": "AgriProve Soil Carbon Project"}}, {"type": "Feature", "id": 827763661, "geometry": {"type": "Point", "coordinates": [145.79, -36.06]}, "properties": {"marker-color": "#006400", "group": 3712194001, "title": "AgriProve Soil Carbon Project"}}, {"type": "Feature", "id": 967655460, "geometry": {"type": "Point", "coordinates": [151.51, -32.49]}, "properties": {"marker-color": "#006400", "group": 3712194001, "title": "AgriProve Soil Carbon Project"}}, {"type": "Feature", "id": 1716008013, "geometry": {"type": "Point", "coordinates": [151.51, -32.49]}, "properties": {"marker-color": "#006400", "group": 3712194001, "title": "AgriProve Soil Carbon Project"}}, {"type": "Feature", "id": 3038461648, "geometry": {"type": "Point", "coordinates": [146.89, -36.53]}, "properties": {"marker-color": "#006400", "group": 3712194001, "title": "AgriProve Soil Carbon Project"}}, {"type": "Feature", "id": 786648428, "geometry": {"type": "Point", "coordinates": [146.89, -36.53]}, "properties": {"marker-color": "#006400", "group": 3712194001, "title": "AgriProve Soil Carbon Project"}}, {"type": "Feature", "id": 2685992224, "geometry": {"type": "Point", "coordinates": [147.05, -35.76]}, "properties": {"marker-color": "#006400", "group": 3712194001, "title": "AgriProve Soil Carbon Project"}}, {"type": "Feature", "id": 1569740045, "geometry": {"type": "Point", "coordinates": [147.05, -35.76]}, "properties": {"marker-color": "#006400", "group": 3712194001, "title": "AgriProve Soil Carbon Project"}}, {"type": "Feature", "id": 263220350, "geometry": {"type": "Point", "coordinates": [149.54, -33.2]}, "properties": {"marker-color": "#006400", "group": 3712194001, "title": "AgriProve Soil Carbon Project"}}, {"type": "Feature", "id": 59900537, "geometry": {"type": "Point", "coordinates": [149.54, -33.2]}, "properties": {"marker-color": "#006400", "group": 3712194001, "title": "AgriProve Soil Carbon Project"}}, {"type": "Feature", "id": 4041300344, "geometry": {"type": "Point", "coordinates": [149.63, -33.2]}, "properties": {"marker-color": "#006400", "group": 3712194001, "title": "AgriProve Soil Carbon Project"}}, {"type": "Feature", "id": 1501340928, "geometry": {"type": "Point", "coordinates": [149.63, -33.2]}, "properties": {"marker-color": "#006400", "group": 3712194001, "title": "AgriProve Soil Carbon Project"}}, {"type": "Feature", "id": 1312572838, "geometry": {"type": "Point", "coordinates": [152.44, -25.53]}, "properties": {"marker-color": "#006400", "group": 3712194001, "title": "AgriProve Soil Carbon Project"}}, {"type": "Feature", "id": 1933456543, "geometry": {"type": "Point", "coordinates": [149.58, -33.28]}, "properties": {"marker-color": "#006400", "group": 3712194001, "title": "AgriProve Soil Carbon Project"}}, {"type": "Feature", "id": 3045602106, "geometry": {"type": "Point", "coordinates": [149.58, -33.56]}, "properties": {"marker-color": "#006400", "group": 3712194001, "title": "AgriProve Soil Carbon Project"}}, {"type": "Feature", "id": 3072807084, "geometry": {"type": "Point", "coordinates": [149.58, -33.56]}, "properties": {"marker-color": "#006400", "group": 3712194001, "title": "AgriProve Soil Carbon Project"}}, {"type": "Feature", "id": 3484970523, "geometry": {"type": "Point", "coordinates": [149.59, -33.57]}, "properties": {"marker-color": "#006400", "group": 3712194001, "title": "AgriProve Soil Carbon Project"}}, {"type": "Feature", "id": 1479184706, "geometry": {"type": "Point", "coordinates": [149.59, -33.57]}, "properties": {"marker-color": "#006400", "group": 3712194001, "title": "AgriProve Soil Carbon Project"}}, {"type": "Feature", "id": 3260147067, "geometry": {"type": "Point", "coordinates": [151.47, -32.35]}, "properties": {"marker-color": "#006400", "group": 3712194001, "title": "AgriProve Soil Carbon Project"}}, {"type": "Feature", "id": 2533682323, "geometry": {"type": "Point", "coordinates": [151.47, -32.35]}, "properties": {"marker-color": "#006400", "group": 3712194001, "title": "AgriProve Soil Carbon Project"}}, {"type": "Feature", "id": 4164187458, "geometry": {"type": "Point", "coordinates": [151.21, -33.87]}, "properties": {"marker-color": "#006400", "group": 3712194001, "title": "AgriProve Soil Carbon Project"}}, {"type": "Feature", "id": 1038436849, "geometry": {"type": "Point", "coordinates": [149.05, -32.2]}, "properties": {"marker-color": "#006400", "group": 3712194001, "title": "AgriProve Soil Carbon Project"}}, {"type": "Feature", "id": 2864526451, "geometry": {"type": "Point", "coordinates": [149.05, -32.2]}, "properties": {"marker-color": "#006400", "group": 3712194001, "title": "AgriProve Soil Carbon Project"}}, {"type": "Feature", "id": 407497265, "geometry": {"type": "Point", "coordinates": [149.05, -32.2]}, "properties": {"marker-color": "#006400", "group": 3712194001, "title": "AgriProve Soil Carbon Project"}}, {"type": "Feature", "id": 748331272, "geometry": {"type": "Point", "coordinates": [149.05, -32.2]}, "properties": {"marker-color": "#006400", "group": 3712194001, "title": "AgriProve Soil Carbon Project"}}, {"type": "Feature", "id": 348444969, "geometry": {"type": "Point", "coordinates": [149.05, -32.2]}, "properties": {"marker-color": "#006400", "group": 3712194001, "title": "AgriProve Soil Carbon Project"}}, {"type": "Feature", "id": 339851681, "geometry": {"type": "Point", "coordinates": [149.05, -32.2]}, "properties": {"marker-color": "#006400", "group": 3712194001, "title": "AgriProve Soil Carbon Project"}}, {"type": "Feature", "id": 3910230020, "geometry": {"type": "Point", "coordinates": [149.05, -32.2]}, "properties": {"marker-color": "#006400", "group": 3712194001, "title": "AgriProve Soil Carbon Project"}}, {"type": "Feature", "id": 236034864, "geometry": {"type": "Point", "coordinates": [149.05, -32.2]}, "properties": {"marker-color": "#006400", "group": 3712194001, "title": "AgriProve Soil Carbon Project"}}, {"type": "Feature", "id": 2178251459, "geometry": {"type": "Point", "coordinates": [149.05, -32.2]}, "properties": {"marker-color": "#006400", "group": 3712194001, "title": "AgriProve Soil Carbon Project"}}, {"type": "Feature", "id": 447172575, "geometry": {"type": "Point", "coordinates": [148.63, -33.77]}, "properties": {"marker-color": "#006400", "group": 3712194001, "title": "AgriProve Soil Carbon Project"}}, {"type": "Feature", "id": 3738627335, "geometry": {"type": "Point", "coordinates": [149.05, -32.2]}, "properties": {"marker-color": "#006400", "group": 3712194001, "title": "AgriProve Soil Carbon Project"}}, {"type": "Feature", "id": 2711850287, "geometry": {"type": "Point", "coordinates": [147.82, -36.15]}, "properties": {"marker-color": "#006400", "group": 3712194001, "title": "AgriProve Soil Carbon Project"}}, {"type": "Feature", "id": 4173948787, "geometry": {"type": "Point", "coordinates": [147.82, -36.15]}, "properties": {"marker-color": "#006400", "group": 3712194001, "title": "AgriProve Soil Carbon Project"}}, {"type": "Feature", "id": 3069840025, "geometry": {"type": "Point", "coordinates": [147.82, -36.15]}, "properties": {"marker-color": "#006400", "group": 3712194001, "title": "AgriProve Soil Carbon Project"}}, {"type": "Feature", "id": 715566592, "geometry": {"type": "Point", "coordinates": [147.82, -36.15]}, "properties": {"marker-color": "#006400", "group": 3712194001, "title": "AgriProve Soil Carbon Project"}}, {"type": "Feature", "id": 203008561, "geometry": {"type": "Point", "coordinates": [139.2, -35.21]}, "properties": {"marker-color": "#006400", "group": 3712194001, "title": "AgriProve Soil Carbon Project"}}, {"type": "Feature", "id": 1215675665, "geometry": {"type": "Point", "coordinates": [139.21, -35.21]}, "properties": {"marker-color": "#006400", "group": 3712194001, "title": "AgriProve Soil Carbon Project"}}, {"type": "Feature", "id": 1696721939, "geometry": {"type": "Point", "coordinates": [139.22, -35.21]}, "properties": {"marker-color": "#006400", "group": 3712194001, "title": "AgriProve Soil Carbon Project"}}, {"type": "Feature", "id": 3044208112, "geometry": {"type": "Point", "coordinates": [139.2, -35.2]}, "properties": {"marker-color": "#006400", "group": 3712194001, "title": "AgriProve Soil Carbon Project"}}, {"type": "Feature", "id": 2160605043, "geometry": {"type": "Point", "coordinates": [148.02, -36.2]}, "properties": {"marker-color": "#006400", "group": 3712194001, "title": "AgriProve Soil Carbon Project"}}, {"type": "Feature", "id": 1069477332, "geometry": {"type": "Point", "coordinates": [148.02, -36.2]}, "properties": {"marker-color": "#006400", "group": 3712194001, "title": "AgriProve Soil Carbon Project"}}, {"type": "Feature", "id": 1153577665, "geometry": {"type": "Point", "coordinates": [148, -36.24]}, "properties": {"marker-color": "#006400", "group": 3712194001, "title": "AgriProve Soil Carbon Project"}}, {"type": "Feature", "id": 1704094165, "geometry": {"type": "Point", "coordinates": [148, -36.24]}, "properties": {"marker-color": "#006400", "group": 3712194001, "title": "AgriProve Soil Carbon Project"}}, {"type": "Feature", "id": 1367714914, "geometry": {"type": "Point", "coordinates": [147.39, -34.9]}, "properties": {"marker-color": "#006400", "group": 3712194001, "title": "AgriProve Soil Carbon Project"}}, {"type": "Feature", "id": 525804767, "geometry": {"type": "Point", "coordinates": [147.39, -34.9]}, "properties": {"marker-color": "#006400", "group": 3712194001, "title": "AgriProve Soil Carbon Project"}}, {"type": "Feature", "id": 2023733170, "geometry": {"type": "Point", "coordinates": [149.93, -27.89]}, "properties": {"marker-color": "#006400", "group": 3712194001, "title": "AgriProve Soil Carbon Project"}}, {"type": "Feature", "id": 3758131674, "geometry": {"type": "Point", "coordinates": [147.28, -34.47]}, "properties": {"marker-color": "#006400", "group": 3712194001, "title": "AgriProve Soil Carbon Project"}}, {"type": "Feature", "id": 4100335228, "geometry": {"type": "Point", "coordinates": [147.32, -34.45]}, "properties": {"marker-color": "#006400", "group": 3712194001, "title": "AgriProve Soil Carbon Project"}}, {"type": "Feature", "id": 1342672213, "geometry": {"type": "Point", "coordinates": [147.27, -34.44]}, "properties": {"marker-color": "#006400", "group": 3712194001, "title": "AgriProve Soil Carbon Project"}}, {"type": "Feature", "id": 378432782, "geometry": {"type": "Point", "coordinates": [147.32, -34.44]}, "properties": {"marker-color": "#006400", "group": 3712194001, "title": "AgriProve Soil Carbon Project"}}, {"type": "Feature", "id": 213069344, "geometry": {"type": "Point", "coordinates": [147.22, -34.45]}, "properties": {"marker-color": "#006400", "group": 3712194001, "title": "AgriProve Soil Carbon Project"}}, {"type": "Feature", "id": 2518441528, "geometry": {"type": "Point", "coordinates": [147.26, -34.69]}, "properties": {"marker-color": "#006400", "group": 3712194001, "title": "AgriProve Soil Carbon Project"}}, {"type": "Feature", "id": 250542701, "geometry": {"type": "Point", "coordinates": [151.44, -26.47]}, "properties": {"marker-color": "#006400", "group": 3712194001, "title": "AgriProve Soil Carbon Project"}}, {"type": "Feature", "id": 677597593, "geometry": {"type": "Point", "coordinates": [151.44, -26.47]}, "properties": {"marker-color": "#006400", "group": 3712194001, "title": "AgriProve Soil Carbon Project"}}, {"type": "Feature", "id": 202385495, "geometry": {"type": "Point", "coordinates": [137.61, -34.38]}, "properties": {"marker-color": "#006400", "group": 3712194001, "title": "AgriProve Soil Carbon Project"}}, {"type": "Feature", "id": 1925179035, "geometry": {"type": "Point", "coordinates": [137.61, -34.38]}, "properties": {"marker-color": "#006400", "group": 3712194001, "title": "AgriProve Soil Carbon Project"}}, {"type": "Feature", "id": 4110634224, "geometry": {"type": "Point", "coordinates": [137.61, -34.38]}, "properties": {"marker-color": "#006400", "group": 3712194001, "title": "AgriProve Soil Carbon Project"}}, {"type": "Feature", "id": 3731625883, "geometry": {"type": "Point", "coordinates": [137.61, -34.38]}, "properties": {"marker-color": "#006400", "group": 3712194001, "title": "AgriProve Soil Carbon Project"}}, {"type": "Feature", "id": 2498973469, "geometry": {"type": "Point", "coordinates": [137.61, -34.38]}, "properties": {"marker-color": "#006400", "group": 3712194001, "title": "AgriProve Soil Carbon Project"}}, {"type": "Feature", "id": 1950247434, "geometry": {"type": "Point", "coordinates": [145.67, -41.16]}, "properties": {"marker-color": "#006400", "group": 3712194001, "title": "AgriProve Soil Carbon Project"}}, {"type": "Feature", "id": 2535112436, "geometry": {"type": "Point", "coordinates": [145.67, -41.16]}, "properties": {"marker-color": "#006400", "group": 3712194001, "title": "AgriProve Soil Carbon Project"}}, {"type": "Feature", "id": 983701388, "geometry": {"type": "Point", "coordinates": [145.67, -41.16]}, "properties": {"marker-color": "#006400", "group": 3712194001, "title": "AgriProve Soil Carbon Project"}}, {"type": "Feature", "id": 1312621048, "geometry": {"type": "Point", "coordinates": [145.67, -41.16]}, "properties": {"marker-color": "#006400", "group": 3712194001, "title": "AgriProve Soil Carbon Project"}}, {"type": "Feature", "id": 3446010333, "geometry": {"type": "Point", "coordinates": [149.07, -35.17]}, "properties": {"marker-color": "#006400", "group": 3712194001, "title": "AgriProve Soil Carbon Project"}}, {"type": "Feature", "id": 4108877668, "geometry": {"type": "Point", "coordinates": [149.01, -35.24]}, "properties": {"marker-color": "#006400", "group": 3712194001, "title": "AgriProve Soil Carbon Project"}}, {"type": "Feature", "id": 959737811, "geometry": {"type": "Point", "coordinates": [142.02, -37.51]}, "properties": {"marker-color": "#006400", "group": 3712194001, "title": "AgriProve Soil Carbon Project"}}, {"type": "Feature", "id": 3374937620, "geometry": {"type": "Point", "coordinates": [142.02, -37.51]}, "properties": {"marker-color": "#006400", "group": 3712194001, "title": "AgriProve Soil Carbon Project"}}, {"type": "Feature", "id": 2969824352, "geometry": {"type": "Point", "coordinates": [142.02, -37.54]}, "properties": {"marker-color": "#006400", "group": 3712194001, "title": "AgriProve Soil Carbon Project"}}, {"type": "Feature", "id": 2646417458, "geometry": {"type": "Point", "coordinates": [142.02, -37.54]}, "properties": {"marker-color": "#006400", "group": 3712194001, "title": "AgriProve Soil Carbon Project"}}, {"type": "Feature", "id": 2114704117, "geometry": {"type": "Point", "coordinates": [142.01, -37.51]}, "properties": {"marker-color": "#006400", "group": 3712194001, "title": "AgriProve Soil Carbon Project"}}, {"type": "Feature", "id": 2622306995, "geometry": {"type": "Point", "coordinates": [142.01, -37.51]}, "properties": {"marker-color": "#006400", "group": 3712194001, "title": "AgriProve Soil Carbon Project"}}, {"type": "Feature", "id": 3801257413, "geometry": {"type": "Point", "coordinates": [152.91, -26.83]}, "properties": {"marker-color": "#006400", "group": 3712194001, "title": "AgriProve Soil Carbon Project"}}, {"type": "Feature", "id": 3886522910, "geometry": {"type": "Point", "coordinates": [140.82, -35.87]}, "properties": {"marker-color": "#006400", "group": 3712194001, "title": "AgriProve Soil Carbon Project"}}, {"type": "Feature", "id": 290894362, "geometry": {"type": "Point", "coordinates": [140.84, -35.84]}, "properties": {"marker-color": "#006400", "group": 3712194001, "title": "AgriProve Soil Carbon Project"}}, {"type": "Feature", "id": 3177074164, "geometry": {"type": "Point", "coordinates": [140.86, -35.84]}, "properties": {"marker-color": "#006400", "group": 3712194001, "title": "AgriProve Soil Carbon Project"}}, {"type": "Feature", "id": 1254236231, "geometry": {"type": "Point", "coordinates": [140.82, -35.86]}, "properties": {"marker-color": "#006400", "group": 3712194001, "title": "AgriProve Soil Carbon Project"}}, {"type": "Feature", "id": 3390923322, "geometry": {"type": "Point", "coordinates": [140.86, -35.76]}, "properties": {"marker-color": "#006400", "group": 3712194001, "title": "AgriProve Soil Carbon Project"}}, {"type": "Feature", "id": 1851567258, "geometry": {"type": "Point", "coordinates": [140.86, -35.76]}, "properties": {"marker-color": "#006400", "group": 3712194001, "title": "AgriProve Soil Carbon Project"}}, {"type": "Feature", "id": 43042172, "geometry": {"type": "Point", "coordinates": [140.87, -35.77]}, "properties": {"marker-color": "#006400", "group": 3712194001, "title": "AgriProve Soil Carbon Project"}}, {"type": "Feature", "id": 3573625293, "geometry": {"type": "Point", "coordinates": [140.9, -35.75]}, "properties": {"marker-color": "#006400", "group": 3712194001, "title": "AgriProve Soil Carbon Project"}}, {"type": "Feature", "id": 2951137918, "geometry": {"type": "Point", "coordinates": [140.89, -35.77]}, "properties": {"marker-color": "#006400", "group": 3712194001, "title": "AgriProve Soil Carbon Project"}}, {"type": "Feature", "id": 1503719135, "geometry": {"type": "Point", "coordinates": [140.9, -35.77]}, "properties": {"marker-color": "#006400", "group": 3712194001, "title": "AgriProve Soil Carbon Project"}}, {"type": "Feature", "id": 3726834701, "geometry": {"type": "Point", "coordinates": [140.84, -35.83]}, "properties": {"marker-color": "#006400", "group": 3712194001, "title": "AgriProve Soil Carbon Project"}}, {"type": "Feature", "id": 3449474582, "geometry": {"type": "Point", "coordinates": [140.86, -35.83]}, "properties": {"marker-color": "#006400", "group": 3712194001, "title": "AgriProve Soil Carbon Project"}}, {"type": "Feature", "id": 1898235768, "geometry": {"type": "Point", "coordinates": [140.83, -35.86]}, "properties": {"marker-color": "#006400", "group": 3712194001, "title": "AgriProve Soil Carbon Project"}}, {"type": "Feature", "id": 2822508118, "geometry": {"type": "Point", "coordinates": [140.84, -35.86]}, "properties": {"marker-color": "#006400", "group": 3712194001, "title": "AgriProve Soil Carbon Project"}}, {"type": "Feature", "id": 1470571691, "geometry": {"type": "Point", "coordinates": [140.86, -35.86]}, "properties": {"marker-color": "#006400", "group": 3712194001, "title": "AgriProve Soil Carbon Project"}}, {"type": "Feature", "id": 198533868, "geometry": {"type": "Point", "coordinates": [140.87, -35.86]}, "properties": {"marker-color": "#006400", "group": 3712194001, "title": "AgriProve Soil Carbon Project"}}, {"type": "Feature", "id": 3943800713, "geometry": {"type": "Point", "coordinates": [140.82, -35.83]}, "properties": {"marker-color": "#006400", "group": 3712194001, "title": "AgriProve Soil Carbon Project"}}, {"type": "Feature", "id": 4148063189, "geometry": {"type": "Point", "coordinates": [145.57, -40.95]}, "properties": {"marker-color": "#006400", "group": 3712194001, "title": "AgriProve Soil Carbon Project"}}, {"type": "Feature", "id": 282188244, "geometry": {"type": "Point", "coordinates": [145.57, -40.95]}, "properties": {"marker-color": "#006400", "group": 3712194001, "title": "AgriProve Soil Carbon Project"}}, {"type": "Feature", "id": 1981229065, "geometry": {"type": "Point", "coordinates": [145.58, -40.94]}, "properties": {"marker-color": "#006400", "group": 3712194001, "title": "AgriProve Soil Carbon Project"}}, {"type": "Feature", "id": 1146431727, "geometry": {"type": "Point", "coordinates": [145.58, -40.94]}, "properties": {"marker-color": "#006400", "group": 3712194001, "title": "AgriProve Soil Carbon Project"}}, {"type": "Feature", "id": 139773000, "geometry": {"type": "Point", "coordinates": [145.82, -38.26]}, "properties": {"marker-color": "#006400", "group": 3712194001, "title": "AgriProve Soil Carbon Project"}}, {"type": "Feature", "id": 2618834968, "geometry": {"type": "Point", "coordinates": [150.14, -23.18]}, "properties": {"marker-color": "#006400", "group": 3712194001, "title": "AgriProve Soil Carbon Project"}}, {"type": "Feature", "id": 479694932, "geometry": {"type": "Point", "coordinates": [150.14, -23.18]}, "properties": {"marker-color": "#006400", "group": 3712194001, "title": "AgriProve Soil Carbon Project"}}, {"type": "Feature", "id": 1909065255, "geometry": {"type": "Point", "coordinates": [150.14, -23.18]}, "properties": {"marker-color": "#006400", "group": 3712194001, "title": "AgriProve Soil Carbon Project"}}, {"type": "Feature", "id": 2385939011, "geometry": {"type": "Point", "coordinates": [150.14, -23.18]}, "properties": {"marker-color": "#006400", "group": 3712194001, "title": "AgriProve Soil Carbon Project"}}, {"type": "Feature", "id": 2327797040, "geometry": {"type": "Point", "coordinates": [150.14, -23.18]}, "properties": {"marker-color": "#006400", "group": 3712194001, "title": "AgriProve Soil Carbon Project"}}, {"type": "Feature", "id": 2560202456, "geometry": {"type": "Point", "coordinates": [150.14, -23.18]}, "properties": {"marker-color": "#006400", "group": 3712194001, "title": "AgriProve Soil Carbon Project"}}, {"type": "Feature", "id": 908502006, "geometry": {"type": "Point", "coordinates": [150.14, -23.18]}, "properties": {"marker-color": "#006400", "group": 3712194001, "title": "AgriProve Soil Carbon Project"}}, {"type": "Feature", "id": 163842612, "geometry": {"type": "Point", "coordinates": [150.14, -23.18]}, "properties": {"marker-color": "#006400", "group": 3712194001, "title": "AgriProve Soil Carbon Project"}}, {"type": "Feature", "id": 3038477236, "geometry": {"type": "Point", "coordinates": [150.14, -23.18]}, "properties": {"marker-color": "#006400", "group": 3712194001, "title": "AgriProve Soil Carbon Project"}}, {"type": "Feature", "id": 1656770087, "geometry": {"type": "Point", "coordinates": [150.14, -23.18]}, "properties": {"marker-color": "#006400", "group": 3712194001, "title": "AgriProve Soil Carbon Project"}}, {"type": "Feature", "id": 3685194812, "geometry": {"type": "Point", "coordinates": [150.14, -23.18]}, "properties": {"marker-color": "#006400", "group": 3712194001, "title": "AgriProve Soil Carbon Project"}}, {"type": "Feature", "id": 2953122870, "geometry": {"type": "Point", "coordinates": [150.14, -23.18]}, "properties": {"marker-color": "#006400", "group": 3712194001, "title": "AgriProve Soil Carbon Project"}}, {"type": "Feature", "id": 101262060, "geometry": {"type": "Point", "coordinates": [149.6, -33.19]}, "properties": {"marker-color": "#006400", "group": 3712194001, "title": "AgriProve Soil Carbon Project"}}, {"type": "Feature", "id": 3173729158, "geometry": {"type": "Point", "coordinates": [149.6, -33.19]}, "properties": {"marker-color": "#006400", "group": 3712194001, "title": "AgriProve Soil Carbon Project"}}, {"type": "Feature", "id": 288672454, "geometry": {"type": "Point", "coordinates": [149.6, -33.19]}, "properties": {"marker-color": "#006400", "group": 3712194001, "title": "AgriProve Soil Carbon Project"}}, {"type": "Feature", "id": 1152399930, "geometry": {"type": "Point", "coordinates": [139.2, -35.04]}, "properties": {"marker-color": "#006400", "group": 3712194001, "title": "AgriProve Soil Carbon Project"}}, {"type": "Feature", "id": 137835423, "geometry": {"type": "Point", "coordinates": [146.16, -38.59]}, "properties": {"marker-color": "#006400", "group": 3712194001, "title": "AgriProve Soil Carbon Project"}}, {"type": "Feature", "id": 3260948911, "geometry": {"type": "Point", "coordinates": [144.24, -38.31]}, "properties": {"marker-color": "#006400", "group": 3712194001, "title": "AgriProve Soil Carbon Project"}}, {"type": "Feature", "id": 1757221166, "geometry": {"type": "Point", "coordinates": [149.57, -33.3]}, "properties": {"marker-color": "#006400", "group": 3712194001, "title": "AgriProve Soil Carbon Project"}}, {"type": "Feature", "id": 1289737815, "geometry": {"type": "Point", "coordinates": [149.57, -33.3]}, "properties": {"marker-color": "#006400", "group": 3712194001, "title": "AgriProve Soil Carbon Project"}}, {"type": "Feature", "id": 102835980, "geometry": {"type": "Point", "coordinates": [139.35, -34.08]}, "properties": {"marker-color": "#006400", "group": 3712194001, "title": "AgriProve Soil Carbon Project"}}, {"type": "Feature", "id": 1800470819, "geometry": {"type": "Point", "coordinates": [152.81, -26.46]}, "properties": {"marker-color": "#006400", "group": 3712194001, "title": "AgriProve Soil Carbon Project"}}, {"type": "Feature", "id": 1962033431, "geometry": {"type": "Point", "coordinates": [149.58, -33.56]}, "properties": {"marker-color": "#006400", "group": 3712194001, "title": "AgriProve Soil Carbon Project"}}, {"type": "Feature", "id": 422747350, "geometry": {"type": "Point", "coordinates": [149.58, -33.56]}, "properties": {"marker-color": "#006400", "group": 3712194001, "title": "AgriProve Soil Carbon Project"}}, {"type": "Feature", "id": 2235527177, "geometry": {"type": "Point", "coordinates": [149.57, -33.3]}, "properties": {"marker-color": "#006400", "group": 3712194001, "title": "AgriProve Soil Carbon Project"}}, {"type": "Feature", "id": 1037909805, "geometry": {"type": "Point", "coordinates": [149.57, -33.3]}, "properties": {"marker-color": "#006400", "group": 3712194001, "title": "AgriProve Soil Carbon Project"}}, {"type": "Feature", "id": 4168462395, "geometry": {"type": "Point", "coordinates": [151.77, -30.7]}, "properties": {"marker-color": "#006400", "group": 3712194001, "title": "AgriProve Soil Carbon Project"}}, {"type": "Feature", "id": 1408186348, "geometry": {"type": "Point", "coordinates": [151.77, -30.7]}, "properties": {"marker-color": "#006400", "group": 3712194001, "title": "AgriProve Soil Carbon Project"}}, {"type": "Feature", "id": 3402021849, "geometry": {"type": "Point", "coordinates": [151.77, -30.7]}, "properties": {"marker-color": "#006400", "group": 3712194001, "title": "AgriProve Soil Carbon Project"}}, {"type": "Feature", "id": 2176058377, "geometry": {"type": "Point", "coordinates": [150.66, -24.5]}, "properties": {"marker-color": "#006400", "group": 3712194001, "title": "AgriProve Soil Carbon Project"}}, {"type": "Feature", "id": 437107163, "geometry": {"type": "Point", "coordinates": [151.76, -30.71]}, "properties": {"marker-color": "#006400", "group": 3712194001, "title": "AgriProve Soil Carbon Project"}}, {"type": "Feature", "id": 1641367688, "geometry": {"type": "Point", "coordinates": [151.76, -30.71]}, "properties": {"marker-color": "#006400", "group": 3712194001, "title": "AgriProve Soil Carbon Project"}}, {"type": "Feature", "id": 3977014460, "geometry": {"type": "Point", "coordinates": [150.9, -23.7]}, "properties": {"marker-color": "#006400", "group": 3712194001, "title": "AgriProve Soil Carbon Project"}}, {"type": "Feature", "id": 4098959634, "geometry": {"type": "Point", "coordinates": [150.91, -23.71]}, "properties": {"marker-color": "#006400", "group": 3712194001, "title": "AgriProve Soil Carbon Project"}}, {"type": "Feature", "id": 1547969854, "geometry": {"type": "Point", "coordinates": [150.93, -23.7]}, "properties": {"marker-color": "#006400", "group": 3712194001, "title": "AgriProve Soil Carbon Project"}}, {"type": "Feature", "id": 4075009175, "geometry": {"type": "Point", "coordinates": [150.23, -24.67]}, "properties": {"marker-color": "#006400", "group": 3712194001, "title": "AgriProve Soil Carbon Project"}}, {"type": "Feature", "id": 1417409427, "geometry": {"type": "Point", "coordinates": [150.23, -24.67]}, "properties": {"marker-color": "#006400", "group": 3712194001, "title": "AgriProve Soil Carbon Project"}}, {"type": "Feature", "id": 135156781, "geometry": {"type": "Point", "coordinates": [150.23, -24.67]}, "properties": {"marker-color": "#006400", "group": 3712194001, "title": "AgriProve Soil Carbon Project"}}, {"type": "Feature", "id": 726396202, "geometry": {"type": "Point", "coordinates": [150.23, -24.67]}, "properties": {"marker-color": "#006400", "group": 3712194001, "title": "AgriProve Soil Carbon Project"}}, {"type": "Feature", "id": 1647990598, "geometry": {"type": "Point", "coordinates": [150.23, -24.67]}, "properties": {"marker-color": "#006400", "group": 3712194001, "title": "AgriProve Soil Carbon Project"}}, {"type": "Feature", "id": 106879220, "geometry": {"type": "Point", "coordinates": [150.23, -24.67]}, "properties": {"marker-color": "#006400", "group": 3712194001, "title": "AgriProve Soil Carbon Project"}}, {"type": "Feature", "id": 2166236896, "geometry": {"type": "Point", "coordinates": [150.24, -24.71]}, "properties": {"marker-color": "#006400", "group": 3712194001, "title": "AgriProve Soil Carbon Project"}}, {"type": "Feature", "id": 3545284164, "geometry": {"type": "Point", "coordinates": [150.25, -24.72]}, "properties": {"marker-color": "#006400", "group": 3712194001, "title": "AgriProve Soil Carbon Project"}}, {"type": "Feature", "id": 179758659, "geometry": {"type": "Point", "coordinates": [150.25, -24.72]}, "properties": {"marker-color": "#006400", "group": 3712194001, "title": "AgriProve Soil Carbon Project"}}, {"type": "Feature", "id": 2233141047, "geometry": {"type": "Point", "coordinates": [150.22, -24.69]}, "properties": {"marker-color": "#006400", "group": 3712194001, "title": "AgriProve Soil Carbon Project"}}, {"type": "Feature", "id": 1630240565, "geometry": {"type": "Point", "coordinates": [150.22, -24.69]}, "properties": {"marker-color": "#006400", "group": 3712194001, "title": "AgriProve Soil Carbon Project"}}, {"type": "Feature", "id": 3964940681, "geometry": {"type": "Point", "coordinates": [150.26, -24.67]}, "properties": {"marker-color": "#006400", "group": 3712194001, "title": "AgriProve Soil Carbon Project"}}, {"type": "Feature", "id": 2903733198, "geometry": {"type": "Point", "coordinates": [150.26, -24.67]}, "properties": {"marker-color": "#006400", "group": 3712194001, "title": "AgriProve Soil Carbon Project"}}, {"type": "Feature", "id": 1926479122, "geometry": {"type": "Point", "coordinates": [150.26, -24.67]}, "properties": {"marker-color": "#006400", "group": 3712194001, "title": "AgriProve Soil Carbon Project"}}, {"type": "Feature", "id": 448366532, "geometry": {"type": "Point", "coordinates": [150.26, -24.67]}, "properties": {"marker-color": "#006400", "group": 3712194001, "title": "AgriProve Soil Carbon Project"}}, {"type": "Feature", "id": 4294522289, "geometry": {"type": "Point", "coordinates": [150.26, -24.67]}, "properties": {"marker-color": "#006400", "group": 3712194001, "title": "AgriProve Soil Carbon Project"}}, {"type": "Feature", "id": 492378224, "geometry": {"type": "Point", "coordinates": [150.26, -24.67]}, "properties": {"marker-color": "#006400", "group": 3712194001, "title": "AgriProve Soil Carbon Project"}}, {"type": "Feature", "id": 491841021, "geometry": {"type": "Point", "coordinates": [150.24, -24.68]}, "properties": {"marker-color": "#006400", "group": 3712194001, "title": "AgriProve Soil Carbon Project"}}, {"type": "Feature", "id": 1756464443, "geometry": {"type": "Point", "coordinates": [150.24, -24.68]}, "properties": {"marker-color": "#006400", "group": 3712194001, "title": "AgriProve Soil Carbon Project"}}, {"type": "Feature", "id": 464748036, "geometry": {"type": "Point", "coordinates": [150.25, -24.7]}, "properties": {"marker-color": "#006400", "group": 3712194001, "title": "AgriProve Soil Carbon Project"}}, {"type": "Feature", "id": 3414550531, "geometry": {"type": "Point", "coordinates": [150.25, -24.7]}, "properties": {"marker-color": "#006400", "group": 3712194001, "title": "AgriProve Soil Carbon Project"}}, {"type": "Feature", "id": 1873304534, "geometry": {"type": "Point", "coordinates": [150.25, -24.7]}, "properties": {"marker-color": "#006400", "group": 3712194001, "title": "AgriProve Soil Carbon Project"}}, {"type": "Feature", "id": 2370165637, "geometry": {"type": "Point", "coordinates": [150.25, -24.7]}, "properties": {"marker-color": "#006400", "group": 3712194001, "title": "AgriProve Soil Carbon Project"}}, {"type": "Feature", "id": 4213925093, "geometry": {"type": "Point", "coordinates": [140.66, -36.46]}, "properties": {"marker-color": "#006400", "group": 3712194001, "title": "AgriProve Soil Carbon Project"}}, {"type": "Feature", "id": 1208363887, "geometry": {"type": "Point", "coordinates": [150.24, -24.7]}, "properties": {"marker-color": "#006400", "group": 3712194001, "title": "AgriProve Soil Carbon Project"}}, {"type": "Feature", "id": 2599151776, "geometry": {"type": "Point", "coordinates": [150.24, -24.7]}, "properties": {"marker-color": "#006400", "group": 3712194001, "title": "AgriProve Soil Carbon Project"}}, {"type": "Feature", "id": 1363364472, "geometry": {"type": "Point", "coordinates": [140.89, -37.35]}, "properties": {"marker-color": "#006400", "group": 3712194001, "title": "AgriProve Soil Carbon Project"}}, {"type": "Feature", "id": 3428539798, "geometry": {"type": "Point", "coordinates": [140.87, -37.36]}, "properties": {"marker-color": "#006400", "group": 3712194001, "title": "AgriProve Soil Carbon Project"}}, {"type": "Feature", "id": 959509518, "geometry": {"type": "Point", "coordinates": [150.27, -24.74]}, "properties": {"marker-color": "#006400", "group": 3712194001, "title": "AgriProve Soil Carbon Project"}}, {"type": "Feature", "id": 2037721101, "geometry": {"type": "Point", "coordinates": [150.27, -24.74]}, "properties": {"marker-color": "#006400", "group": 3712194001, "title": "AgriProve Soil Carbon Project"}}, {"type": "Feature", "id": 836431813, "geometry": {"type": "Point", "coordinates": [150.29, -24.76]}, "properties": {"marker-color": "#006400", "group": 3712194001, "title": "AgriProve Soil Carbon Project"}}, {"type": "Feature", "id": 491650639, "geometry": {"type": "Point", "coordinates": [150.24, -24.66]}, "properties": {"marker-color": "#006400", "group": 3712194001, "title": "AgriProve Soil Carbon Project"}}, {"type": "Feature", "id": 3955695714, "geometry": {"type": "Point", "coordinates": [150.24, -24.66]}, "properties": {"marker-color": "#006400", "group": 3712194001, "title": "AgriProve Soil Carbon Project"}}, {"type": "Feature", "id": 3731204710, "geometry": {"type": "Point", "coordinates": [140.66, -36.46]}, "properties": {"marker-color": "#006400", "group": 3712194001, "title": "AgriProve Soil Carbon Project"}}, {"type": "Feature", "id": 1182897129, "geometry": {"type": "Point", "coordinates": [138.81, -33.33]}, "properties": {"marker-color": "#006400", "group": 3712194001, "title": "AgriProve Soil Carbon Project"}}, {"type": "Feature", "id": 661297795, "geometry": {"type": "Point", "coordinates": [148.83, -36.56]}, "properties": {"marker-color": "#006400", "group": 3712194001, "title": "AgriProve Soil Carbon Project"}}, {"type": "Feature", "id": 2466971219, "geometry": {"type": "Point", "coordinates": [148.83, -36.56]}, "properties": {"marker-color": "#006400", "group": 3712194001, "title": "AgriProve Soil Carbon Project"}}, {"type": "Feature", "id": 3549880410, "geometry": {"type": "Point", "coordinates": [140.54, -36.87]}, "properties": {"marker-color": "#006400", "group": 3712194001, "title": "AgriProve Soil Carbon Project"}}, {"type": "Feature", "id": 3904782438, "geometry": {"type": "Point", "coordinates": [140.53, -36.84]}, "properties": {"marker-color": "#006400", "group": 3712194001, "title": "AgriProve Soil Carbon Project"}}, {"type": "Feature", "id": 1344670786, "geometry": {"type": "Point", "coordinates": [140.52, -36.86]}, "properties": {"marker-color": "#006400", "group": 3712194001, "title": "AgriProve Soil Carbon Project"}}, {"type": "Feature", "id": 3265271658, "geometry": {"type": "Point", "coordinates": [140.51, -36.86]}, "properties": {"marker-color": "#006400", "group": 3712194001, "title": "AgriProve Soil Carbon Project"}}, {"type": "Feature", "id": 2601778841, "geometry": {"type": "Point", "coordinates": [140.52, -36.86]}, "properties": {"marker-color": "#006400", "group": 3712194001, "title": "AgriProve Soil Carbon Project"}}, {"type": "Feature", "id": 1126470893, "geometry": {"type": "Point", "coordinates": [140.81, -36.67]}, "properties": {"marker-color": "#006400", "group": 3712194001, "title": "AgriProve Soil Carbon Project"}}, {"type": "Feature", "id": 2094595543, "geometry": {"type": "Point", "coordinates": [145.5, -37.31]}, "properties": {"marker-color": "#006400", "group": 3712194001, "title": "AgriProve Soil Carbon Project"}}, {"type": "Feature", "id": 4294768941, "geometry": {"type": "Point", "coordinates": [145.5, -37.31]}, "properties": {"marker-color": "#006400", "group": 3712194001, "title": "AgriProve Soil Carbon Project"}}, {"type": "Feature", "id": 2332920916, "geometry": {"type": "Point", "coordinates": [150.99, -32.64]}, "properties": {"marker-color": "#006400", "group": 3712194001, "title": "AgriProve Soil Carbon Project"}}, {"type": "Feature", "id": 3065127064, "geometry": {"type": "Point", "coordinates": [147.28, -41.41]}, "properties": {"marker-color": "#006400", "group": 3712194001, "title": "AgriProve Soil Carbon Project"}}, {"type": "Feature", "id": 3281712597, "geometry": {"type": "Point", "coordinates": [147.28, -41.41]}, "properties": {"marker-color": "#006400", "group": 3712194001, "title": "AgriProve Soil Carbon Project"}}, {"type": "Feature", "id": 2378961140, "geometry": {"type": "Point", "coordinates": [153.51, -28.61]}, "properties": {"marker-color": "#006400", "group": 3712194001, "title": "AgriProve Soil Carbon Project"}}, {"type": "Feature", "id": 3036051396, "geometry": {"type": "Point", "coordinates": [153.51, -28.54]}, "properties": {"marker-color": "#006400", "group": 3712194001, "title": "AgriProve Soil Carbon Project"}}, {"type": "Feature", "id": 3123705952, "geometry": {"type": "Point", "coordinates": [146.95, -41.37]}, "properties": {"marker-color": "#006400", "group": 3712194001, "title": "AgriProve Soil Carbon Project"}}, {"type": "Feature", "id": 669806041, "geometry": {"type": "Point", "coordinates": [146.95, -41.37]}, "properties": {"marker-color": "#006400", "group": 3712194001, "title": "AgriProve Soil Carbon Project"}}, {"type": "Feature", "id": 3243920727, "geometry": {"type": "Point", "coordinates": [148.83, -20.96]}, "properties": {"marker-color": "#006400", "group": 3712194001, "title": "AgriProve Soil Carbon Project"}}, {"type": "Feature", "id": 2469844433, "geometry": {"type": "Point", "coordinates": [148.83, -20.96]}, "properties": {"marker-color": "#006400", "group": 3712194001, "title": "AgriProve Soil Carbon Project"}}, {"type": "Feature", "id": 3601394537, "geometry": {"type": "Point", "coordinates": [148.83, -20.96]}, "properties": {"marker-color": "#006400", "group": 3712194001, "title": "AgriProve Soil Carbon Project"}}, {"type": "Feature", "id": 3170293350, "geometry": {"type": "Point", "coordinates": [148.83, -20.96]}, "properties": {"marker-color": "#006400", "group": 3712194001, "title": "AgriProve Soil Carbon Project"}}, {"type": "Feature", "id": 1276853679, "geometry": {"type": "Point", "coordinates": [148.83, -20.96]}, "properties": {"marker-color": "#006400", "group": 3712194001, "title": "AgriProve Soil Carbon Project"}}, {"type": "Feature", "id": 4272744699, "geometry": {"type": "Point", "coordinates": [140.89, -37.35]}, "properties": {"marker-color": "#006400", "group": 3712194001, "title": "AgriProve Soil Carbon Project"}}, {"type": "Feature", "id": 711033276, "geometry": {"type": "Point", "coordinates": [140.89, -37.35]}, "properties": {"marker-color": "#006400", "group": 3712194001, "title": "AgriProve Soil Carbon Project"}}, {"type": "Feature", "id": 2354395069, "geometry": {"type": "Point", "coordinates": [146.99, -41.46]}, "properties": {"marker-color": "#006400", "group": 3712194001, "title": "AgriProve Soil Carbon Project"}}, {"type": "Feature", "id": 2167942384, "geometry": {"type": "Point", "coordinates": [146.99, -41.46]}, "properties": {"marker-color": "#006400", "group": 3712194001, "title": "AgriProve Soil Carbon Project"}}, {"type": "Feature", "id": 4239737132, "geometry": {"type": "Point", "coordinates": [146.93, -41.46]}, "properties": {"marker-color": "#006400", "group": 3712194001, "title": "AgriProve Soil Carbon Project"}}, {"type": "Feature", "id": 3717374166, "geometry": {"type": "Point", "coordinates": [146.93, -41.46]}, "properties": {"marker-color": "#006400", "group": 3712194001, "title": "AgriProve Soil Carbon Project"}}, {"type": "Feature", "id": 2676942471, "geometry": {"type": "Point", "coordinates": [146.85, -41.5]}, "properties": {"marker-color": "#006400", "group": 3712194001, "title": "AgriProve Soil Carbon Project"}}, {"type": "Feature", "id": 1502843450, "geometry": {"type": "Point", "coordinates": [146.85, -41.5]}, "properties": {"marker-color": "#006400", "group": 3712194001, "title": "AgriProve Soil Carbon Project"}}, {"type": "Feature", "id": 672595842, "geometry": {"type": "Point", "coordinates": [146.92, -41.46]}, "properties": {"marker-color": "#006400", "group": 3712194001, "title": "AgriProve Soil Carbon Project"}}, {"type": "Feature", "id": 1402083917, "geometry": {"type": "Point", "coordinates": [146.92, -41.46]}, "properties": {"marker-color": "#006400", "group": 3712194001, "title": "AgriProve Soil Carbon Project"}}, {"type": "Feature", "id": 2744128807, "geometry": {"type": "Point", "coordinates": [146.99, -41.46]}, "properties": {"marker-color": "#006400", "group": 3712194001, "title": "AgriProve Soil Carbon Project"}}, {"type": "Feature", "id": 397611036, "geometry": {"type": "Point", "coordinates": [146.99, -41.46]}, "properties": {"marker-color": "#006400", "group": 3712194001, "title": "AgriProve Soil Carbon Project"}}, {"type": "Feature", "id": 3674440510, "geometry": {"type": "Point", "coordinates": [147.03, -41.51]}, "properties": {"marker-color": "#006400", "group": 3712194001, "title": "AgriProve Soil Carbon Project"}}, {"type": "Feature", "id": 480255411, "geometry": {"type": "Point", "coordinates": [147.03, -41.51]}, "properties": {"marker-color": "#006400", "group": 3712194001, "title": "AgriProve Soil Carbon Project"}}, {"type": "Feature", "id": 3816826390, "geometry": {"type": "Point", "coordinates": [146.99, -41.46]}, "properties": {"marker-color": "#006400", "group": 3712194001, "title": "AgriProve Soil Carbon Project"}}, {"type": "Feature", "id": 4213954897, "geometry": {"type": "Point", "coordinates": [146.99, -41.46]}, "properties": {"marker-color": "#006400", "group": 3712194001, "title": "AgriProve Soil Carbon Project"}}, {"type": "Feature", "id": 4094001158, "geometry": {"type": "Point", "coordinates": [146.99, -41.46]}, "properties": {"marker-color": "#006400", "group": 3712194001, "title": "AgriProve Soil Carbon Project"}}, {"type": "Feature", "id": 2732242853, "geometry": {"type": "Point", "coordinates": [146.99, -41.46]}, "properties": {"marker-color": "#006400", "group": 3712194001, "title": "AgriProve Soil Carbon Project"}}, {"type": "Feature", "id": 2727058113, "geometry": {"type": "Point", "coordinates": [146.81, -41.48]}, "properties": {"marker-color": "#006400", "group": 3712194001, "title": "AgriProve Soil Carbon Project"}}, {"type": "Feature", "id": 1319645842, "geometry": {"type": "Point", "coordinates": [146.81, -41.48]}, "properties": {"marker-color": "#006400", "group": 3712194001, "title": "AgriProve Soil Carbon Project"}}, {"type": "Feature", "id": 3542311729, "geometry": {"type": "Point", "coordinates": [140.53, -36.29]}, "properties": {"marker-color": "#006400", "group": 3712194001, "title": "AgriProve Soil Carbon Project"}}, {"type": "Feature", "id": 997032788, "geometry": {"type": "Point", "coordinates": [140.58, -36.29]}, "properties": {"marker-color": "#006400", "group": 3712194001, "title": "AgriProve Soil Carbon Project"}}, {"type": "Feature", "id": 335019276, "geometry": {"type": "Point", "coordinates": [140.53, -36.27]}, "properties": {"marker-color": "#006400", "group": 3712194001, "title": "AgriProve Soil Carbon Project"}}, {"type": "Feature", "id": 1086105728, "geometry": {"type": "Point", "coordinates": [140.53, -36.28]}, "properties": {"marker-color": "#006400", "group": 3712194001, "title": "AgriProve Soil Carbon Project"}}, {"type": "Feature", "id": 3177392864, "geometry": {"type": "Point", "coordinates": [148.86, -20.93]}, "properties": {"marker-color": "#006400", "group": 3712194001, "title": "AgriProve Soil Carbon Project"}}, {"type": "Feature", "id": 494390809, "geometry": {"type": "Point", "coordinates": [148.86, -20.93]}, "properties": {"marker-color": "#006400", "group": 3712194001, "title": "AgriProve Soil Carbon Project"}}, {"type": "Feature", "id": 2877253614, "geometry": {"type": "Point", "coordinates": [138.44, -33.18]}, "properties": {"marker-color": "#006400", "group": 3712194001, "title": "AgriProve Soil Carbon Project"}}, {"type": "Feature", "id": 394416242, "geometry": {"type": "Point", "coordinates": [138.44, -33.18]}, "properties": {"marker-color": "#006400", "group": 3712194001, "title": "AgriProve Soil Carbon Project"}}, {"type": "Feature", "id": 3623873956, "geometry": {"type": "Point", "coordinates": [138.44, -33.18]}, "properties": {"marker-color": "#006400", "group": 3712194001, "title": "AgriProve Soil Carbon Project"}}, {"type": "Feature", "id": 2986997598, "geometry": {"type": "Point", "coordinates": [138.44, -33.18]}, "properties": {"marker-color": "#006400", "group": 3712194001, "title": "AgriProve Soil Carbon Project"}}, {"type": "Feature", "id": 2593153623, "geometry": {"type": "Point", "coordinates": [140.21, -35.98]}, "properties": {"marker-color": "#006400", "group": 3712194001, "title": "AgriProve Soil Carbon Project"}}, {"type": "Feature", "id": 3691742686, "geometry": {"type": "Point", "coordinates": [140.21, -35.98]}, "properties": {"marker-color": "#006400", "group": 3712194001, "title": "AgriProve Soil Carbon Project"}}, {"type": "Feature", "id": 2050909486, "geometry": {"type": "Point", "coordinates": [140.21, -35.98]}, "properties": {"marker-color": "#006400", "group": 3712194001, "title": "AgriProve Soil Carbon Project"}}, {"type": "Feature", "id": 2998245289, "geometry": {"type": "Point", "coordinates": [140.21, -35.98]}, "properties": {"marker-color": "#006400", "group": 3712194001, "title": "AgriProve Soil Carbon Project"}}, {"type": "Feature", "id": 1182118734, "geometry": {"type": "Point", "coordinates": [140.21, -35.98]}, "properties": {"marker-color": "#006400", "group": 3712194001, "title": "AgriProve Soil Carbon Project"}}, {"type": "Feature", "id": 4290158788, "geometry": {"type": "Point", "coordinates": [140.21, -35.98]}, "properties": {"marker-color": "#006400", "group": 3712194001, "title": "AgriProve Soil Carbon Project"}}, {"type": "Feature", "id": 280149293, "geometry": {"type": "Point", "coordinates": [140.21, -35.98]}, "properties": {"marker-color": "#006400", "group": 3712194001, "title": "AgriProve Soil Carbon Project"}}, {"type": "Feature", "id": 3845454199, "geometry": {"type": "Point", "coordinates": [140.21, -35.98]}, "properties": {"marker-color": "#006400", "group": 3712194001, "title": "AgriProve Soil Carbon Project"}}, {"type": "Feature", "id": 2742851052, "geometry": {"type": "Point", "coordinates": [140.21, -35.98]}, "properties": {"marker-color": "#006400", "group": 3712194001, "title": "AgriProve Soil Carbon Project"}}, {"type": "Feature", "id": 1257549893, "geometry": {"type": "Point", "coordinates": [140.21, -35.98]}, "properties": {"marker-color": "#006400", "group": 3712194001, "title": "AgriProve Soil Carbon Project"}}, {"type": "Feature", "id": 1449279614, "geometry": {"type": "Point", "coordinates": [140.21, -35.98]}, "properties": {"marker-color": "#006400", "group": 3712194001, "title": "AgriProve Soil Carbon Project"}}, {"type": "Feature", "id": 1477828188, "geometry": {"type": "Point", "coordinates": [150.44, -24.54]}, "properties": {"marker-color": "#006400", "group": 3712194001, "title": "AgriProve Soil Carbon Project"}}, {"type": "Feature", "id": 2563031070, "geometry": {"type": "Point", "coordinates": [150.44, -24.54]}, "properties": {"marker-color": "#006400", "group": 3712194001, "title": "AgriProve Soil Carbon Project"}}, {"type": "Feature", "id": 3588991364, "geometry": {"type": "Point", "coordinates": [116.79, -31.28]}, "properties": {"marker-color": "#006400", "group": 3712194001, "title": "AgriProve Soil Carbon Project"}}, {"type": "Feature", "id": 1466638097, "geometry": {"type": "Point", "coordinates": [116.79, -31.28]}, "properties": {"marker-color": "#006400", "group": 3712194001, "title": "AgriProve Soil Carbon Project"}}, {"type": "Feature", "id": 2907178875, "geometry": {"type": "Point", "coordinates": [152.39, -24.93]}, "properties": {"marker-color": "#006400", "group": 3712194001, "title": "AgriProve Soil Carbon Project"}}, {"type": "Feature", "id": 1678223988, "geometry": {"type": "Point", "coordinates": [152.39, -24.93]}, "properties": {"marker-color": "#006400", "group": 3712194001, "title": "AgriProve Soil Carbon Project"}}, {"type": "Feature", "id": 2035434836, "geometry": {"type": "Point", "coordinates": [140.74, -35.08]}, "properties": {"marker-color": "#006400", "group": 3712194001, "title": "AgriProve Soil Carbon Project"}}, {"type": "Feature", "id": 174903977, "geometry": {"type": "Point", "coordinates": [140.77, -35.1]}, "properties": {"marker-color": "#006400", "group": 3712194001, "title": "AgriProve Soil Carbon Project"}}, {"type": "Feature", "id": 3597886986, "geometry": {"type": "Point", "coordinates": [140.77, -35.1]}, "properties": {"marker-color": "#006400", "group": 3712194001, "title": "AgriProve Soil Carbon Project"}}, {"type": "Feature", "id": 763518691, "geometry": {"type": "Point", "coordinates": [140.77, -35.1]}, "properties": {"marker-color": "#006400", "group": 3712194001, "title": "AgriProve Soil Carbon Project"}}, {"type": "Feature", "id": 1965066235, "geometry": {"type": "Point", "coordinates": [140.77, -35.1]}, "properties": {"marker-color": "#006400", "group": 3712194001, "title": "AgriProve Soil Carbon Project"}}, {"type": "Feature", "id": 1734779044, "geometry": {"type": "Point", "coordinates": [118.36, -30.6]}, "properties": {"marker-color": "#006400", "group": 3712194001, "title": "AgriProve Soil Carbon Project"}}, {"type": "Feature", "id": 186637972, "geometry": {"type": "Point", "coordinates": [118.36, -30.6]}, "properties": {"marker-color": "#006400", "group": 3712194001, "title": "AgriProve Soil Carbon Project"}}, {"type": "Feature", "id": 2899259291, "geometry": {"type": "Point", "coordinates": [148.66, -32.02]}, "properties": {"marker-color": "#006400", "group": 3712194001, "title": "AgriProve Soil Carbon Project"}}, {"type": "Feature", "id": 578414289, "geometry": {"type": "Point", "coordinates": [148.66, -32.02]}, "properties": {"marker-color": "#006400", "group": 3712194001, "title": "AgriProve Soil Carbon Project"}}, {"type": "Feature", "id": 3360647524, "geometry": {"type": "Point", "coordinates": [148.27, -35]}, "properties": {"marker-color": "#006400", "group": 3712194001, "title": "AgriProve Soil Carbon Project"}}, {"type": "Feature", "id": 1839920268, "geometry": {"type": "Point", "coordinates": [138.44, -33.18]}, "properties": {"marker-color": "#006400", "group": 3712194001, "title": "AgriProve Soil Carbon Project"}}, {"type": "Feature", "id": 3276968214, "geometry": {"type": "Point", "coordinates": [147.86, -36.11]}, "properties": {"marker-color": "#006400", "group": 3712194001, "title": "AgriProve Soil Carbon Project"}}, {"type": "Feature", "id": 2482416369, "geometry": {"type": "Point", "coordinates": [147.86, -36.11]}, "properties": {"marker-color": "#006400", "group": 3712194001, "title": "AgriProve Soil Carbon Project"}}, {"type": "Feature", "id": 735018423, "geometry": {"type": "Point", "coordinates": [152.33, -32.27]}, "properties": {"marker-color": "#006400", "group": 3712194001, "title": "AgriProve Soil Carbon Project"}}, {"type": "Feature", "id": 1598869064, "geometry": {"type": "Point", "coordinates": [152.33, -32.27]}, "properties": {"marker-color": "#006400", "group": 3712194001, "title": "AgriProve Soil Carbon Project"}}, {"type": "Feature", "id": 2009825973, "geometry": {"type": "Point", "coordinates": [143.06, -35.89]}, "properties": {"marker-color": "#006400", "group": 3712194001, "title": "AgriProve Soil Carbon Project"}}, {"type": "Feature", "id": 1513599535, "geometry": {"type": "Point", "coordinates": [143.06, -35.89]}, "properties": {"marker-color": "#006400", "group": 3712194001, "title": "AgriProve Soil Carbon Project"}}, {"type": "Feature", "id": 1313478946, "geometry": {"type": "Point", "coordinates": [143.06, -35.89]}, "properties": {"marker-color": "#006400", "group": 3712194001, "title": "AgriProve Soil Carbon Project"}}, {"type": "Feature", "id": 2971752471, "geometry": {"type": "Point", "coordinates": [143.06, -35.89]}, "properties": {"marker-color": "#006400", "group": 3712194001, "title": "AgriProve Soil Carbon Project"}}, {"type": "Feature", "id": 1341937446, "geometry": {"type": "Point", "coordinates": [143.06, -35.89]}, "properties": {"marker-color": "#006400", "group": 3712194001, "title": "AgriProve Soil Carbon Project"}}, {"type": "Feature", "id": 1341575767, "geometry": {"type": "Point", "coordinates": [143.06, -35.89]}, "properties": {"marker-color": "#006400", "group": 3712194001, "title": "AgriProve Soil Carbon Project"}}, {"type": "Feature", "id": 574141389, "geometry": {"type": "Point", "coordinates": [143.06, -35.89]}, "properties": {"marker-color": "#006400", "group": 3712194001, "title": "AgriProve Soil Carbon Project"}}, {"type": "Feature", "id": 1243336486, "geometry": {"type": "Point", "coordinates": [143.06, -35.89]}, "properties": {"marker-color": "#006400", "group": 3712194001, "title": "AgriProve Soil Carbon Project"}}, {"type": "Feature", "id": 2961838598, "geometry": {"type": "Point", "coordinates": [143.06, -35.89]}, "properties": {"marker-color": "#006400", "group": 3712194001, "title": "AgriProve Soil Carbon Project"}}, {"type": "Feature", "id": 993201338, "geometry": {"type": "Point", "coordinates": [143.06, -35.89]}, "properties": {"marker-color": "#006400", "group": 3712194001, "title": "AgriProve Soil Carbon Project"}}, {"type": "Feature", "id": 3030853411, "geometry": {"type": "Point", "coordinates": [143.06, -35.89]}, "properties": {"marker-color": "#006400", "group": 3712194001, "title": "AgriProve Soil Carbon Project"}}, {"type": "Feature", "id": 129487211, "geometry": {"type": "Point", "coordinates": [145.72, -38.62]}, "properties": {"marker-color": "#006400", "group": 3712194001, "title": "AgriProve Soil Carbon Project"}}, {"type": "Feature", "id": 3249381899, "geometry": {"type": "Point", "coordinates": [145.72, -38.62]}, "properties": {"marker-color": "#006400", "group": 3712194001, "title": "AgriProve Soil Carbon Project"}}, {"type": "Feature", "id": 1723190783, "geometry": {"type": "Point", "coordinates": [149.76, -26.64]}, "properties": {"marker-color": "#006400", "group": 3712194001, "title": "AgriProve Soil Carbon Project"}}, {"type": "Feature", "id": 159947205, "geometry": {"type": "Point", "coordinates": [149.76, -26.64]}, "properties": {"marker-color": "#006400", "group": 3712194001, "title": "AgriProve Soil Carbon Project"}}, {"type": "Feature", "id": 2038206263, "geometry": {"type": "Point", "coordinates": [151.74, -30.65]}, "properties": {"marker-color": "#006400", "group": 3712194001, "title": "AgriProve Soil Carbon Project"}}, {"type": "Feature", "id": 2942143079, "geometry": {"type": "Point", "coordinates": [151.74, -30.65]}, "properties": {"marker-color": "#006400", "group": 3712194001, "title": "AgriProve Soil Carbon Project"}}, {"type": "Feature", "id": 3149079464, "geometry": {"type": "Point", "coordinates": [151.74, -30.65]}, "properties": {"marker-color": "#006400", "group": 3712194001, "title": "AgriProve Soil Carbon Project"}}, {"type": "Feature", "id": 1850420940, "geometry": {"type": "Point", "coordinates": [151.74, -30.65]}, "properties": {"marker-color": "#006400", "group": 3712194001, "title": "AgriProve Soil Carbon Project"}}, {"type": "Feature", "id": 3961492134, "geometry": {"type": "Point", "coordinates": [151.74, -30.65]}, "properties": {"marker-color": "#006400", "group": 3712194001, "title": "AgriProve Soil Carbon Project"}}, {"type": "Feature", "id": 111629114, "geometry": {"type": "Point", "coordinates": [151.74, -30.65]}, "properties": {"marker-color": "#006400", "group": 3712194001, "title": "AgriProve Soil Carbon Project"}}, {"type": "Feature", "id": 2768451277, "geometry": {"type": "Point", "coordinates": [152.31, -31.83]}, "properties": {"marker-color": "#006400", "group": 3712194001, "title": "AgriProve Soil Carbon Project"}}, {"type": "Feature", "id": 3511159845, "geometry": {"type": "Point", "coordinates": [152.31, -31.83]}, "properties": {"marker-color": "#006400", "group": 3712194001, "title": "AgriProve Soil Carbon Project"}}, {"type": "Feature", "id": 1379078061, "geometry": {"type": "Point", "coordinates": [149.89, -26.56]}, "properties": {"marker-color": "#006400", "group": 3712194001, "title": "AgriProve Soil Carbon Project"}}, {"type": "Feature", "id": 1834693834, "geometry": {"type": "Point", "coordinates": [149.98, -26.64]}, "properties": {"marker-color": "#006400", "group": 3712194001, "title": "AgriProve Soil Carbon Project"}}, {"type": "Feature", "id": 408068731, "geometry": {"type": "Point", "coordinates": [149.92, -26.87]}, "properties": {"marker-color": "#006400", "group": 3712194001, "title": "AgriProve Soil Carbon Project"}}, {"type": "Feature", "id": 2312506062, "geometry": {"type": "Point", "coordinates": [149.92, -26.87]}, "properties": {"marker-color": "#006400", "group": 3712194001, "title": "AgriProve Soil Carbon Project"}}, {"type": "Feature", "id": 1230764441, "geometry": {"type": "Point", "coordinates": [149.92, -26.87]}, "properties": {"marker-color": "#006400", "group": 3712194001, "title": "AgriProve Soil Carbon Project"}}, {"type": "Feature", "id": 4167455605, "geometry": {"type": "Point", "coordinates": [146.16, -18.65]}, "properties": {"marker-color": "#006400", "group": 3712194001, "title": "AgriProve Soil Carbon Project"}}, {"type": "Feature", "id": 167760078, "geometry": {"type": "Point", "coordinates": [143.59, -38.43]}, "properties": {"marker-color": "#006400", "group": 3712194001, "title": "AgriProve Soil Carbon Project"}}, {"type": "Feature", "id": 482813837, "geometry": {"type": "Point", "coordinates": [143.68, -38.46]}, "properties": {"marker-color": "#006400", "group": 3712194001, "title": "AgriProve Soil Carbon Project"}}, {"type": "Feature", "id": 1719000297, "geometry": {"type": "Point", "coordinates": [143.06, -35.89]}, "properties": {"marker-color": "#006400", "group": 3712194001, "title": "AgriProve Soil Carbon Project"}}, {"type": "Feature", "id": 3654200467, "geometry": {"type": "Point", "coordinates": [143.06, -35.89]}, "properties": {"marker-color": "#006400", "group": 3712194001, "title": "AgriProve Soil Carbon Project"}}, {"type": "Feature", "id": 629881081, "geometry": {"type": "Point", "coordinates": [143.06, -35.89]}, "properties": {"marker-color": "#006400", "group": 3712194001, "title": "AgriProve Soil Carbon Project"}}, {"type": "Feature", "id": 1403521410, "geometry": {"type": "Point", "coordinates": [143.06, -35.89]}, "properties": {"marker-color": "#006400", "group": 3712194001, "title": "AgriProve Soil Carbon Project"}}, {"type": "Feature", "id": 1633254167, "geometry": {"type": "Point", "coordinates": [140.98, -36.36]}, "properties": {"marker-color": "#006400", "group": 3712194001, "title": "AgriProve Soil Carbon Project"}}, {"type": "Feature", "id": 3962815273, "geometry": {"type": "Point", "coordinates": [140.98, -36.36]}, "properties": {"marker-color": "#006400", "group": 3712194001, "title": "AgriProve Soil Carbon Project"}}, {"type": "Feature", "id": 3478930976, "geometry": {"type": "Point", "coordinates": [140.98, -36.36]}, "properties": {"marker-color": "#006400", "group": 3712194001, "title": "AgriProve Soil Carbon Project"}}, {"type": "Feature", "id": 2231040257, "geometry": {"type": "Point", "coordinates": [118.21, -30.92]}, "properties": {"marker-color": "#006400", "group": 3712194001, "title": "AgriProve Soil Carbon Project"}}, {"type": "Feature", "id": 2050798845, "geometry": {"type": "Point", "coordinates": [118.21, -30.92]}, "properties": {"marker-color": "#006400", "group": 3712194001, "title": "AgriProve Soil Carbon Project"}}, {"type": "Feature", "id": 3023747170, "geometry": {"type": "Point", "coordinates": [118.64, -30.78]}, "properties": {"marker-color": "#006400", "group": 3712194001, "title": "AgriProve Soil Carbon Project"}}, {"type": "Feature", "id": 516942511, "geometry": {"type": "Point", "coordinates": [118.58, -30.92]}, "properties": {"marker-color": "#006400", "group": 3712194001, "title": "AgriProve Soil Carbon Project"}}, {"type": "Feature", "id": 1714334809, "geometry": {"type": "Point", "coordinates": [118.6, -31.03]}, "properties": {"marker-color": "#006400", "group": 3712194001, "title": "AgriProve Soil Carbon Project"}}, {"type": "Feature", "id": 4025314427, "geometry": {"type": "Point", "coordinates": [118.54, -30.95]}, "properties": {"marker-color": "#006400", "group": 3712194001, "title": "AgriProve Soil Carbon Project"}}, {"type": "Feature", "id": 41170127, "geometry": {"type": "Point", "coordinates": [118.54, -30.95]}, "properties": {"marker-color": "#006400", "group": 3712194001, "title": "AgriProve Soil Carbon Project"}}, {"type": "Feature", "id": 1848020932, "geometry": {"type": "Point", "coordinates": [118.21, -30.92]}, "properties": {"marker-color": "#006400", "group": 3712194001, "title": "AgriProve Soil Carbon Project"}}, {"type": "Feature", "id": 3043517139, "geometry": {"type": "Point", "coordinates": [140.46, -36.4]}, "properties": {"marker-color": "#006400", "group": 3712194001, "title": "AgriProve Soil Carbon Project"}}, {"type": "Feature", "id": 1212770193, "geometry": {"type": "Point", "coordinates": [140.52, -36.39]}, "properties": {"marker-color": "#006400", "group": 3712194001, "title": "AgriProve Soil Carbon Project"}}, {"type": "Feature", "id": 2001179541, "geometry": {"type": "Point", "coordinates": [118.54, -30.99]}, "properties": {"marker-color": "#006400", "group": 3712194001, "title": "AgriProve Soil Carbon Project"}}, {"type": "Feature", "id": 1014363690, "geometry": {"type": "Point", "coordinates": [118.54, -30.99]}, "properties": {"marker-color": "#006400", "group": 3712194001, "title": "AgriProve Soil Carbon Project"}}, {"type": "Feature", "id": 2923605596, "geometry": {"type": "Point", "coordinates": [140.47, -36.46]}, "properties": {"marker-color": "#006400", "group": 3712194001, "title": "AgriProve Soil Carbon Project"}}, {"type": "Feature", "id": 3958726670, "geometry": {"type": "Point", "coordinates": [152.96, -29.79]}, "properties": {"marker-color": "#006400", "group": 3712194001, "title": "AgriProve Soil Carbon Project"}}, {"type": "Feature", "id": 462715478, "geometry": {"type": "Point", "coordinates": [138.71, -35.25]}, "properties": {"marker-color": "#006400", "group": 3712194001, "title": "AgriProve Soil Carbon Project"}}, {"type": "Feature", "id": 2231122337, "geometry": {"type": "Point", "coordinates": [152.96, -29.8]}, "properties": {"marker-color": "#006400", "group": 3712194001, "title": "AgriProve Soil Carbon Project"}}, {"type": "Feature", "id": 3759669631, "geometry": {"type": "Point", "coordinates": [148.87, -32.78]}, "properties": {"marker-color": "#006400", "group": 3712194001, "title": "AgriProve Soil Carbon Project"}}, {"type": "Feature", "id": 1525392395, "geometry": {"type": "Point", "coordinates": [148.87, -32.78]}, "properties": {"marker-color": "#006400", "group": 3712194001, "title": "AgriProve Soil Carbon Project"}}, {"type": "Feature", "id": 3747746999, "geometry": {"type": "Point", "coordinates": [148.87, -32.78]}, "properties": {"marker-color": "#006400", "group": 3712194001, "title": "AgriProve Soil Carbon Project"}}, {"type": "Feature", "id": 3832735717, "geometry": {"type": "Point", "coordinates": [140.71, -36.33]}, "properties": {"marker-color": "#006400", "group": 3712194001, "title": "AgriProve Soil Carbon Project"}}, {"type": "Feature", "id": 3633289282, "geometry": {"type": "Point", "coordinates": [140.71, -36.33]}, "properties": {"marker-color": "#006400", "group": 3712194001, "title": "AgriProve Soil Carbon Project"}}, {"type": "Feature", "id": 4056338583, "geometry": {"type": "Point", "coordinates": [140.75, -36.32]}, "properties": {"marker-color": "#006400", "group": 3712194001, "title": "AgriProve Soil Carbon Project"}}, {"type": "Feature", "id": 3917937022, "geometry": {"type": "Point", "coordinates": [140.75, -36.32]}, "properties": {"marker-color": "#006400", "group": 3712194001, "title": "AgriProve Soil Carbon Project"}}, {"type": "Feature", "id": 4105528822, "geometry": {"type": "Point", "coordinates": [152.41, -26]}, "properties": {"marker-color": "#006400", "group": 3712194001, "title": "AgriProve Soil Carbon Project"}}, {"type": "Feature", "id": 2366544933, "geometry": {"type": "Point", "coordinates": [149.93, -27.89]}, "properties": {"marker-color": "#006400", "group": 3712194001, "title": "AgriProve Soil Carbon Project"}}, {"type": "Feature", "id": 1660061331, "geometry": {"type": "Point", "coordinates": [149.93, -27.89]}, "properties": {"marker-color": "#006400", "group": 3712194001, "title": "AgriProve Soil Carbon Project"}}, {"type": "Feature", "id": 883859568, "geometry": {"type": "Point", "coordinates": [149.93, -27.89]}, "properties": {"marker-color": "#006400", "group": 3712194001, "title": "AgriProve Soil Carbon Project"}}, {"type": "Feature", "id": 3037030237, "geometry": {"type": "Point", "coordinates": [149.93, -27.89]}, "properties": {"marker-color": "#006400", "group": 3712194001, "title": "AgriProve Soil Carbon Project"}}, {"type": "Feature", "id": 3388460875, "geometry": {"type": "Point", "coordinates": [149.93, -27.89]}, "properties": {"marker-color": "#006400", "group": 3712194001, "title": "AgriProve Soil Carbon Project"}}, {"type": "Feature", "id": 2602700973, "geometry": {"type": "Point", "coordinates": [151.36, -26.77]}, "properties": {"marker-color": "#006400", "group": 3712194001, "title": "AgriProve Soil Carbon Project"}}, {"type": "Feature", "id": 3780719865, "geometry": {"type": "Point", "coordinates": [151.36, -26.77]}, "properties": {"marker-color": "#006400", "group": 3712194001, "title": "AgriProve Soil Carbon Project"}}, {"type": "Feature", "id": 95339110, "geometry": {"type": "Point", "coordinates": [152.6, -26.29]}, "properties": {"marker-color": "#006400", "group": 3712194001, "title": "AgriProve Soil Carbon Project"}}, {"type": "Feature", "id": 2660776546, "geometry": {"type": "Point", "coordinates": [115.67, -33.46]}, "properties": {"marker-color": "#006400", "group": 3712194001, "title": "AgriProve Soil Carbon Project"}}, {"type": "Feature", "id": 1589427187, "geometry": {"type": "Point", "coordinates": [115.67, -33.46]}, "properties": {"marker-color": "#006400", "group": 3712194001, "title": "AgriProve Soil Carbon Project"}}, {"type": "Feature", "id": 164502708, "geometry": {"type": "Point", "coordinates": [140.77, -35.1]}, "properties": {"marker-color": "#006400", "group": 3712194001, "title": "AgriProve Soil Carbon Project"}}, {"type": "Feature", "id": 2593076783, "geometry": {"type": "Point", "coordinates": [138.81, -33.99]}, "properties": {"marker-color": "#006400", "group": 3712194001, "title": "AgriProve Soil Carbon Project"}}, {"type": "Feature", "id": 180237081, "geometry": {"type": "Point", "coordinates": [138.82, -34]}, "properties": {"marker-color": "#006400", "group": 3712194001, "title": "AgriProve Soil Carbon Project"}}, {"type": "Feature", "id": 3123681713, "geometry": {"type": "Point", "coordinates": [118.36, -30.62]}, "properties": {"marker-color": "#006400", "group": 3712194001, "title": "AgriProve Soil Carbon Project"}}, {"type": "Feature", "id": 4189010718, "geometry": {"type": "Point", "coordinates": [118.36, -30.62]}, "properties": {"marker-color": "#006400", "group": 3712194001, "title": "AgriProve Soil Carbon Project"}}, {"type": "Feature", "id": 4264417024, "geometry": {"type": "Point", "coordinates": [118.41, -30.58]}, "properties": {"marker-color": "#006400", "group": 3712194001, "title": "AgriProve Soil Carbon Project"}}, {"type": "Feature", "id": 3846812782, "geometry": {"type": "Point", "coordinates": [118.41, -30.58]}, "properties": {"marker-color": "#006400", "group": 3712194001, "title": "AgriProve Soil Carbon Project"}}, {"type": "Feature", "id": 524335211, "geometry": {"type": "Point", "coordinates": [118.51, -30.6]}, "properties": {"marker-color": "#006400", "group": 3712194001, "title": "AgriProve Soil Carbon Project"}}, {"type": "Feature", "id": 3458573892, "geometry": {"type": "Point", "coordinates": [118.51, -30.6]}, "properties": {"marker-color": "#006400", "group": 3712194001, "title": "AgriProve Soil Carbon Project"}}, {"type": "Feature", "id": 3399297825, "geometry": {"type": "Point", "coordinates": [118.36, -30.62]}, "properties": {"marker-color": "#006400", "group": 3712194001, "title": "AgriProve Soil Carbon Project"}}, {"type": "Feature", "id": 1693966777, "geometry": {"type": "Point", "coordinates": [118.36, -30.62]}, "properties": {"marker-color": "#006400", "group": 3712194001, "title": "AgriProve Soil Carbon Project"}}, {"type": "Feature", "id": 783503577, "geometry": {"type": "Point", "coordinates": [118.43, -30.67]}, "properties": {"marker-color": "#006400", "group": 3712194001, "title": "AgriProve Soil Carbon Project"}}, {"type": "Feature", "id": 3026564782, "geometry": {"type": "Point", "coordinates": [118.43, -30.67]}, "properties": {"marker-color": "#006400", "group": 3712194001, "title": "AgriProve Soil Carbon Project"}}, {"type": "Feature", "id": 2744930961, "geometry": {"type": "Point", "coordinates": [118.37, -30.55]}, "properties": {"marker-color": "#006400", "group": 3712194001, "title": "AgriProve Soil Carbon Project"}}, {"type": "Feature", "id": 2347099293, "geometry": {"type": "Point", "coordinates": [118.37, -30.55]}, "properties": {"marker-color": "#006400", "group": 3712194001, "title": "AgriProve Soil Carbon Project"}}, {"type": "Feature", "id": 3119335111, "geometry": {"type": "Point", "coordinates": [118.41, -30.58]}, "properties": {"marker-color": "#006400", "group": 3712194001, "title": "AgriProve Soil Carbon Project"}}, {"type": "Feature", "id": 3909429931, "geometry": {"type": "Point", "coordinates": [118.41, -30.58]}, "properties": {"marker-color": "#006400", "group": 3712194001, "title": "AgriProve Soil Carbon Project"}}, {"type": "Feature", "id": 1523487956, "geometry": {"type": "Point", "coordinates": [118.41, -30.58]}, "properties": {"marker-color": "#006400", "group": 3712194001, "title": "AgriProve Soil Carbon Project"}}, {"type": "Feature", "id": 1079868366, "geometry": {"type": "Point", "coordinates": [118.41, -30.58]}, "properties": {"marker-color": "#006400", "group": 3712194001, "title": "AgriProve Soil Carbon Project"}}, {"type": "Feature", "id": 2313012307, "geometry": {"type": "Point", "coordinates": [118.36, -30.6]}, "properties": {"marker-color": "#006400", "group": 3712194001, "title": "AgriProve Soil Carbon Project"}}, {"type": "Feature", "id": 3136871859, "geometry": {"type": "Point", "coordinates": [118.36, -30.6]}, "properties": {"marker-color": "#006400", "group": 3712194001, "title": "AgriProve Soil Carbon Project"}}, {"type": "Feature", "id": 3798889231, "geometry": {"type": "Point", "coordinates": [118.36, -30.62]}, "properties": {"marker-color": "#006400", "group": 3712194001, "title": "AgriProve Soil Carbon Project"}}, {"type": "Feature", "id": 1267012623, "geometry": {"type": "Point", "coordinates": [118.36, -30.62]}, "properties": {"marker-color": "#006400", "group": 3712194001, "title": "AgriProve Soil Carbon Project"}}, {"type": "Feature", "id": 396761094, "geometry": {"type": "Point", "coordinates": [118.36, -30.62]}, "properties": {"marker-color": "#006400", "group": 3712194001, "title": "AgriProve Soil Carbon Project"}}, {"type": "Feature", "id": 3053335179, "geometry": {"type": "Point", "coordinates": [118.36, -30.62]}, "properties": {"marker-color": "#006400", "group": 3712194001, "title": "AgriProve Soil Carbon Project"}}, {"type": "Feature", "id": 3240352595, "geometry": {"type": "Point", "coordinates": [118.36, -30.62]}, "properties": {"marker-color": "#006400", "group": 3712194001, "title": "AgriProve Soil Carbon Project"}}, {"type": "Feature", "id": 2659319855, "geometry": {"type": "Point", "coordinates": [118.38, -30.68]}, "properties": {"marker-color": "#006400", "group": 3712194001, "title": "AgriProve Soil Carbon Project"}}, {"type": "Feature", "id": 1586599322, "geometry": {"type": "Point", "coordinates": [118.38, -30.68]}, "properties": {"marker-color": "#006400", "group": 3712194001, "title": "AgriProve Soil Carbon Project"}}, {"type": "Feature", "id": 1408746845, "geometry": {"type": "Point", "coordinates": [140.88, -36.52]}, "properties": {"marker-color": "#006400", "group": 3712194001, "title": "AgriProve Soil Carbon Project"}}, {"type": "Feature", "id": 1488214480, "geometry": {"type": "Point", "coordinates": [140.88, -36.52]}, "properties": {"marker-color": "#006400", "group": 3712194001, "title": "AgriProve Soil Carbon Project"}}, {"type": "Feature", "id": 1117741860, "geometry": {"type": "Point", "coordinates": [118.63, -33.46]}, "properties": {"marker-color": "#006400", "group": 3712194001, "title": "AgriProve Soil Carbon Project"}}, {"type": "Feature", "id": 1413607300, "geometry": {"type": "Point", "coordinates": [140.93, -36.51]}, "properties": {"marker-color": "#006400", "group": 3712194001, "title": "AgriProve Soil Carbon Project"}}, {"type": "Feature", "id": 1228720811, "geometry": {"type": "Point", "coordinates": [140.93, -36.51]}, "properties": {"marker-color": "#006400", "group": 3712194001, "title": "AgriProve Soil Carbon Project"}}, {"type": "Feature", "id": 4057482225, "geometry": {"type": "Point", "coordinates": [118.63, -33.46]}, "properties": {"marker-color": "#006400", "group": 3712194001, "title": "AgriProve Soil Carbon Project"}}, {"type": "Feature", "id": 2753087772, "geometry": {"type": "Point", "coordinates": [140.93, -36.51]}, "properties": {"marker-color": "#006400", "group": 3712194001, "title": "AgriProve Soil Carbon Project"}}, {"type": "Feature", "id": 3932260803, "geometry": {"type": "Point", "coordinates": [140.93, -36.51]}, "properties": {"marker-color": "#006400", "group": 3712194001, "title": "AgriProve Soil Carbon Project"}}, {"type": "Feature", "id": 1145928912, "geometry": {"type": "Point", "coordinates": [118.52, -30.98]}, "properties": {"marker-color": "#006400", "group": 3712194001, "title": "AgriProve Soil Carbon Project"}}, {"type": "Feature", "id": 2979526690, "geometry": {"type": "Point", "coordinates": [140.76, -36.27]}, "properties": {"marker-color": "#006400", "group": 3712194001, "title": "AgriProve Soil Carbon Project"}}, {"type": "Feature", "id": 3814353590, "geometry": {"type": "Point", "coordinates": [140.76, -36.27]}, "properties": {"marker-color": "#006400", "group": 3712194001, "title": "AgriProve Soil Carbon Project"}}, {"type": "Feature", "id": 2607750630, "geometry": {"type": "Point", "coordinates": [140.76, -36.27]}, "properties": {"marker-color": "#006400", "group": 3712194001, "title": "AgriProve Soil Carbon Project"}}, {"type": "Feature", "id": 3758864887, "geometry": {"type": "Point", "coordinates": [140.76, -36.27]}, "properties": {"marker-color": "#006400", "group": 3712194001, "title": "AgriProve Soil Carbon Project"}}, {"type": "Feature", "id": 3048435296, "geometry": {"type": "Point", "coordinates": [147.08, -41.54]}, "properties": {"marker-color": "#006400", "group": 3712194001, "title": "AgriProve Soil Carbon Project"}}, {"type": "Feature", "id": 2051202406, "geometry": {"type": "Point", "coordinates": [140.79, -36.19]}, "properties": {"marker-color": "#006400", "group": 3712194001, "title": "AgriProve Soil Carbon Project"}}, {"type": "Feature", "id": 1878833355, "geometry": {"type": "Point", "coordinates": [140.79, -36.19]}, "properties": {"marker-color": "#006400", "group": 3712194001, "title": "AgriProve Soil Carbon Project"}}, {"type": "Feature", "id": 1905420393, "geometry": {"type": "Point", "coordinates": [140.79, -36.18]}, "properties": {"marker-color": "#006400", "group": 3712194001, "title": "AgriProve Soil Carbon Project"}}, {"type": "Feature", "id": 2252895692, "geometry": {"type": "Point", "coordinates": [140.79, -36.21]}, "properties": {"marker-color": "#006400", "group": 3712194001, "title": "AgriProve Soil Carbon Project"}}, {"type": "Feature", "id": 1900385352, "geometry": {"type": "Point", "coordinates": [140.65, -36.2]}, "properties": {"marker-color": "#006400", "group": 3712194001, "title": "AgriProve Soil Carbon Project"}}, {"type": "Feature", "id": 2586642571, "geometry": {"type": "Point", "coordinates": [140.79, -36.23]}, "properties": {"marker-color": "#006400", "group": 3712194001, "title": "AgriProve Soil Carbon Project"}}, {"type": "Feature", "id": 1994683891, "geometry": {"type": "Point", "coordinates": [140.73, -36.15]}, "properties": {"marker-color": "#006400", "group": 3712194001, "title": "AgriProve Soil Carbon Project"}}, {"type": "Feature", "id": 4223433496, "geometry": {"type": "Point", "coordinates": [140.77, -36.19]}, "properties": {"marker-color": "#006400", "group": 3712194001, "title": "AgriProve Soil Carbon Project"}}, {"type": "Feature", "id": 169803365, "geometry": {"type": "Point", "coordinates": [140.76, -36.21]}, "properties": {"marker-color": "#006400", "group": 3712194001, "title": "AgriProve Soil Carbon Project"}}, {"type": "Feature", "id": 4112986416, "geometry": {"type": "Point", "coordinates": [140.76, -36.21]}, "properties": {"marker-color": "#006400", "group": 3712194001, "title": "AgriProve Soil Carbon Project"}}, {"type": "Feature", "id": 2761967339, "geometry": {"type": "Point", "coordinates": [140.81, -36.3]}, "properties": {"marker-color": "#006400", "group": 3712194001, "title": "AgriProve Soil Carbon Project"}}, {"type": "Feature", "id": 3154022229, "geometry": {"type": "Point", "coordinates": [140.83, -36.32]}, "properties": {"marker-color": "#006400", "group": 3712194001, "title": "AgriProve Soil Carbon Project"}}, {"type": "Feature", "id": 3756332426, "geometry": {"type": "Point", "coordinates": [140.8, -36.37]}, "properties": {"marker-color": "#006400", "group": 3712194001, "title": "AgriProve Soil Carbon Project"}}, {"type": "Feature", "id": 938720972, "geometry": {"type": "Point", "coordinates": [140.98, -36.36]}, "properties": {"marker-color": "#006400", "group": 3712194001, "title": "AgriProve Soil Carbon Project"}}, {"type": "Feature", "id": 770059814, "geometry": {"type": "Point", "coordinates": [152.76, -27]}, "properties": {"marker-color": "#006400", "group": 3712194001, "title": "AgriProve Soil Carbon Project"}}, {"type": "Feature", "id": 810525381, "geometry": {"type": "Point", "coordinates": [148.91, -25.31]}, "properties": {"marker-color": "#006400", "group": 3712194001, "title": "AgriProve Soil Carbon Project"}}, {"type": "Feature", "id": 3552394530, "geometry": {"type": "Point", "coordinates": [148.91, -25.31]}, "properties": {"marker-color": "#006400", "group": 3712194001, "title": "AgriProve Soil Carbon Project"}}, {"type": "Feature", "id": 3332869097, "geometry": {"type": "Point", "coordinates": [148.91, -25.31]}, "properties": {"marker-color": "#006400", "group": 3712194001, "title": "AgriProve Soil Carbon Project"}}, {"type": "Feature", "id": 3900066313, "geometry": {"type": "Point", "coordinates": [148.91, -25.31]}, "properties": {"marker-color": "#006400", "group": 3712194001, "title": "AgriProve Soil Carbon Project"}}, {"type": "Feature", "id": 3212695437, "geometry": {"type": "Point", "coordinates": [148.91, -25.31]}, "properties": {"marker-color": "#006400", "group": 3712194001, "title": "AgriProve Soil Carbon Project"}}, {"type": "Feature", "id": 2832330118, "geometry": {"type": "Point", "coordinates": [146.14, -36.04]}, "properties": {"marker-color": "#006400", "group": 3712194001, "title": "AgriProve Soil Carbon Project"}}, {"type": "Feature", "id": 3147481381, "geometry": {"type": "Point", "coordinates": [148.91, -25.31]}, "properties": {"marker-color": "#006400", "group": 3712194001, "title": "AgriProve Soil Carbon Project"}}, {"type": "Feature", "id": 1755334402, "geometry": {"type": "Point", "coordinates": [148.91, -25.31]}, "properties": {"marker-color": "#006400", "group": 3712194001, "title": "AgriProve Soil Carbon Project"}}, {"type": "Feature", "id": 747512285, "geometry": {"type": "Point", "coordinates": [140.7, -36.46]}, "properties": {"marker-color": "#006400", "group": 3712194001, "title": "AgriProve Soil Carbon Project"}}, {"type": "Feature", "id": 1134782087, "geometry": {"type": "Point", "coordinates": [151.19, -30.19]}, "properties": {"marker-color": "#006400", "group": 3712194001, "title": "AgriProve Soil Carbon Project"}}, {"type": "Feature", "id": 339867578, "geometry": {"type": "Point", "coordinates": [151.19, -30.19]}, "properties": {"marker-color": "#006400", "group": 3712194001, "title": "AgriProve Soil Carbon Project"}}, {"type": "Feature", "id": 4110454740, "geometry": {"type": "Point", "coordinates": [140.91, -36.33]}, "properties": {"marker-color": "#006400", "group": 3712194001, "title": "AgriProve Soil Carbon Project"}}, {"type": "Feature", "id": 3924383842, "geometry": {"type": "Point", "coordinates": [140.91, -36.33]}, "properties": {"marker-color": "#006400", "group": 3712194001, "title": "AgriProve Soil Carbon Project"}}, {"type": "Feature", "id": 1180659650, "geometry": {"type": "Point", "coordinates": [138.31, -33.44]}, "properties": {"marker-color": "#006400", "group": 3712194001, "title": "AgriProve Soil Carbon Project"}}, {"type": "Feature", "id": 3998701189, "geometry": {"type": "Point", "coordinates": [138.31, -33.44]}, "properties": {"marker-color": "#006400", "group": 3712194001, "title": "AgriProve Soil Carbon Project"}}, {"type": "Feature", "id": 2096742435, "geometry": {"type": "Point", "coordinates": [138.31, -33.44]}, "properties": {"marker-color": "#006400", "group": 3712194001, "title": "AgriProve Soil Carbon Project"}}, {"type": "Feature", "id": 4077743460, "geometry": {"type": "Point", "coordinates": [138.31, -33.44]}, "properties": {"marker-color": "#006400", "group": 3712194001, "title": "AgriProve Soil Carbon Project"}}, {"type": "Feature", "id": 3424545319, "geometry": {"type": "Point", "coordinates": [138.31, -33.44]}, "properties": {"marker-color": "#006400", "group": 3712194001, "title": "AgriProve Soil Carbon Project"}}, {"type": "Feature", "id": 638196397, "geometry": {"type": "Point", "coordinates": [138.31, -33.44]}, "properties": {"marker-color": "#006400", "group": 3712194001, "title": "AgriProve Soil Carbon Project"}}, {"type": "Feature", "id": 1239522877, "geometry": {"type": "Point", "coordinates": [140.91, -36.33]}, "properties": {"marker-color": "#006400", "group": 3712194001, "title": "AgriProve Soil Carbon Project"}}, {"type": "Feature", "id": 2912438627, "geometry": {"type": "Point", "coordinates": [140.91, -36.33]}, "properties": {"marker-color": "#006400", "group": 3712194001, "title": "AgriProve Soil Carbon Project"}}, {"type": "Feature", "id": 2540229932, "geometry": {"type": "Point", "coordinates": [140.91, -36.33]}, "properties": {"marker-color": "#006400", "group": 3712194001, "title": "AgriProve Soil Carbon Project"}}, {"type": "Feature", "id": 730499677, "geometry": {"type": "Point", "coordinates": [140.91, -36.33]}, "properties": {"marker-color": "#006400", "group": 3712194001, "title": "AgriProve Soil Carbon Project"}}, {"type": "Feature", "id": 2561389156, "geometry": {"type": "Point", "coordinates": [140.91, -36.33]}, "properties": {"marker-color": "#006400", "group": 3712194001, "title": "AgriProve Soil Carbon Project"}}, {"type": "Feature", "id": 344334928, "geometry": {"type": "Point", "coordinates": [150.26, -33.7]}, "properties": {"marker-color": "#006400", "group": 3712194001, "title": "AgriProve Soil Carbon Project"}}, {"type": "Feature", "id": 1436968613, "geometry": {"type": "Point", "coordinates": [118.36, -30.62]}, "properties": {"marker-color": "#006400", "group": 3712194001, "title": "AgriProve Soil Carbon Project"}}, {"type": "Feature", "id": 3451864685, "geometry": {"type": "Point", "coordinates": [118.36, -30.62]}, "properties": {"marker-color": "#006400", "group": 3712194001, "title": "AgriProve Soil Carbon Project"}}, {"type": "Feature", "id": 2557015988, "geometry": {"type": "Point", "coordinates": [138.25, -33.18]}, "properties": {"marker-color": "#006400", "group": 3712194001, "title": "AgriProve Soil Carbon Project"}}, {"type": "Feature", "id": 2159263542, "geometry": {"type": "Point", "coordinates": [138.27, -33.17]}, "properties": {"marker-color": "#006400", "group": 3712194001, "title": "AgriProve Soil Carbon Project"}}, {"type": "Feature", "id": 3156555621, "geometry": {"type": "Point", "coordinates": [117.13, -31.48]}, "properties": {"marker-color": "#006400", "group": 3712194001, "title": "AgriProve Soil Carbon Project"}}, {"type": "Feature", "id": 544886686, "geometry": {"type": "Point", "coordinates": [117.13, -31.48]}, "properties": {"marker-color": "#006400", "group": 3712194001, "title": "AgriProve Soil Carbon Project"}}, {"type": "Feature", "id": 3763799958, "geometry": {"type": "Point", "coordinates": [151.38, -28.43]}, "properties": {"marker-color": "#006400", "group": 3712194001, "title": "AgriProve Soil Carbon Project"}}, {"type": "Feature", "id": 44166348, "geometry": {"type": "Point", "coordinates": [151.38, -28.43]}, "properties": {"marker-color": "#006400", "group": 3712194001, "title": "AgriProve Soil Carbon Project"}}, {"type": "Feature", "id": 2925099405, "geometry": {"type": "Point", "coordinates": [151.37, -28.41]}, "properties": {"marker-color": "#006400", "group": 3712194001, "title": "AgriProve Soil Carbon Project"}}, {"type": "Feature", "id": 2495589198, "geometry": {"type": "Point", "coordinates": [151.38, -28.43]}, "properties": {"marker-color": "#006400", "group": 3712194001, "title": "AgriProve Soil Carbon Project"}}, {"type": "Feature", "id": 1529565167, "geometry": {"type": "Point", "coordinates": [150.57, -30.99]}, "properties": {"marker-color": "#006400", "group": 3712194001, "title": "AgriProve Soil Carbon Project"}}, {"type": "Feature", "id": 1845629798, "geometry": {"type": "Point", "coordinates": [150.57, -30.99]}, "properties": {"marker-color": "#006400", "group": 3712194001, "title": "AgriProve Soil Carbon Project"}}, {"type": "Feature", "id": 268429791, "geometry": {"type": "Point", "coordinates": [147.03, -38.04]}, "properties": {"marker-color": "#006400", "group": 3712194001, "title": "AgriProve Soil Carbon Project"}}, {"type": "Feature", "id": 3655309810, "geometry": {"type": "Point", "coordinates": [147.03, -38.04]}, "properties": {"marker-color": "#006400", "group": 3712194001, "title": "AgriProve Soil Carbon Project"}}, {"type": "Feature", "id": 378526647, "geometry": {"type": "Point", "coordinates": [147.03, -38.04]}, "properties": {"marker-color": "#006400", "group": 3712194001, "title": "AgriProve Soil Carbon Project"}}, {"type": "Feature", "id": 2500006520, "geometry": {"type": "Point", "coordinates": [151.91, -24.63]}, "properties": {"marker-color": "#006400", "group": 3712194001, "title": "AgriProve Soil Carbon Project"}}, {"type": "Feature", "id": 3806724721, "geometry": {"type": "Point", "coordinates": [146.82, -36.25]}, "properties": {"marker-color": "#006400", "group": 3712194001, "title": "AgriProve Soil Carbon Project"}}, {"type": "Feature", "id": 1967738380, "geometry": {"type": "Point", "coordinates": [146.82, -36.25]}, "properties": {"marker-color": "#006400", "group": 3712194001, "title": "AgriProve Soil Carbon Project"}}, {"type": "Feature", "id": 3841914546, "geometry": {"type": "Point", "coordinates": [146.82, -36.25]}, "properties": {"marker-color": "#006400", "group": 3712194001, "title": "AgriProve Soil Carbon Project"}}, {"type": "Feature", "id": 3336162865, "geometry": {"type": "Point", "coordinates": [151.48, -24.42]}, "properties": {"marker-color": "#006400", "group": 3712194001, "title": "AgriProve Soil Carbon Project"}}, {"type": "Feature", "id": 3128073152, "geometry": {"type": "Point", "coordinates": [118.54, -31.02]}, "properties": {"marker-color": "#006400", "group": 3712194001, "title": "AgriProve Soil Carbon Project"}}, {"type": "Feature", "id": 565416213, "geometry": {"type": "Point", "coordinates": [145.26, -36.66]}, "properties": {"marker-color": "#006400", "group": 3712194001, "title": "AgriProve Soil Carbon Project"}}, {"type": "Feature", "id": 2894985732, "geometry": {"type": "Point", "coordinates": [147.99, -20.1]}, "properties": {"marker-color": "#006400", "group": 3712194001, "title": "AgriProve Soil Carbon Project"}}, {"type": "Feature", "id": 2629209593, "geometry": {"type": "Point", "coordinates": [147.99, -20.1]}, "properties": {"marker-color": "#006400", "group": 3712194001, "title": "AgriProve Soil Carbon Project"}}, {"type": "Feature", "id": 2772886204, "geometry": {"type": "Point", "coordinates": [147.99, -20.1]}, "properties": {"marker-color": "#006400", "group": 3712194001, "title": "AgriProve Soil Carbon Project"}}, {"type": "Feature", "id": 2214815699, "geometry": {"type": "Point", "coordinates": [145.14, -36.85]}, "properties": {"marker-color": "#006400", "group": 3712194001, "title": "AgriProve Soil Carbon Project"}}, {"type": "Feature", "id": 3183382380, "geometry": {"type": "Point", "coordinates": [116.99, -31.4]}, "properties": {"marker-color": "#006400", "group": 3712194001, "title": "AgriProve Soil Carbon Project"}}, {"type": "Feature", "id": 3870693202, "geometry": {"type": "Point", "coordinates": [116.99, -31.4]}, "properties": {"marker-color": "#006400", "group": 3712194001, "title": "AgriProve Soil Carbon Project"}}, {"type": "Feature", "id": 1017246645, "geometry": {"type": "Point", "coordinates": [116.99, -31.4]}, "properties": {"marker-color": "#006400", "group": 3712194001, "title": "AgriProve Soil Carbon Project"}}, {"type": "Feature", "id": 1482275756, "geometry": {"type": "Point", "coordinates": [116.99, -31.4]}, "properties": {"marker-color": "#006400", "group": 3712194001, "title": "AgriProve Soil Carbon Project"}}, {"type": "Feature", "id": 2412835260, "geometry": {"type": "Point", "coordinates": [116.99, -31.4]}, "properties": {"marker-color": "#006400", "group": 3712194001, "title": "AgriProve Soil Carbon Project"}}, {"type": "Feature", "id": 161030578, "geometry": {"type": "Point", "coordinates": [143.95, -36.62]}, "properties": {"marker-color": "#006400", "group": 3712194001, "title": "AgriProve Soil Carbon Project"}}, {"type": "Feature", "id": 90539618, "geometry": {"type": "Point", "coordinates": [143.95, -36.62]}, "properties": {"marker-color": "#006400", "group": 3712194001, "title": "AgriProve Soil Carbon Project"}}, {"type": "Feature", "id": 2857802224, "geometry": {"type": "Point", "coordinates": [140.55, -36.66]}, "properties": {"marker-color": "#006400", "group": 3712194001, "title": "AgriProve Soil Carbon Project"}}, {"type": "Feature", "id": 1722608419, "geometry": {"type": "Point", "coordinates": [140.75, -36.43]}, "properties": {"marker-color": "#006400", "group": 3712194001, "title": "AgriProve Soil Carbon Project"}}, {"type": "Feature", "id": 2059258069, "geometry": {"type": "Point", "coordinates": [140.71, -36.45]}, "properties": {"marker-color": "#006400", "group": 3712194001, "title": "AgriProve Soil Carbon Project"}}, {"type": "Feature", "id": 2605226007, "geometry": {"type": "Point", "coordinates": [140.71, -36.45]}, "properties": {"marker-color": "#006400", "group": 3712194001, "title": "AgriProve Soil Carbon Project"}}, {"type": "Feature", "id": 1806541438, "geometry": {"type": "Point", "coordinates": [140.75, -36.43]}, "properties": {"marker-color": "#006400", "group": 3712194001, "title": "AgriProve Soil Carbon Project"}}, {"type": "Feature", "id": 2699747804, "geometry": {"type": "Point", "coordinates": [138.31, -33.44]}, "properties": {"marker-color": "#006400", "group": 3712194001, "title": "AgriProve Soil Carbon Project"}}, {"type": "Feature", "id": 2993140421, "geometry": {"type": "Point", "coordinates": [138.31, -33.44]}, "properties": {"marker-color": "#006400", "group": 3712194001, "title": "AgriProve Soil Carbon Project"}}, {"type": "Feature", "id": 1337369996, "geometry": {"type": "Point", "coordinates": [138.31, -33.44]}, "properties": {"marker-color": "#006400", "group": 3712194001, "title": "AgriProve Soil Carbon Project"}}, {"type": "Feature", "id": 263523400, "geometry": {"type": "Point", "coordinates": [140.75, -36.43]}, "properties": {"marker-color": "#006400", "group": 3712194001, "title": "AgriProve Soil Carbon Project"}}, {"type": "Feature", "id": 4103603468, "geometry": {"type": "Point", "coordinates": [140.75, -36.43]}, "properties": {"marker-color": "#006400", "group": 3712194001, "title": "AgriProve Soil Carbon Project"}}, {"type": "Feature", "id": 2298504240, "geometry": {"type": "Point", "coordinates": [140.75, -36.43]}, "properties": {"marker-color": "#006400", "group": 3712194001, "title": "AgriProve Soil Carbon Project"}}, {"type": "Feature", "id": 211117090, "geometry": {"type": "Point", "coordinates": [152.48, -25.54]}, "properties": {"marker-color": "#006400", "group": 3712194001, "title": "AgriProve Soil Carbon Project"}}, {"type": "Feature", "id": 938114881, "geometry": {"type": "Point", "coordinates": [152.48, -25.54]}, "properties": {"marker-color": "#006400", "group": 3712194001, "title": "AgriProve Soil Carbon Project"}}, {"type": "Feature", "id": 387108627, "geometry": {"type": "Point", "coordinates": [117.14, -31.5]}, "properties": {"marker-color": "#006400", "group": 3712194001, "title": "AgriProve Soil Carbon Project"}}, {"type": "Feature", "id": 3403383148, "geometry": {"type": "Point", "coordinates": [117.14, -31.5]}, "properties": {"marker-color": "#006400", "group": 3712194001, "title": "AgriProve Soil Carbon Project"}}, {"type": "Feature", "id": 979137456, "geometry": {"type": "Point", "coordinates": [117.14, -31.5]}, "properties": {"marker-color": "#006400", "group": 3712194001, "title": "AgriProve Soil Carbon Project"}}, {"type": "Feature", "id": 1958162, "geometry": {"type": "Point", "coordinates": [117.13, -31.48]}, "properties": {"marker-color": "#006400", "group": 3712194001, "title": "AgriProve Soil Carbon Project"}}, {"type": "Feature", "id": 4041672498, "geometry": {"type": "Point", "coordinates": [117.13, -31.48]}, "properties": {"marker-color": "#006400", "group": 3712194001, "title": "AgriProve Soil Carbon Project"}}, {"type": "Feature", "id": 2590556707, "geometry": {"type": "Point", "coordinates": [117.13, -31.48]}, "properties": {"marker-color": "#006400", "group": 3712194001, "title": "AgriProve Soil Carbon Project"}}, {"type": "Feature", "id": 2868143114, "geometry": {"type": "Point", "coordinates": [117.13, -31.48]}, "properties": {"marker-color": "#006400", "group": 3712194001, "title": "AgriProve Soil Carbon Project"}}, {"type": "Feature", "id": 4008886781, "geometry": {"type": "Point", "coordinates": [117.13, -31.48]}, "properties": {"marker-color": "#006400", "group": 3712194001, "title": "AgriProve Soil Carbon Project"}}, {"type": "Feature", "id": 1222381767, "geometry": {"type": "Point", "coordinates": [117.13, -31.48]}, "properties": {"marker-color": "#006400", "group": 3712194001, "title": "AgriProve Soil Carbon Project"}}, {"type": "Feature", "id": 3859243689, "geometry": {"type": "Point", "coordinates": [117.13, -31.48]}, "properties": {"marker-color": "#006400", "group": 3712194001, "title": "AgriProve Soil Carbon Project"}}, {"type": "Feature", "id": 2139230520, "geometry": {"type": "Point", "coordinates": [117.13, -31.48]}, "properties": {"marker-color": "#006400", "group": 3712194001, "title": "AgriProve Soil Carbon Project"}}, {"type": "Feature", "id": 2883694580, "geometry": {"type": "Point", "coordinates": [117.13, -31.48]}, "properties": {"marker-color": "#006400", "group": 3712194001, "title": "AgriProve Soil Carbon Project"}}, {"type": "Feature", "id": 101750397, "geometry": {"type": "Point", "coordinates": [117.13, -31.48]}, "properties": {"marker-color": "#006400", "group": 3712194001, "title": "AgriProve Soil Carbon Project"}}, {"type": "Feature", "id": 2090537099, "geometry": {"type": "Point", "coordinates": [144, -36.61]}, "properties": {"marker-color": "#006400", "group": 3712194001, "title": "AgriProve Soil Carbon Project"}}, {"type": "Feature", "id": 1052973772, "geometry": {"type": "Point", "coordinates": [151.33, -26.44]}, "properties": {"marker-color": "#006400", "group": 3712194001, "title": "AgriProve Soil Carbon Project"}}, {"type": "Feature", "id": 860884851, "geometry": {"type": "Point", "coordinates": [151.33, -26.44]}, "properties": {"marker-color": "#006400", "group": 3712194001, "title": "AgriProve Soil Carbon Project"}}, {"type": "Feature", "id": 1398684693, "geometry": {"type": "Point", "coordinates": [151.33, -26.44]}, "properties": {"marker-color": "#006400", "group": 3712194001, "title": "AgriProve Soil Carbon Project"}}, {"type": "Feature", "id": 1453487852, "geometry": {"type": "Point", "coordinates": [151.33, -26.44]}, "properties": {"marker-color": "#006400", "group": 3712194001, "title": "AgriProve Soil Carbon Project"}}, {"type": "Feature", "id": 1985539072, "geometry": {"type": "Point", "coordinates": [151.33, -26.44]}, "properties": {"marker-color": "#006400", "group": 3712194001, "title": "AgriProve Soil Carbon Project"}}, {"type": "Feature", "id": 3209699224, "geometry": {"type": "Point", "coordinates": [151.34, -26.46]}, "properties": {"marker-color": "#006400", "group": 3712194001, "title": "AgriProve Soil Carbon Project"}}, {"type": "Feature", "id": 3291263404, "geometry": {"type": "Point", "coordinates": [151.34, -26.46]}, "properties": {"marker-color": "#006400", "group": 3712194001, "title": "AgriProve Soil Carbon Project"}}, {"type": "Feature", "id": 3801895913, "geometry": {"type": "Point", "coordinates": [151.34, -26.46]}, "properties": {"marker-color": "#006400", "group": 3712194001, "title": "AgriProve Soil Carbon Project"}}, {"type": "Feature", "id": 1973439009, "geometry": {"type": "Point", "coordinates": [151.36, -26.46]}, "properties": {"marker-color": "#006400", "group": 3712194001, "title": "AgriProve Soil Carbon Project"}}, {"type": "Feature", "id": 2558751450, "geometry": {"type": "Point", "coordinates": [151.36, -26.46]}, "properties": {"marker-color": "#006400", "group": 3712194001, "title": "AgriProve Soil Carbon Project"}}, {"type": "Feature", "id": 2278154244, "geometry": {"type": "Point", "coordinates": [151.36, -26.46]}, "properties": {"marker-color": "#006400", "group": 3712194001, "title": "AgriProve Soil Carbon Project"}}, {"type": "Feature", "id": 547541002, "geometry": {"type": "Point", "coordinates": [151.34, -26.46]}, "properties": {"marker-color": "#006400", "group": 3712194001, "title": "AgriProve Soil Carbon Project"}}, {"type": "Feature", "id": 758522532, "geometry": {"type": "Point", "coordinates": [151.34, -26.46]}, "properties": {"marker-color": "#006400", "group": 3712194001, "title": "AgriProve Soil Carbon Project"}}, {"type": "Feature", "id": 4211249687, "geometry": {"type": "Point", "coordinates": [151.34, -26.46]}, "properties": {"marker-color": "#006400", "group": 3712194001, "title": "AgriProve Soil Carbon Project"}}, {"type": "Feature", "id": 546405005, "geometry": {"type": "Point", "coordinates": [151.36, -26.47]}, "properties": {"marker-color": "#006400", "group": 3712194001, "title": "AgriProve Soil Carbon Project"}}, {"type": "Feature", "id": 379825979, "geometry": {"type": "Point", "coordinates": [151.36, -26.47]}, "properties": {"marker-color": "#006400", "group": 3712194001, "title": "AgriProve Soil Carbon Project"}}, {"type": "Feature", "id": 921826421, "geometry": {"type": "Point", "coordinates": [151.36, -26.47]}, "properties": {"marker-color": "#006400", "group": 3712194001, "title": "AgriProve Soil Carbon Project"}}, {"type": "Feature", "id": 317564857, "geometry": {"type": "Point", "coordinates": [151.35, -26.49]}, "properties": {"marker-color": "#006400", "group": 3712194001, "title": "AgriProve Soil Carbon Project"}}, {"type": "Feature", "id": 183006800, "geometry": {"type": "Point", "coordinates": [151.35, -26.49]}, "properties": {"marker-color": "#006400", "group": 3712194001, "title": "AgriProve Soil Carbon Project"}}, {"type": "Feature", "id": 1459451178, "geometry": {"type": "Point", "coordinates": [151.35, -26.49]}, "properties": {"marker-color": "#006400", "group": 3712194001, "title": "AgriProve Soil Carbon Project"}}, {"type": "Feature", "id": 2731954239, "geometry": {"type": "Point", "coordinates": [144, -36.61]}, "properties": {"marker-color": "#006400", "group": 3712194001, "title": "AgriProve Soil Carbon Project"}}, {"type": "Feature", "id": 1955245145, "geometry": {"type": "Point", "coordinates": [144, -36.61]}, "properties": {"marker-color": "#006400", "group": 3712194001, "title": "AgriProve Soil Carbon Project"}}, {"type": "Feature", "id": 348537061, "geometry": {"type": "Point", "coordinates": [151.61, -24.34]}, "properties": {"marker-color": "#006400", "group": 3712194001, "title": "AgriProve Soil Carbon Project"}}, {"type": "Feature", "id": 3553077165, "geometry": {"type": "Point", "coordinates": [116.99, -31.4]}, "properties": {"marker-color": "#006400", "group": 3712194001, "title": "AgriProve Soil Carbon Project"}}, {"type": "Feature", "id": 1064271813, "geometry": {"type": "Point", "coordinates": [140.52, -36.87]}, "properties": {"marker-color": "#006400", "group": 3712194001, "title": "AgriProve Soil Carbon Project"}}, {"type": "Feature", "id": 3722196477, "geometry": {"type": "Point", "coordinates": [140.52, -36.87]}, "properties": {"marker-color": "#006400", "group": 3712194001, "title": "AgriProve Soil Carbon Project"}}, {"type": "Feature", "id": 1722991886, "geometry": {"type": "Point", "coordinates": [150.05, -31.57]}, "properties": {"marker-color": "#006400", "group": 3712194001, "title": "AgriProve Soil Carbon Project"}}, {"type": "Feature", "id": 2170811807, "geometry": {"type": "Point", "coordinates": [150.05, -31.57]}, "properties": {"marker-color": "#006400", "group": 3712194001, "title": "AgriProve Soil Carbon Project"}}, {"type": "Feature", "id": 1618960986, "geometry": {"type": "Point", "coordinates": [151.71, -26.04]}, "properties": {"marker-color": "#006400", "group": 3712194001, "title": "AgriProve Soil Carbon Project"}}, {"type": "Feature", "id": 2976428287, "geometry": {"type": "Point", "coordinates": [151.71, -26.04]}, "properties": {"marker-color": "#006400", "group": 3712194001, "title": "AgriProve Soil Carbon Project"}}, {"type": "Feature", "id": 57275267, "geometry": {"type": "Point", "coordinates": [150.41, -30.33]}, "properties": {"marker-color": "#006400", "group": 3712194001, "title": "AgriProve Soil Carbon Project"}}, {"type": "Feature", "id": 1167681604, "geometry": {"type": "Point", "coordinates": [150.41, -30.33]}, "properties": {"marker-color": "#006400", "group": 3712194001, "title": "AgriProve Soil Carbon Project"}}, {"type": "Feature", "id": 2060240686, "geometry": {"type": "Point", "coordinates": [138.4, -33.22]}, "properties": {"marker-color": "#006400", "group": 3712194001, "title": "AgriProve Soil Carbon Project"}}, {"type": "Feature", "id": 3804726637, "geometry": {"type": "Point", "coordinates": [138.4, -33.22]}, "properties": {"marker-color": "#006400", "group": 3712194001, "title": "AgriProve Soil Carbon Project"}}, {"type": "Feature", "id": 2532128733, "geometry": {"type": "Point", "coordinates": [138.4, -33.2]}, "properties": {"marker-color": "#006400", "group": 3712194001, "title": "AgriProve Soil Carbon Project"}}, {"type": "Feature", "id": 2881148537, "geometry": {"type": "Point", "coordinates": [138.4, -33.2]}, "properties": {"marker-color": "#006400", "group": 3712194001, "title": "AgriProve Soil Carbon Project"}}, {"type": "Feature", "id": 3049184006, "geometry": {"type": "Point", "coordinates": [138.33, -33.05]}, "properties": {"marker-color": "#006400", "group": 3712194001, "title": "AgriProve Soil Carbon Project"}}, {"type": "Feature", "id": 1831298814, "geometry": {"type": "Point", "coordinates": [138.33, -33.05]}, "properties": {"marker-color": "#006400", "group": 3712194001, "title": "AgriProve Soil Carbon Project"}}, {"type": "Feature", "id": 2319187665, "geometry": {"type": "Point", "coordinates": [138.34, -33.05]}, "properties": {"marker-color": "#006400", "group": 3712194001, "title": "AgriProve Soil Carbon Project"}}, {"type": "Feature", "id": 431303952, "geometry": {"type": "Point", "coordinates": [138.34, -33.05]}, "properties": {"marker-color": "#006400", "group": 3712194001, "title": "AgriProve Soil Carbon Project"}}, {"type": "Feature", "id": 1260822555, "geometry": {"type": "Point", "coordinates": [138.34, -33.07]}, "properties": {"marker-color": "#006400", "group": 3712194001, "title": "AgriProve Soil Carbon Project"}}, {"type": "Feature", "id": 2190873730, "geometry": {"type": "Point", "coordinates": [138.34, -33.07]}, "properties": {"marker-color": "#006400", "group": 3712194001, "title": "AgriProve Soil Carbon Project"}}, {"type": "Feature", "id": 3882946554, "geometry": {"type": "Point", "coordinates": [138.4, -33.11]}, "properties": {"marker-color": "#006400", "group": 3712194001, "title": "AgriProve Soil Carbon Project"}}, {"type": "Feature", "id": 3103671884, "geometry": {"type": "Point", "coordinates": [138.4, -33.11]}, "properties": {"marker-color": "#006400", "group": 3712194001, "title": "AgriProve Soil Carbon Project"}}, {"type": "Feature", "id": 1536444743, "geometry": {"type": "Point", "coordinates": [138.37, -33.12]}, "properties": {"marker-color": "#006400", "group": 3712194001, "title": "AgriProve Soil Carbon Project"}}, {"type": "Feature", "id": 2496660837, "geometry": {"type": "Point", "coordinates": [138.37, -33.12]}, "properties": {"marker-color": "#006400", "group": 3712194001, "title": "AgriProve Soil Carbon Project"}}, {"type": "Feature", "id": 4086398366, "geometry": {"type": "Point", "coordinates": [149.93, -27.89]}, "properties": {"marker-color": "#006400", "group": 3712194001, "title": "AgriProve Soil Carbon Project"}}, {"type": "Feature", "id": 2698529071, "geometry": {"type": "Point", "coordinates": [138.27, -33.17]}, "properties": {"marker-color": "#006400", "group": 3712194001, "title": "AgriProve Soil Carbon Project"}}, {"type": "Feature", "id": 2962136702, "geometry": {"type": "Point", "coordinates": [138.27, -33.17]}, "properties": {"marker-color": "#006400", "group": 3712194001, "title": "AgriProve Soil Carbon Project"}}, {"type": "Feature", "id": 2362706628, "geometry": {"type": "Point", "coordinates": [138.33, -33.16]}, "properties": {"marker-color": "#006400", "group": 3712194001, "title": "AgriProve Soil Carbon Project"}}, {"type": "Feature", "id": 1093673389, "geometry": {"type": "Point", "coordinates": [138.33, -33.16]}, "properties": {"marker-color": "#006400", "group": 3712194001, "title": "AgriProve Soil Carbon Project"}}, {"type": "Feature", "id": 2408536643, "geometry": {"type": "Point", "coordinates": [138.33, -33.19]}, "properties": {"marker-color": "#006400", "group": 3712194001, "title": "AgriProve Soil Carbon Project"}}, {"type": "Feature", "id": 178634782, "geometry": {"type": "Point", "coordinates": [138.33, -33.19]}, "properties": {"marker-color": "#006400", "group": 3712194001, "title": "AgriProve Soil Carbon Project"}}, {"type": "Feature", "id": 1165766932, "geometry": {"type": "Point", "coordinates": [152.41, -26]}, "properties": {"marker-color": "#006400", "group": 3712194001, "title": "AgriProve Soil Carbon Project"}}, {"type": "Feature", "id": 2437407432, "geometry": {"type": "Point", "coordinates": [138.37, -33.19]}, "properties": {"marker-color": "#006400", "group": 3712194001, "title": "AgriProve Soil Carbon Project"}}, {"type": "Feature", "id": 350378446, "geometry": {"type": "Point", "coordinates": [138.37, -33.19]}, "properties": {"marker-color": "#006400", "group": 3712194001, "title": "AgriProve Soil Carbon Project"}}, {"type": "Feature", "id": 254601894, "geometry": {"type": "Point", "coordinates": [115.65, -29.51]}, "properties": {"marker-color": "#006400", "group": 3712194001, "title": "AgriProve Soil Carbon Project"}}, {"type": "Feature", "id": 1966100178, "geometry": {"type": "Point", "coordinates": [142.6, -38.28]}, "properties": {"marker-color": "#006400", "group": 3712194001, "title": "AgriProve Soil Carbon Project"}}, {"type": "Feature", "id": 1070564679, "geometry": {"type": "Point", "coordinates": [142.66, -38.32]}, "properties": {"marker-color": "#006400", "group": 3712194001, "title": "AgriProve Soil Carbon Project"}}, {"type": "Feature", "id": 768499151, "geometry": {"type": "Point", "coordinates": [142.66, -38.32]}, "properties": {"marker-color": "#006400", "group": 3712194001, "title": "AgriProve Soil Carbon Project"}}, {"type": "Feature", "id": 463170192, "geometry": {"type": "Point", "coordinates": [142.6, -38.26]}, "properties": {"marker-color": "#006400", "group": 3712194001, "title": "AgriProve Soil Carbon Project"}}, {"type": "Feature", "id": 775078877, "geometry": {"type": "Point", "coordinates": [142.6, -38.26]}, "properties": {"marker-color": "#006400", "group": 3712194001, "title": "AgriProve Soil Carbon Project"}}, {"type": "Feature", "id": 699630515, "geometry": {"type": "Point", "coordinates": [140.93, -36.51]}, "properties": {"marker-color": "#006400", "group": 3712194001, "title": "AgriProve Soil Carbon Project"}}, {"type": "Feature", "id": 4013164215, "geometry": {"type": "Point", "coordinates": [140.93, -36.51]}, "properties": {"marker-color": "#006400", "group": 3712194001, "title": "AgriProve Soil Carbon Project"}}, {"type": "Feature", "id": 2167877769, "geometry": {"type": "Point", "coordinates": [115.65, -29.51]}, "properties": {"marker-color": "#006400", "group": 3712194001, "title": "AgriProve Soil Carbon Project"}}, {"type": "Feature", "id": 2004390709, "geometry": {"type": "Point", "coordinates": [117.19, -30.75]}, "properties": {"marker-color": "#006400", "group": 3712194001, "title": "AgriProve Soil Carbon Project"}}, {"type": "Feature", "id": 1913960174, "geometry": {"type": "Point", "coordinates": [117.19, -30.75]}, "properties": {"marker-color": "#006400", "group": 3712194001, "title": "AgriProve Soil Carbon Project"}}, {"type": "Feature", "id": 4207777353, "geometry": {"type": "Point", "coordinates": [117.19, -30.75]}, "properties": {"marker-color": "#006400", "group": 3712194001, "title": "AgriProve Soil Carbon Project"}}, {"type": "Feature", "id": 3318511304, "geometry": {"type": "Point", "coordinates": [143.52, -37.42]}, "properties": {"marker-color": "#006400", "group": 3712194001, "title": "AgriProve Soil Carbon Project"}}, {"type": "Feature", "id": 85399476, "geometry": {"type": "Point", "coordinates": [143.52, -37.42]}, "properties": {"marker-color": "#006400", "group": 3712194001, "title": "AgriProve Soil Carbon Project"}}, {"type": "Feature", "id": 2745584834, "geometry": {"type": "Point", "coordinates": [143.57, -37.44]}, "properties": {"marker-color": "#006400", "group": 3712194001, "title": "AgriProve Soil Carbon Project"}}, {"type": "Feature", "id": 3564385952, "geometry": {"type": "Point", "coordinates": [143.57, -37.44]}, "properties": {"marker-color": "#006400", "group": 3712194001, "title": "AgriProve Soil Carbon Project"}}, {"type": "Feature", "id": 3853929092, "geometry": {"type": "Point", "coordinates": [117.2, -30.79]}, "properties": {"marker-color": "#006400", "group": 3712194001, "title": "AgriProve Soil Carbon Project"}}, {"type": "Feature", "id": 3687642811, "geometry": {"type": "Point", "coordinates": [117.2, -30.79]}, "properties": {"marker-color": "#006400", "group": 3712194001, "title": "AgriProve Soil Carbon Project"}}, {"type": "Feature", "id": 87455670, "geometry": {"type": "Point", "coordinates": [117.2, -30.79]}, "properties": {"marker-color": "#006400", "group": 3712194001, "title": "AgriProve Soil Carbon Project"}}, {"type": "Feature", "id": 2174335435, "geometry": {"type": "Point", "coordinates": [143.52, -37.42]}, "properties": {"marker-color": "#006400", "group": 3712194001, "title": "AgriProve Soil Carbon Project"}}, {"type": "Feature", "id": 1142370086, "geometry": {"type": "Point", "coordinates": [143.52, -37.42]}, "properties": {"marker-color": "#006400", "group": 3712194001, "title": "AgriProve Soil Carbon Project"}}, {"type": "Feature", "id": 478209595, "geometry": {"type": "Point", "coordinates": [115.65, -29.51]}, "properties": {"marker-color": "#006400", "group": 3712194001, "title": "AgriProve Soil Carbon Project"}}, {"type": "Feature", "id": 3642829463, "geometry": {"type": "Point", "coordinates": [115.65, -29.51]}, "properties": {"marker-color": "#006400", "group": 3712194001, "title": "AgriProve Soil Carbon Project"}}, {"type": "Feature", "id": 2311955447, "geometry": {"type": "Point", "coordinates": [115.65, -29.51]}, "properties": {"marker-color": "#006400", "group": 3712194001, "title": "AgriProve Soil Carbon Project"}}, {"type": "Feature", "id": 1876691582, "geometry": {"type": "Point", "coordinates": [115.65, -29.51]}, "properties": {"marker-color": "#006400", "group": 3712194001, "title": "AgriProve Soil Carbon Project"}}, {"type": "Feature", "id": 4270982446, "geometry": {"type": "Point", "coordinates": [115.65, -29.51]}, "properties": {"marker-color": "#006400", "group": 3712194001, "title": "AgriProve Soil Carbon Project"}}, {"type": "Feature", "id": 2345016249, "geometry": {"type": "Point", "coordinates": [115.65, -29.51]}, "properties": {"marker-color": "#006400", "group": 3712194001, "title": "AgriProve Soil Carbon Project"}}, {"type": "Feature", "id": 3101147261, "geometry": {"type": "Point", "coordinates": [151.81, -26.89]}, "properties": {"marker-color": "#006400", "group": 3712194001, "title": "AgriProve Soil Carbon Project"}}, {"type": "Feature", "id": 522076245, "geometry": {"type": "Point", "coordinates": [151.81, -26.89]}, "properties": {"marker-color": "#006400", "group": 3712194001, "title": "AgriProve Soil Carbon Project"}}, {"type": "Feature", "id": 3383797377, "geometry": {"type": "Point", "coordinates": [149.79, -24.73]}, "properties": {"marker-color": "#006400", "group": 3712194001, "title": "AgriProve Soil Carbon Project"}}, {"type": "Feature", "id": 1161131378, "geometry": {"type": "Point", "coordinates": [149.79, -24.73]}, "properties": {"marker-color": "#006400", "group": 3712194001, "title": "AgriProve Soil Carbon Project"}}, {"type": "Feature", "id": 1017980005, "geometry": {"type": "Point", "coordinates": [149.79, -24.73]}, "properties": {"marker-color": "#006400", "group": 3712194001, "title": "AgriProve Soil Carbon Project"}}, {"type": "Feature", "id": 2019311773, "geometry": {"type": "Point", "coordinates": [149.79, -24.73]}, "properties": {"marker-color": "#006400", "group": 3712194001, "title": "AgriProve Soil Carbon Project"}}, {"type": "Feature", "id": 1037299928, "geometry": {"type": "Point", "coordinates": [149.79, -24.73]}, "properties": {"marker-color": "#006400", "group": 3712194001, "title": "AgriProve Soil Carbon Project"}}, {"type": "Feature", "id": 1164071123, "geometry": {"type": "Point", "coordinates": [149.79, -24.73]}, "properties": {"marker-color": "#006400", "group": 3712194001, "title": "AgriProve Soil Carbon Project"}}, {"type": "Feature", "id": 3850362978, "geometry": {"type": "Point", "coordinates": [149.79, -24.73]}, "properties": {"marker-color": "#006400", "group": 3712194001, "title": "AgriProve Soil Carbon Project"}}, {"type": "Feature", "id": 1598640971, "geometry": {"type": "Point", "coordinates": [149.79, -24.73]}, "properties": {"marker-color": "#006400", "group": 3712194001, "title": "AgriProve Soil Carbon Project"}}, {"type": "Feature", "id": 2038832885, "geometry": {"type": "Point", "coordinates": [149.79, -24.73]}, "properties": {"marker-color": "#006400", "group": 3712194001, "title": "AgriProve Soil Carbon Project"}}, {"type": "Feature", "id": 2124219321, "geometry": {"type": "Point", "coordinates": [149.79, -24.73]}, "properties": {"marker-color": "#006400", "group": 3712194001, "title": "AgriProve Soil Carbon Project"}}, {"type": "Feature", "id": 3163475264, "geometry": {"type": "Point", "coordinates": [149.79, -24.73]}, "properties": {"marker-color": "#006400", "group": 3712194001, "title": "AgriProve Soil Carbon Project"}}, {"type": "Feature", "id": 328179752, "geometry": {"type": "Point", "coordinates": [149.79, -24.73]}, "properties": {"marker-color": "#006400", "group": 3712194001, "title": "AgriProve Soil Carbon Project"}}, {"type": "Feature", "id": 1374213815, "geometry": {"type": "Point", "coordinates": [150.14, -23.18]}, "properties": {"marker-color": "#006400", "group": 3712194001, "title": "AgriProve Soil Carbon Project"}}, {"type": "Feature", "id": 1381275192, "geometry": {"type": "Point", "coordinates": [150.14, -23.18]}, "properties": {"marker-color": "#006400", "group": 3712194001, "title": "AgriProve Soil Carbon Project"}}, {"type": "Feature", "id": 861790348, "geometry": {"type": "Point", "coordinates": [143.44, -38.41]}, "properties": {"marker-color": "#006400", "group": 3712194001, "title": "AgriProve Soil Carbon Project"}}, {"type": "Feature", "id": 4131968285, "geometry": {"type": "Point", "coordinates": [148.61, -26.29]}, "properties": {"marker-color": "#006400", "group": 3712194001, "title": "AgriProve Soil Carbon Project"}}, {"type": "Feature", "id": 139588968, "geometry": {"type": "Point", "coordinates": [148.61, -26.29]}, "properties": {"marker-color": "#006400", "group": 3712194001, "title": "AgriProve Soil Carbon Project"}}, {"type": "Feature", "id": 1139553337, "geometry": {"type": "Point", "coordinates": [148.61, -26.29]}, "properties": {"marker-color": "#006400", "group": 3712194001, "title": "AgriProve Soil Carbon Project"}}, {"type": "Feature", "id": 1121435649, "geometry": {"type": "Point", "coordinates": [148.61, -26.29]}, "properties": {"marker-color": "#006400", "group": 3712194001, "title": "AgriProve Soil Carbon Project"}}, {"type": "Feature", "id": 2716009371, "geometry": {"type": "Point", "coordinates": [146.19, -25.85]}, "properties": {"marker-color": "#006400", "group": 3712194001, "title": "AgriProve Soil Carbon Project"}}, {"type": "Feature", "id": 3785329421, "geometry": {"type": "Point", "coordinates": [146.19, -25.85]}, "properties": {"marker-color": "#006400", "group": 3712194001, "title": "AgriProve Soil Carbon Project"}}, {"type": "Feature", "id": 2036154041, "geometry": {"type": "Point", "coordinates": [146.19, -25.85]}, "properties": {"marker-color": "#006400", "group": 3712194001, "title": "AgriProve Soil Carbon Project"}}, {"type": "Feature", "id": 1517072841, "geometry": {"type": "Point", "coordinates": [146.19, -25.85]}, "properties": {"marker-color": "#006400", "group": 3712194001, "title": "AgriProve Soil Carbon Project"}}, {"type": "Feature", "id": 3875841930, "geometry": {"type": "Point", "coordinates": [146.19, -25.85]}, "properties": {"marker-color": "#006400", "group": 3712194001, "title": "AgriProve Soil Carbon Project"}}, {"type": "Feature", "id": 3821270320, "geometry": {"type": "Point", "coordinates": [146.19, -25.85]}, "properties": {"marker-color": "#006400", "group": 3712194001, "title": "AgriProve Soil Carbon Project"}}, {"type": "Feature", "id": 2268074078, "geometry": {"type": "Point", "coordinates": [146.19, -25.85]}, "properties": {"marker-color": "#006400", "group": 3712194001, "title": "AgriProve Soil Carbon Project"}}, {"type": "Feature", "id": 172857293, "geometry": {"type": "Point", "coordinates": [146.19, -25.85]}, "properties": {"marker-color": "#006400", "group": 3712194001, "title": "AgriProve Soil Carbon Project"}}, {"type": "Feature", "id": 3715860316, "geometry": {"type": "Point", "coordinates": [146.19, -25.85]}, "properties": {"marker-color": "#006400", "group": 3712194001, "title": "AgriProve Soil Carbon Project"}}, {"type": "Feature", "id": 593698895, "geometry": {"type": "Point", "coordinates": [146.19, -25.85]}, "properties": {"marker-color": "#006400", "group": 3712194001, "title": "AgriProve Soil Carbon Project"}}, {"type": "Feature", "id": 3008189240, "geometry": {"type": "Point", "coordinates": [146.19, -25.85]}, "properties": {"marker-color": "#006400", "group": 3712194001, "title": "AgriProve Soil Carbon Project"}}, {"type": "Feature", "id": 4166196058, "geometry": {"type": "Point", "coordinates": [146.19, -25.85]}, "properties": {"marker-color": "#006400", "group": 3712194001, "title": "AgriProve Soil Carbon Project"}}, {"type": "Feature", "id": 1429239698, "geometry": {"type": "Point", "coordinates": [145.9, -36.66]}, "properties": {"marker-color": "#006400", "group": 3712194001, "title": "AgriProve Soil Carbon Project"}}, {"type": "Feature", "id": 1220330432, "geometry": {"type": "Point", "coordinates": [145.9, -36.66]}, "properties": {"marker-color": "#006400", "group": 3712194001, "title": "AgriProve Soil Carbon Project"}}, {"type": "Feature", "id": 137930877, "geometry": {"type": "Point", "coordinates": [145.94, -36]}, "properties": {"marker-color": "#006400", "group": 3712194001, "title": "AgriProve Soil Carbon Project"}}, {"type": "Feature", "id": 3445645441, "geometry": {"type": "Point", "coordinates": [145.94, -36]}, "properties": {"marker-color": "#006400", "group": 3712194001, "title": "AgriProve Soil Carbon Project"}}, {"type": "Feature", "id": 2636674191, "geometry": {"type": "Point", "coordinates": [145.94, -36]}, "properties": {"marker-color": "#006400", "group": 3712194001, "title": "AgriProve Soil Carbon Project"}}, {"type": "Feature", "id": 3908484946, "geometry": {"type": "Point", "coordinates": [145.94, -36]}, "properties": {"marker-color": "#006400", "group": 3712194001, "title": "AgriProve Soil Carbon Project"}}, {"type": "Feature", "id": 1478149205, "geometry": {"type": "Point", "coordinates": [148.17, -26.54]}, "properties": {"marker-color": "#006400", "group": 3712194001, "title": "AgriProve Soil Carbon Project"}}, {"type": "Feature", "id": 458868374, "geometry": {"type": "Point", "coordinates": [148.17, -26.54]}, "properties": {"marker-color": "#006400", "group": 3712194001, "title": "AgriProve Soil Carbon Project"}}, {"type": "Feature", "id": 1109721004, "geometry": {"type": "Point", "coordinates": [151.4, -25.45]}, "properties": {"marker-color": "#006400", "group": 3712194001, "title": "AgriProve Soil Carbon Project"}}, {"type": "Feature", "id": 461335391, "geometry": {"type": "Point", "coordinates": [150.73, -25.63]}, "properties": {"marker-color": "#006400", "group": 3712194001, "title": "AgriProve Soil Carbon Project"}}, {"type": "Feature", "id": 560423153, "geometry": {"type": "Point", "coordinates": [151.29, -25.49]}, "properties": {"marker-color": "#006400", "group": 3712194001, "title": "AgriProve Soil Carbon Project"}}, {"type": "Feature", "id": 306072811, "geometry": {"type": "Point", "coordinates": [146.67, -41.52]}, "properties": {"marker-color": "#006400", "group": 3712194001, "title": "AgriProve Soil Carbon Project"}}, {"type": "Feature", "id": 1685872100, "geometry": {"type": "Point", "coordinates": [148.61, -26.29]}, "properties": {"marker-color": "#006400", "group": 3712194001, "title": "AgriProve Soil Carbon Project"}}, {"type": "Feature", "id": 1646782116, "geometry": {"type": "Point", "coordinates": [148.61, -26.29]}, "properties": {"marker-color": "#006400", "group": 3712194001, "title": "AgriProve Soil Carbon Project"}}, {"type": "Feature", "id": 1409894812, "geometry": {"type": "Point", "coordinates": [141.39, -34.47]}, "properties": {"marker-color": "#006400", "group": 3712194001, "title": "AgriProve Soil Carbon Project"}}, {"type": "Feature", "id": 1711120173, "geometry": {"type": "Point", "coordinates": [141.39, -34.47]}, "properties": {"marker-color": "#006400", "group": 3712194001, "title": "AgriProve Soil Carbon Project"}}, {"type": "Feature", "id": 1950998493, "geometry": {"type": "Point", "coordinates": [141.39, -34.47]}, "properties": {"marker-color": "#006400", "group": 3712194001, "title": "AgriProve Soil Carbon Project"}}, {"type": "Feature", "id": 1673611901, "geometry": {"type": "Point", "coordinates": [141.39, -34.47]}, "properties": {"marker-color": "#006400", "group": 3712194001, "title": "AgriProve Soil Carbon Project"}}, {"type": "Feature", "id": 2433894724, "geometry": {"type": "Point", "coordinates": [141.39, -34.47]}, "properties": {"marker-color": "#006400", "group": 3712194001, "title": "AgriProve Soil Carbon Project"}}, {"type": "Feature", "id": 1905072281, "geometry": {"type": "Point", "coordinates": [141.39, -34.47]}, "properties": {"marker-color": "#006400", "group": 3712194001, "title": "AgriProve Soil Carbon Project"}}, {"type": "Feature", "id": 2082008047, "geometry": {"type": "Point", "coordinates": [146.95, -37.86]}, "properties": {"marker-color": "#006400", "group": 3712194001, "title": "AgriProve Soil Carbon Project"}}, {"type": "Feature", "id": 1864421563, "geometry": {"type": "Point", "coordinates": [150.57, -32.41]}, "properties": {"marker-color": "#006400", "group": 3712194001, "title": "AgriProve Soil Carbon Project"}}, {"type": "Feature", "id": 2061821805, "geometry": {"type": "Point", "coordinates": [145.38, -37.15]}, "properties": {"marker-color": "#006400", "group": 3712194001, "title": "AgriProve Soil Carbon Project"}}, {"type": "Feature", "id": 3393578713, "geometry": {"type": "Point", "coordinates": [145.41, -37.09]}, "properties": {"marker-color": "#006400", "group": 3712194001, "title": "AgriProve Soil Carbon Project"}}, {"type": "Feature", "id": 3746045148, "geometry": {"type": "Point", "coordinates": [151.15, -27.97]}, "properties": {"marker-color": "#006400", "group": 3712194001, "title": "AgriProve Soil Carbon Project"}}, {"type": "Feature", "id": 1233490498, "geometry": {"type": "Point", "coordinates": [152.44, -25.5]}, "properties": {"marker-color": "#006400", "group": 3712194001, "title": "AgriProve Soil Carbon Project"}}, {"type": "Feature", "id": 1689623515, "geometry": {"type": "Point", "coordinates": [152.44, -25.5]}, "properties": {"marker-color": "#006400", "group": 3712194001, "title": "AgriProve Soil Carbon Project"}}, {"type": "Feature", "id": 2642237683, "geometry": {"type": "Point", "coordinates": [145.95, -38.56]}, "properties": {"marker-color": "#006400", "group": 3712194001, "title": "AgriProve Soil Carbon Project"}}, {"type": "Feature", "id": 3828585477, "geometry": {"type": "Point", "coordinates": [145.95, -38.56]}, "properties": {"marker-color": "#006400", "group": 3712194001, "title": "AgriProve Soil Carbon Project"}}, {"type": "Feature", "id": 2160249530, "geometry": {"type": "Point", "coordinates": [118.54, -31.02]}, "properties": {"marker-color": "#006400", "group": 3712194001, "title": "AgriProve Soil Carbon Project"}}, {"type": "Feature", "id": 1721806457, "geometry": {"type": "Point", "coordinates": [143.36, -37.41]}, "properties": {"marker-color": "#006400", "group": 3712194001, "title": "AgriProve Soil Carbon Project"}}, {"type": "Feature", "id": 2428555182, "geometry": {"type": "Point", "coordinates": [150.73, -25.63]}, "properties": {"marker-color": "#006400", "group": 3712194001, "title": "AgriProve Soil Carbon Project"}}, {"type": "Feature", "id": 116728056, "geometry": {"type": "Point", "coordinates": [150.73, -25.63]}, "properties": {"marker-color": "#006400", "group": 3712194001, "title": "AgriProve Soil Carbon Project"}}, {"type": "Feature", "id": 1134631704, "geometry": {"type": "Point", "coordinates": [151.29, -25.49]}, "properties": {"marker-color": "#006400", "group": 3712194001, "title": "AgriProve Soil Carbon Project"}}, {"type": "Feature", "id": 1532458942, "geometry": {"type": "Point", "coordinates": [145.49, -36.12]}, "properties": {"marker-color": "#006400", "group": 3712194001, "title": "AgriProve Soil Carbon Project"}}, {"type": "Feature", "id": 3174106790, "geometry": {"type": "Point", "coordinates": [149.19, -33.04]}, "properties": {"marker-color": "#006400", "group": 3712194001, "title": "AgriProve Soil Carbon Project"}}, {"type": "Feature", "id": 2292080633, "geometry": {"type": "Point", "coordinates": [149.2, -33.03]}, "properties": {"marker-color": "#006400", "group": 3712194001, "title": "AgriProve Soil Carbon Project"}}, {"type": "Feature", "id": 906881342, "geometry": {"type": "Point", "coordinates": [143.93, -35.65]}, "properties": {"marker-color": "#006400", "group": 3712194001, "title": "AgriProve Soil Carbon Project"}}, {"type": "Feature", "id": 871928024, "geometry": {"type": "Point", "coordinates": [145.77, -38.55]}, "properties": {"marker-color": "#006400", "group": 3712194001, "title": "AgriProve Soil Carbon Project"}}, {"type": "Feature", "id": 134943362, "geometry": {"type": "Point", "coordinates": [145.18, -36.82]}, "properties": {"marker-color": "#006400", "group": 3712194001, "title": "AgriProve Soil Carbon Project"}}, {"type": "Feature", "id": 4022061142, "geometry": {"type": "Point", "coordinates": [145.18, -36.82]}, "properties": {"marker-color": "#006400", "group": 3712194001, "title": "AgriProve Soil Carbon Project"}}, {"type": "Feature", "id": 4042737652, "geometry": {"type": "Point", "coordinates": [145.18, -36.82]}, "properties": {"marker-color": "#006400", "group": 3712194001, "title": "AgriProve Soil Carbon Project"}}, {"type": "Feature", "id": 3185296842, "geometry": {"type": "Point", "coordinates": [118.54, -31.02]}, "properties": {"marker-color": "#006400", "group": 3712194001, "title": "AgriProve Soil Carbon Project"}}, {"type": "Feature", "id": 3196800272, "geometry": {"type": "Point", "coordinates": [118.54, -31.02]}, "properties": {"marker-color": "#006400", "group": 3712194001, "title": "AgriProve Soil Carbon Project"}}, {"type": "Feature", "id": 2080968474, "geometry": {"type": "Point", "coordinates": [118.54, -31.02]}, "properties": {"marker-color": "#006400", "group": 3712194001, "title": "AgriProve Soil Carbon Project"}}, {"type": "Feature", "id": 2170121944, "geometry": {"type": "Point", "coordinates": [118.54, -31.02]}, "properties": {"marker-color": "#006400", "group": 3712194001, "title": "AgriProve Soil Carbon Project"}}, {"type": "Feature", "id": 3570087260, "geometry": {"type": "Point", "coordinates": [118.54, -31.02]}, "properties": {"marker-color": "#006400", "group": 3712194001, "title": "AgriProve Soil Carbon Project"}}, {"type": "Feature", "id": 3131336831, "geometry": {"type": "Point", "coordinates": [145.79, -38.5]}, "properties": {"marker-color": "#006400", "group": 3712194001, "title": "AgriProve Soil Carbon Project"}}, {"type": "Feature", "id": 2158455060, "geometry": {"type": "Point", "coordinates": [145.18, -36.82]}, "properties": {"marker-color": "#006400", "group": 3712194001, "title": "AgriProve Soil Carbon Project"}}, {"type": "Feature", "id": 3954822216, "geometry": {"type": "Point", "coordinates": [118.54, -31.02]}, "properties": {"marker-color": "#006400", "group": 3712194001, "title": "AgriProve Soil Carbon Project"}}, {"type": "Feature", "id": 154795686, "geometry": {"type": "Point", "coordinates": [118.54, -31.02]}, "properties": {"marker-color": "#006400", "group": 3712194001, "title": "AgriProve Soil Carbon Project"}}, {"type": "Feature", "id": 544621285, "geometry": {"type": "Point", "coordinates": [118.54, -31.02]}, "properties": {"marker-color": "#006400", "group": 3712194001, "title": "AgriProve Soil Carbon Project"}}, {"type": "Feature", "id": 533648434, "geometry": {"type": "Point", "coordinates": [118.54, -31.02]}, "properties": {"marker-color": "#006400", "group": 3712194001, "title": "AgriProve Soil Carbon Project"}}, {"type": "Feature", "id": 4102233487, "geometry": {"type": "Point", "coordinates": [118.54, -31.02]}, "properties": {"marker-color": "#006400", "group": 3712194001, "title": "AgriProve Soil Carbon Project"}}, {"type": "Feature", "id": 3716311839, "geometry": {"type": "Point", "coordinates": [147.44, -34.59]}, "properties": {"marker-color": "#006400", "group": 3712194001, "title": "AgriProve Soil Carbon Project"}}, {"type": "Feature", "id": 3683344352, "geometry": {"type": "Point", "coordinates": [147.44, -34.59]}, "properties": {"marker-color": "#006400", "group": 3712194001, "title": "AgriProve Soil Carbon Project"}}, {"type": "Feature", "id": 356278618, "geometry": {"type": "Point", "coordinates": [147.44, -34.59]}, "properties": {"marker-color": "#006400", "group": 3712194001, "title": "AgriProve Soil Carbon Project"}}, {"type": "Feature", "id": 2640197824, "geometry": {"type": "Point", "coordinates": [147.44, -34.59]}, "properties": {"marker-color": "#006400", "group": 3712194001, "title": "AgriProve Soil Carbon Project"}}, {"type": "Feature", "id": 2520510977, "geometry": {"type": "Point", "coordinates": [147.44, -34.59]}, "properties": {"marker-color": "#006400", "group": 3712194001, "title": "AgriProve Soil Carbon Project"}}, {"type": "Feature", "id": 4220477314, "geometry": {"type": "Point", "coordinates": [147.44, -34.59]}, "properties": {"marker-color": "#006400", "group": 3712194001, "title": "AgriProve Soil Carbon Project"}}, {"type": "Feature", "id": 441244428, "geometry": {"type": "Point", "coordinates": [147.44, -34.59]}, "properties": {"marker-color": "#006400", "group": 3712194001, "title": "AgriProve Soil Carbon Project"}}, {"type": "Feature", "id": 3864102557, "geometry": {"type": "Point", "coordinates": [147.44, -34.59]}, "properties": {"marker-color": "#006400", "group": 3712194001, "title": "AgriProve Soil Carbon Project"}}, {"type": "Feature", "id": 3059987979, "geometry": {"type": "Point", "coordinates": [140.64, -34.46]}, "properties": {"marker-color": "#006400", "group": 3712194001, "title": "AgriProve Soil Carbon Project"}}, {"type": "Feature", "id": 4195599565, "geometry": {"type": "Point", "coordinates": [140.62, -36.72]}, "properties": {"marker-color": "#006400", "group": 3712194001, "title": "AgriProve Soil Carbon Project"}}, {"type": "Feature", "id": 2789812220, "geometry": {"type": "Point", "coordinates": [140.62, -36.72]}, "properties": {"marker-color": "#006400", "group": 3712194001, "title": "AgriProve Soil Carbon Project"}}, {"type": "Feature", "id": 1725608431, "geometry": {"type": "Point", "coordinates": [140.62, -36.72]}, "properties": {"marker-color": "#006400", "group": 3712194001, "title": "AgriProve Soil Carbon Project"}}, {"type": "Feature", "id": 3789897770, "geometry": {"type": "Point", "coordinates": [140.62, -36.72]}, "properties": {"marker-color": "#006400", "group": 3712194001, "title": "AgriProve Soil Carbon Project"}}, {"type": "Feature", "id": 665898421, "geometry": {"type": "Point", "coordinates": [140.64, -34.46]}, "properties": {"marker-color": "#006400", "group": 3712194001, "title": "AgriProve Soil Carbon Project"}}, {"type": "Feature", "id": 2864055461, "geometry": {"type": "Point", "coordinates": [140.64, -34.46]}, "properties": {"marker-color": "#006400", "group": 3712194001, "title": "AgriProve Soil Carbon Project"}}, {"type": "Feature", "id": 2435675329, "geometry": {"type": "Point", "coordinates": [140.64, -34.46]}, "properties": {"marker-color": "#006400", "group": 3712194001, "title": "AgriProve Soil Carbon Project"}}, {"type": "Feature", "id": 4185450186, "geometry": {"type": "Point", "coordinates": [140.62, -36.72]}, "properties": {"marker-color": "#006400", "group": 3712194001, "title": "AgriProve Soil Carbon Project"}}, {"type": "Feature", "id": 364457135, "geometry": {"type": "Point", "coordinates": [140.62, -36.72]}, "properties": {"marker-color": "#006400", "group": 3712194001, "title": "AgriProve Soil Carbon Project"}}, {"type": "Feature", "id": 1282317248, "geometry": {"type": "Point", "coordinates": [140.62, -36.72]}, "properties": {"marker-color": "#006400", "group": 3712194001, "title": "AgriProve Soil Carbon Project"}}, {"type": "Feature", "id": 974159680, "geometry": {"type": "Point", "coordinates": [140.62, -36.72]}, "properties": {"marker-color": "#006400", "group": 3712194001, "title": "AgriProve Soil Carbon Project"}}, {"type": "Feature", "id": 757233895, "geometry": {"type": "Point", "coordinates": [147.86, -36.11]}, "properties": {"marker-color": "#006400", "group": 3712194001, "title": "AgriProve Soil Carbon Project"}}, {"type": "Feature", "id": 3707477326, "geometry": {"type": "Point", "coordinates": [118.52, -30.91]}, "properties": {"marker-color": "#006400", "group": 3712194001, "title": "AgriProve Soil Carbon Project"}}, {"type": "Feature", "id": 876333312, "geometry": {"type": "Point", "coordinates": [118.52, -30.91]}, "properties": {"marker-color": "#006400", "group": 3712194001, "title": "AgriProve Soil Carbon Project"}}, {"type": "Feature", "id": 2898294677, "geometry": {"type": "Point", "coordinates": [152.62, -26.32]}, "properties": {"marker-color": "#006400", "group": 3712194001, "title": "AgriProve Soil Carbon Project"}}, {"type": "Feature", "id": 1066774084, "geometry": {"type": "Point", "coordinates": [152.62, -26.32]}, "properties": {"marker-color": "#006400", "group": 3712194001, "title": "AgriProve Soil Carbon Project"}}, {"type": "Feature", "id": 236452147, "geometry": {"type": "Point", "coordinates": [151.2, -25.82]}, "properties": {"marker-color": "#006400", "group": 3712194001, "title": "AgriProve Soil Carbon Project"}}, {"type": "Feature", "id": 195420935, "geometry": {"type": "Point", "coordinates": [140.64, -34.6]}, "properties": {"marker-color": "#006400", "group": 3712194001, "title": "AgriProve Soil Carbon Project"}}, {"type": "Feature", "id": 676248532, "geometry": {"type": "Point", "coordinates": [140.64, -34.6]}, "properties": {"marker-color": "#006400", "group": 3712194001, "title": "AgriProve Soil Carbon Project"}}, {"type": "Feature", "id": 2390601318, "geometry": {"type": "Point", "coordinates": [148.94, -34.58]}, "properties": {"marker-color": "#006400", "group": 3712194001, "title": "AgriProve Soil Carbon Project"}}, {"type": "Feature", "id": 1905730190, "geometry": {"type": "Point", "coordinates": [148.94, -34.58]}, "properties": {"marker-color": "#006400", "group": 3712194001, "title": "AgriProve Soil Carbon Project"}}, {"type": "Feature", "id": 2829916089, "geometry": {"type": "Point", "coordinates": [148.94, -34.58]}, "properties": {"marker-color": "#006400", "group": 3712194001, "title": "AgriProve Soil Carbon Project"}}, {"type": "Feature", "id": 3889084261, "geometry": {"type": "Point", "coordinates": [148.94, -34.58]}, "properties": {"marker-color": "#006400", "group": 3712194001, "title": "AgriProve Soil Carbon Project"}}, {"type": "Feature", "id": 4234183836, "geometry": {"type": "Point", "coordinates": [150.93, -28.55]}, "properties": {"marker-color": "#006400", "group": 3712194001, "title": "AgriProve Soil Carbon Project"}}, {"type": "Feature", "id": 3652864444, "geometry": {"type": "Point", "coordinates": [150.93, -28.55]}, "properties": {"marker-color": "#006400", "group": 3712194001, "title": "AgriProve Soil Carbon Project"}}, {"type": "Feature", "id": 4157770796, "geometry": {"type": "Point", "coordinates": [150.93, -28.55]}, "properties": {"marker-color": "#006400", "group": 3712194001, "title": "AgriProve Soil Carbon Project"}}, {"type": "Feature", "id": 3617131843, "geometry": {"type": "Point", "coordinates": [150.93, -28.55]}, "properties": {"marker-color": "#006400", "group": 3712194001, "title": "AgriProve Soil Carbon Project"}}, {"type": "Feature", "id": 4076802986, "geometry": {"type": "Point", "coordinates": [150.93, -28.55]}, "properties": {"marker-color": "#006400", "group": 3712194001, "title": "AgriProve Soil Carbon Project"}}, {"type": "Feature", "id": 247118181, "geometry": {"type": "Point", "coordinates": [150.93, -28.55]}, "properties": {"marker-color": "#006400", "group": 3712194001, "title": "AgriProve Soil Carbon Project"}}, {"type": "Feature", "id": 3376703691, "geometry": {"type": "Point", "coordinates": [150.93, -28.55]}, "properties": {"marker-color": "#006400", "group": 3712194001, "title": "AgriProve Soil Carbon Project"}}, {"type": "Feature", "id": 4096572621, "geometry": {"type": "Point", "coordinates": [150.93, -28.55]}, "properties": {"marker-color": "#006400", "group": 3712194001, "title": "AgriProve Soil Carbon Project"}}, {"type": "Feature", "id": 1269057874, "geometry": {"type": "Point", "coordinates": [150.93, -28.55]}, "properties": {"marker-color": "#006400", "group": 3712194001, "title": "AgriProve Soil Carbon Project"}}, {"type": "Feature", "id": 1729266842, "geometry": {"type": "Point", "coordinates": [150.93, -28.55]}, "properties": {"marker-color": "#006400", "group": 3712194001, "title": "AgriProve Soil Carbon Project"}}, {"type": "Feature", "id": 2429159249, "geometry": {"type": "Point", "coordinates": [150.93, -28.55]}, "properties": {"marker-color": "#006400", "group": 3712194001, "title": "AgriProve Soil Carbon Project"}}, {"type": "Feature", "id": 2730150740, "geometry": {"type": "Point", "coordinates": [150.93, -28.55]}, "properties": {"marker-color": "#006400", "group": 3712194001, "title": "AgriProve Soil Carbon Project"}}, {"type": "Feature", "id": 3621232290, "geometry": {"type": "Point", "coordinates": [150.93, -28.55]}, "properties": {"marker-color": "#006400", "group": 3712194001, "title": "AgriProve Soil Carbon Project"}}, {"type": "Feature", "id": 2710421820, "geometry": {"type": "Point", "coordinates": [150.93, -28.55]}, "properties": {"marker-color": "#006400", "group": 3712194001, "title": "AgriProve Soil Carbon Project"}}, {"type": "Feature", "id": 2716145974, "geometry": {"type": "Point", "coordinates": [150.93, -28.55]}, "properties": {"marker-color": "#006400", "group": 3712194001, "title": "AgriProve Soil Carbon Project"}}, {"type": "Feature", "id": 2744640251, "geometry": {"type": "Point", "coordinates": [150.93, -28.55]}, "properties": {"marker-color": "#006400", "group": 3712194001, "title": "AgriProve Soil Carbon Project"}}, {"type": "Feature", "id": 1850134378, "geometry": {"type": "Point", "coordinates": [150.93, -28.55]}, "properties": {"marker-color": "#006400", "group": 3712194001, "title": "AgriProve Soil Carbon Project"}}, {"type": "Feature", "id": 723515748, "geometry": {"type": "Point", "coordinates": [150.93, -28.55]}, "properties": {"marker-color": "#006400", "group": 3712194001, "title": "AgriProve Soil Carbon Project"}}, {"type": "Feature", "id": 1765579277, "geometry": {"type": "Point", "coordinates": [150.93, -28.55]}, "properties": {"marker-color": "#006400", "group": 3712194001, "title": "AgriProve Soil Carbon Project"}}, {"type": "Feature", "id": 2800094099, "geometry": {"type": "Point", "coordinates": [150.93, -28.55]}, "properties": {"marker-color": "#006400", "group": 3712194001, "title": "AgriProve Soil Carbon Project"}}, {"type": "Feature", "id": 2659457242, "geometry": {"type": "Point", "coordinates": [150.93, -28.55]}, "properties": {"marker-color": "#006400", "group": 3712194001, "title": "AgriProve Soil Carbon Project"}}, {"type": "Feature", "id": 3499143120, "geometry": {"type": "Point", "coordinates": [150.93, -28.55]}, "properties": {"marker-color": "#006400", "group": 3712194001, "title": "AgriProve Soil Carbon Project"}}, {"type": "Feature", "id": 2799540728, "geometry": {"type": "Point", "coordinates": [150.93, -28.55]}, "properties": {"marker-color": "#006400", "group": 3712194001, "title": "AgriProve Soil Carbon Project"}}, {"type": "Feature", "id": 1902681807, "geometry": {"type": "Point", "coordinates": [150.93, -28.55]}, "properties": {"marker-color": "#006400", "group": 3712194001, "title": "AgriProve Soil Carbon Project"}}, {"type": "Feature", "id": 3397142589, "geometry": {"type": "Point", "coordinates": [150.93, -28.55]}, "properties": {"marker-color": "#006400", "group": 3712194001, "title": "AgriProve Soil Carbon Project"}}, {"type": "Feature", "id": 969693230, "geometry": {"type": "Point", "coordinates": [150.93, -28.55]}, "properties": {"marker-color": "#006400", "group": 3712194001, "title": "AgriProve Soil Carbon Project"}}, {"type": "Feature", "id": 3332579977, "geometry": {"type": "Point", "coordinates": [150.93, -28.55]}, "properties": {"marker-color": "#006400", "group": 3712194001, "title": "AgriProve Soil Carbon Project"}}, {"type": "Feature", "id": 1975903134, "geometry": {"type": "Point", "coordinates": [150.66, -32.23]}, "properties": {"marker-color": "#006400", "group": 3712194001, "title": "AgriProve Soil Carbon Project"}}, {"type": "Feature", "id": 2831623937, "geometry": {"type": "Point", "coordinates": [150.66, -32.23]}, "properties": {"marker-color": "#006400", "group": 3712194001, "title": "AgriProve Soil Carbon Project"}}, {"type": "Feature", "id": 3662939757, "geometry": {"type": "Point", "coordinates": [140.68, -36.32]}, "properties": {"marker-color": "#006400", "group": 3712194001, "title": "AgriProve Soil Carbon Project"}}, {"type": "Feature", "id": 3609517684, "geometry": {"type": "Point", "coordinates": [140.69, -36.32]}, "properties": {"marker-color": "#006400", "group": 3712194001, "title": "AgriProve Soil Carbon Project"}}, {"type": "Feature", "id": 157823489, "geometry": {"type": "Point", "coordinates": [140.67, -36.33]}, "properties": {"marker-color": "#006400", "group": 3712194001, "title": "AgriProve Soil Carbon Project"}}, {"type": "Feature", "id": 2248791459, "geometry": {"type": "Point", "coordinates": [140.68, -36.34]}, "properties": {"marker-color": "#006400", "group": 3712194001, "title": "AgriProve Soil Carbon Project"}}, {"type": "Feature", "id": 1924027314, "geometry": {"type": "Point", "coordinates": [149.59, -31.29]}, "properties": {"marker-color": "#006400", "group": 3712194001, "title": "AgriProve Soil Carbon Project"}}, {"type": "Feature", "id": 2065657542, "geometry": {"type": "Point", "coordinates": [149.59, -31.29]}, "properties": {"marker-color": "#006400", "group": 3712194001, "title": "AgriProve Soil Carbon Project"}}, {"type": "Feature", "id": 1479903083, "geometry": {"type": "Point", "coordinates": [149.6, -31.28]}, "properties": {"marker-color": "#006400", "group": 3712194001, "title": "AgriProve Soil Carbon Project"}}, {"type": "Feature", "id": 360321586, "geometry": {"type": "Point", "coordinates": [149.6, -31.28]}, "properties": {"marker-color": "#006400", "group": 3712194001, "title": "AgriProve Soil Carbon Project"}}, {"type": "Feature", "id": 2200124938, "geometry": {"type": "Point", "coordinates": [150.19, -28.05]}, "properties": {"marker-color": "#006400", "group": 3712194001, "title": "AgriProve Soil Carbon Project"}}, {"type": "Feature", "id": 976016467, "geometry": {"type": "Point", "coordinates": [150.19, -28.05]}, "properties": {"marker-color": "#006400", "group": 3712194001, "title": "AgriProve Soil Carbon Project"}}, {"type": "Feature", "id": 2397782225, "geometry": {"type": "Point", "coordinates": [151.5, -26.71]}, "properties": {"marker-color": "#006400", "group": 3712194001, "title": "AgriProve Soil Carbon Project"}}, {"type": "Feature", "id": 3040663047, "geometry": {"type": "Point", "coordinates": [151.5, -26.71]}, "properties": {"marker-color": "#006400", "group": 3712194001, "title": "AgriProve Soil Carbon Project"}}, {"type": "Feature", "id": 3093549843, "geometry": {"type": "Point", "coordinates": [151.5, -26.71]}, "properties": {"marker-color": "#006400", "group": 3712194001, "title": "AgriProve Soil Carbon Project"}}, {"type": "Feature", "id": 96903180, "geometry": {"type": "Point", "coordinates": [150.19, -28.05]}, "properties": {"marker-color": "#006400", "group": 3712194001, "title": "AgriProve Soil Carbon Project"}}, {"type": "Feature", "id": 999984966, "geometry": {"type": "Point", "coordinates": [150.19, -28.05]}, "properties": {"marker-color": "#006400", "group": 3712194001, "title": "AgriProve Soil Carbon Project"}}, {"type": "Feature", "id": 2192524945, "geometry": {"type": "Point", "coordinates": [152.5, -28.83]}, "properties": {"marker-color": "#006400", "group": 3712194001, "title": "AgriProve Soil Carbon Project"}}, {"type": "Feature", "id": 1414156466, "geometry": {"type": "Point", "coordinates": [152.5, -28.83]}, "properties": {"marker-color": "#006400", "group": 3712194001, "title": "AgriProve Soil Carbon Project"}}, {"type": "Feature", "id": 2242572503, "geometry": {"type": "Point", "coordinates": [148.95, -34.57]}, "properties": {"marker-color": "#006400", "group": 3712194001, "title": "AgriProve Soil Carbon Project"}}, {"type": "Feature", "id": 2221926249, "geometry": {"type": "Point", "coordinates": [148.95, -34.57]}, "properties": {"marker-color": "#006400", "group": 3712194001, "title": "AgriProve Soil Carbon Project"}}, {"type": "Feature", "id": 2215340252, "geometry": {"type": "Point", "coordinates": [148.94, -34.58]}, "properties": {"marker-color": "#006400", "group": 3712194001, "title": "AgriProve Soil Carbon Project"}}, {"type": "Feature", "id": 1247073722, "geometry": {"type": "Point", "coordinates": [148.94, -34.58]}, "properties": {"marker-color": "#006400", "group": 3712194001, "title": "AgriProve Soil Carbon Project"}}, {"type": "Feature", "id": 2557935377, "geometry": {"type": "Point", "coordinates": [149.76, -30.38]}, "properties": {"marker-color": "#006400", "group": 3712194001, "title": "AgriProve Soil Carbon Project"}}, {"type": "Feature", "id": 1677067362, "geometry": {"type": "Point", "coordinates": [142.23, -37.68]}, "properties": {"marker-color": "#006400", "group": 3712194001, "title": "AgriProve Soil Carbon Project"}}, {"type": "Feature", "id": 2963954445, "geometry": {"type": "Point", "coordinates": [142.23, -37.68]}, "properties": {"marker-color": "#006400", "group": 3712194001, "title": "AgriProve Soil Carbon Project"}}, {"type": "Feature", "id": 1826677760, "geometry": {"type": "Point", "coordinates": [142.23, -37.68]}, "properties": {"marker-color": "#006400", "group": 3712194001, "title": "AgriProve Soil Carbon Project"}}, {"type": "Feature", "id": 1355161263, "geometry": {"type": "Point", "coordinates": [142.23, -37.68]}, "properties": {"marker-color": "#006400", "group": 3712194001, "title": "AgriProve Soil Carbon Project"}}, {"type": "Feature", "id": 537650033, "geometry": {"type": "Point", "coordinates": [142.23, -37.68]}, "properties": {"marker-color": "#006400", "group": 3712194001, "title": "AgriProve Soil Carbon Project"}}, {"type": "Feature", "id": 165063487, "geometry": {"type": "Point", "coordinates": [142.23, -37.68]}, "properties": {"marker-color": "#006400", "group": 3712194001, "title": "AgriProve Soil Carbon Project"}}, {"type": "Feature", "id": 3543216787, "geometry": {"type": "Point", "coordinates": [150.19, -28.05]}, "properties": {"marker-color": "#006400", "group": 3712194001, "title": "AgriProve Soil Carbon Project"}}, {"type": "Feature", "id": 3129431877, "geometry": {"type": "Point", "coordinates": [150.19, -28.05]}, "properties": {"marker-color": "#006400", "group": 3712194001, "title": "AgriProve Soil Carbon Project"}}, {"type": "Feature", "id": 1926140324, "geometry": {"type": "Point", "coordinates": [150.19, -28.05]}, "properties": {"marker-color": "#006400", "group": 3712194001, "title": "AgriProve Soil Carbon Project"}}, {"type": "Feature", "id": 4145731058, "geometry": {"type": "Point", "coordinates": [150.19, -28.05]}, "properties": {"marker-color": "#006400", "group": 3712194001, "title": "AgriProve Soil Carbon Project"}}, {"type": "Feature", "id": 663636404, "geometry": {"type": "Point", "coordinates": [150.42, -24.19]}, "properties": {"marker-color": "#006400", "group": 3712194001, "title": "AgriProve Soil Carbon Project"}}, {"type": "Feature", "id": 3424796792, "geometry": {"type": "Point", "coordinates": [150.42, -24.19]}, "properties": {"marker-color": "#006400", "group": 3712194001, "title": "AgriProve Soil Carbon Project"}}, {"type": "Feature", "id": 4047372793, "geometry": {"type": "Point", "coordinates": [151.87, -26.06]}, "properties": {"marker-color": "#006400", "group": 3712194001, "title": "AgriProve Soil Carbon Project"}}, {"type": "Feature", "id": 1898935163, "geometry": {"type": "Point", "coordinates": [150.35, -29.93]}, "properties": {"marker-color": "#006400", "group": 3712194001, "title": "AgriProve Soil Carbon Project"}}, {"type": "Feature", "id": 396725128, "geometry": {"type": "Point", "coordinates": [150.35, -29.93]}, "properties": {"marker-color": "#006400", "group": 3712194001, "title": "AgriProve Soil Carbon Project"}}, {"type": "Feature", "id": 2758242260, "geometry": {"type": "Point", "coordinates": [150.37, -29.92]}, "properties": {"marker-color": "#006400", "group": 3712194001, "title": "AgriProve Soil Carbon Project"}}, {"type": "Feature", "id": 719420378, "geometry": {"type": "Point", "coordinates": [150.37, -29.92]}, "properties": {"marker-color": "#006400", "group": 3712194001, "title": "AgriProve Soil Carbon Project"}}, {"type": "Feature", "id": 834213073, "geometry": {"type": "Point", "coordinates": [150.38, -29.93]}, "properties": {"marker-color": "#006400", "group": 3712194001, "title": "AgriProve Soil Carbon Project"}}, {"type": "Feature", "id": 2791549491, "geometry": {"type": "Point", "coordinates": [150.38, -29.93]}, "properties": {"marker-color": "#006400", "group": 3712194001, "title": "AgriProve Soil Carbon Project"}}, {"type": "Feature", "id": 2171299031, "geometry": {"type": "Point", "coordinates": [148.81, -33.03]}, "properties": {"marker-color": "#006400", "group": 3712194001, "title": "AgriProve Soil Carbon Project"}}, {"type": "Feature", "id": 1528449016, "geometry": {"type": "Point", "coordinates": [149, -21.06]}, "properties": {"marker-color": "#006400", "group": 3712194001, "title": "AgriProve Soil Carbon Project"}}, {"type": "Feature", "id": 3944202542, "geometry": {"type": "Point", "coordinates": [149, -21.06]}, "properties": {"marker-color": "#006400", "group": 3712194001, "title": "AgriProve Soil Carbon Project"}}, {"type": "Feature", "id": 3958774563, "geometry": {"type": "Point", "coordinates": [-24.79, 85.05]}, "properties": {"marker-color": "#006400", "group": 3712194001, "title": "AgriProve Soil Carbon Project"}}, {"type": "Feature", "id": 681314020, "geometry": {"type": "Point", "coordinates": [-24.79, 85.05]}, "properties": {"marker-color": "#006400", "group": 3712194001, "title": "AgriProve Soil Carbon Project"}}, {"type": "Feature", "id": 2073233810, "geometry": {"type": "Point", "coordinates": [146.84, -31.29]}, "properties": {"marker-color": "#006400", "group": 3712194001, "title": "AgriProve Soil Carbon Project"}}, {"type": "Feature", "id": 2902970022, "geometry": {"type": "Point", "coordinates": [146.84, -31.29]}, "properties": {"marker-color": "#006400", "group": 3712194001, "title": "AgriProve Soil Carbon Project"}}, {"type": "Feature", "id": 3480026438, "geometry": {"type": "Point", "coordinates": [-32.16, 85.05]}, "properties": {"marker-color": "#006400", "group": 3712194001, "title": "AgriProve Soil Carbon Project"}}, {"type": "Feature", "id": 1304862673, "geometry": {"type": "Point", "coordinates": [-32.16, 85.05]}, "properties": {"marker-color": "#006400", "group": 3712194001, "title": "AgriProve Soil Carbon Project"}}, {"type": "Feature", "id": 93977707, "geometry": {"type": "Point", "coordinates": [-32.16, 85.05]}, "properties": {"marker-color": "#006400", "group": 3712194001, "title": "AgriProve Soil Carbon Project"}}, {"type": "Feature", "id": 3121509048, "geometry": {"type": "Point", "coordinates": [148.33, -35.22]}, "properties": {"marker-color": "#006400", "group": 3712194001, "title": "AgriProve Soil Carbon Project"}}, {"type": "Feature", "id": 3949607434, "geometry": {"type": "Point", "coordinates": [148.33, -35.22]}, "properties": {"marker-color": "#006400", "group": 3712194001, "title": "AgriProve Soil Carbon Project"}}, {"type": "Feature", "id": 2288816062, "geometry": {"type": "Point", "coordinates": [148.33, -35.22]}, "properties": {"marker-color": "#006400", "group": 3712194001, "title": "AgriProve Soil Carbon Project"}}, {"type": "Feature", "id": 369042471, "geometry": {"type": "Point", "coordinates": [148.34, -35.21]}, "properties": {"marker-color": "#006400", "group": 3712194001, "title": "AgriProve Soil Carbon Project"}}, {"type": "Feature", "id": 1111544533, "geometry": {"type": "Point", "coordinates": [148.34, -35.21]}, "properties": {"marker-color": "#006400", "group": 3712194001, "title": "AgriProve Soil Carbon Project"}}, {"type": "Feature", "id": 2074538038, "geometry": {"type": "Point", "coordinates": [148.34, -35.21]}, "properties": {"marker-color": "#006400", "group": 3712194001, "title": "AgriProve Soil Carbon Project"}}, {"type": "Feature", "id": 101409425, "geometry": {"type": "Point", "coordinates": [148.35, -35.22]}, "properties": {"marker-color": "#006400", "group": 3712194001, "title": "AgriProve Soil Carbon Project"}}, {"type": "Feature", "id": 554124481, "geometry": {"type": "Point", "coordinates": [148.35, -35.22]}, "properties": {"marker-color": "#006400", "group": 3712194001, "title": "AgriProve Soil Carbon Project"}}, {"type": "Feature", "id": 10940614, "geometry": {"type": "Point", "coordinates": [148.35, -35.22]}, "properties": {"marker-color": "#006400", "group": 3712194001, "title": "AgriProve Soil Carbon Project"}}, {"type": "Feature", "id": 1887690404, "geometry": {"type": "Point", "coordinates": [-24.91, 85.05]}, "properties": {"marker-color": "#006400", "group": 3712194001, "title": "AgriProve Soil Carbon Project"}}, {"type": "Feature", "id": 522280637, "geometry": {"type": "Point", "coordinates": [-24.91, 85.05]}, "properties": {"marker-color": "#006400", "group": 3712194001, "title": "AgriProve Soil Carbon Project"}}, {"type": "Feature", "id": 720558753, "geometry": {"type": "Point", "coordinates": [-36.21, 85.05]}, "properties": {"marker-color": "#006400", "group": 3712194001, "title": "AgriProve Soil Carbon Project"}}, {"type": "Feature", "id": 2679451003, "geometry": {"type": "Point", "coordinates": [149.31, -31.49]}, "properties": {"marker-color": "#006400", "group": 3712194001, "title": "AgriProve Soil Carbon Project"}}, {"type": "Feature", "id": 1750099987, "geometry": {"type": "Point", "coordinates": [149.31, -31.49]}, "properties": {"marker-color": "#006400", "group": 3712194001, "title": "AgriProve Soil Carbon Project"}}, {"type": "Feature", "id": 3954957854, "geometry": {"type": "Point", "coordinates": [149.31, -31.49]}, "properties": {"marker-color": "#006400", "group": 3712194001, "title": "AgriProve Soil Carbon Project"}}, {"type": "Feature", "id": 2303264498, "geometry": {"type": "Point", "coordinates": [149.31, -31.49]}, "properties": {"marker-color": "#006400", "group": 3712194001, "title": "AgriProve Soil Carbon Project"}}, {"type": "Feature", "id": 3623247305, "geometry": {"type": "Point", "coordinates": [149.31, -31.49]}, "properties": {"marker-color": "#006400", "group": 3712194001, "title": "AgriProve Soil Carbon Project"}}, {"type": "Feature", "id": 2780812730, "geometry": {"type": "Point", "coordinates": [149.31, -31.49]}, "properties": {"marker-color": "#006400", "group": 3712194001, "title": "AgriProve Soil Carbon Project"}}, {"type": "Feature", "id": 1552169304, "geometry": {"type": "Point", "coordinates": [152.52, -26.29]}, "properties": {"marker-color": "#006400", "group": 3712194001, "title": "AgriProve Soil Carbon Project"}}, {"type": "Feature", "id": 4030417657, "geometry": {"type": "Point", "coordinates": [152.52, -26.29]}, "properties": {"marker-color": "#006400", "group": 3712194001, "title": "AgriProve Soil Carbon Project"}}, {"type": "Feature", "id": 4013808431, "geometry": {"type": "Point", "coordinates": [152.52, -26.26]}, "properties": {"marker-color": "#006400", "group": 3712194001, "title": "AgriProve Soil Carbon Project"}}, {"type": "Feature", "id": 1768450210, "geometry": {"type": "Point", "coordinates": [152.52, -26.26]}, "properties": {"marker-color": "#006400", "group": 3712194001, "title": "AgriProve Soil Carbon Project"}}, {"type": "Feature", "id": 3329408058, "geometry": {"type": "Point", "coordinates": [138.78, -33.31]}, "properties": {"marker-color": "#006400", "group": 3712194001, "title": "AgriProve Soil Carbon Project"}}, {"type": "Feature", "id": 3096880733, "geometry": {"type": "Point", "coordinates": [138.81, -33.32]}, "properties": {"marker-color": "#006400", "group": 3712194001, "title": "AgriProve Soil Carbon Project"}}, {"type": "Feature", "id": 3454043241, "geometry": {"type": "Point", "coordinates": [140.33, -36.09]}, "properties": {"marker-color": "#006400", "group": 3712194001, "title": "AgriProve Soil Carbon Project"}}, {"type": "Feature", "id": 980698692, "geometry": {"type": "Point", "coordinates": [140.33, -36.09]}, "properties": {"marker-color": "#006400", "group": 3712194001, "title": "AgriProve Soil Carbon Project"}}, {"type": "Feature", "id": 1362260360, "geometry": {"type": "Point", "coordinates": [-23.52, 85.05]}, "properties": {"marker-color": "#006400", "group": 3712194001, "title": "AgriProve Soil Carbon Project"}}, {"type": "Feature", "id": 4168841130, "geometry": {"type": "Point", "coordinates": [-23.52, 85.05]}, "properties": {"marker-color": "#006400", "group": 3712194001, "title": "AgriProve Soil Carbon Project"}}, {"type": "Feature", "id": 2949702982, "geometry": {"type": "Point", "coordinates": [-23.52, 85.05]}, "properties": {"marker-color": "#006400", "group": 3712194001, "title": "AgriProve Soil Carbon Project"}}, {"type": "Feature", "id": 3239620420, "geometry": {"type": "Point", "coordinates": [-23.52, 85.05]}, "properties": {"marker-color": "#006400", "group": 3712194001, "title": "AgriProve Soil Carbon Project"}}, {"type": "Feature", "id": 520976902, "geometry": {"type": "Point", "coordinates": [-23.52, 85.05]}, "properties": {"marker-color": "#006400", "group": 3712194001, "title": "AgriProve Soil Carbon Project"}}, {"type": "Feature", "id": 1357119964, "geometry": {"type": "Point", "coordinates": [-23.52, 85.05]}, "properties": {"marker-color": "#006400", "group": 3712194001, "title": "AgriProve Soil Carbon Project"}}, {"type": "Feature", "id": 1031094630, "geometry": {"type": "Point", "coordinates": [-23.52, 85.05]}, "properties": {"marker-color": "#006400", "group": 3712194001, "title": "AgriProve Soil Carbon Project"}}, {"type": "Feature", "id": 3390404374, "geometry": {"type": "Point", "coordinates": [-23.52, 85.05]}, "properties": {"marker-color": "#006400", "group": 3712194001, "title": "AgriProve Soil Carbon Project"}}, {"type": "Feature", "id": 1848031153, "geometry": {"type": "Point", "coordinates": [-23.52, 85.05]}, "properties": {"marker-color": "#006400", "group": 3712194001, "title": "AgriProve Soil Carbon Project"}}, {"type": "Feature", "id": 2092820773, "geometry": {"type": "Point", "coordinates": [-23.52, 85.05]}, "properties": {"marker-color": "#006400", "group": 3712194001, "title": "AgriProve Soil Carbon Project"}}, {"type": "Feature", "id": 3939348206, "geometry": {"type": "Point", "coordinates": [-23.52, 85.05]}, "properties": {"marker-color": "#006400", "group": 3712194001, "title": "AgriProve Soil Carbon Project"}}, {"type": "Feature", "id": 3068642890, "geometry": {"type": "Point", "coordinates": [-23.52, 85.05]}, "properties": {"marker-color": "#006400", "group": 3712194001, "title": "AgriProve Soil Carbon Project"}}, {"type": "Feature", "id": 2678536742, "geometry": {"type": "Point", "coordinates": [-23.52, 85.05]}, "properties": {"marker-color": "#006400", "group": 3712194001, "title": "AgriProve Soil Carbon Project"}}, {"type": "Feature", "id": 629365241, "geometry": {"type": "Point", "coordinates": [-23.52, 85.05]}, "properties": {"marker-color": "#006400", "group": 3712194001, "title": "AgriProve Soil Carbon Project"}}, {"type": "Feature", "id": 2001503183, "geometry": {"type": "Point", "coordinates": [-23.52, 85.05]}, "properties": {"marker-color": "#006400", "group": 3712194001, "title": "AgriProve Soil Carbon Project"}}, {"type": "Feature", "id": 1832769853, "geometry": {"type": "Point", "coordinates": [-24.14, 85.05]}, "properties": {"marker-color": "#006400", "group": 3712194001, "title": "AgriProve Soil Carbon Project"}}, {"type": "Feature", "id": 4286589961, "geometry": {"type": "Point", "coordinates": [-24.14, 85.05]}, "properties": {"marker-color": "#006400", "group": 3712194001, "title": "AgriProve Soil Carbon Project"}}, {"type": "Feature", "id": 2161797746, "geometry": {"type": "Point", "coordinates": [-24.14, 85.05]}, "properties": {"marker-color": "#006400", "group": 3712194001, "title": "AgriProve Soil Carbon Project"}}, {"type": "Feature", "id": 2102835778, "geometry": {"type": "Point", "coordinates": [-24.14, 85.05]}, "properties": {"marker-color": "#006400", "group": 3712194001, "title": "AgriProve Soil Carbon Project"}}, {"type": "Feature", "id": 663843710, "geometry": {"type": "Point", "coordinates": [-24.14, 85.05]}, "properties": {"marker-color": "#006400", "group": 3712194001, "title": "AgriProve Soil Carbon Project"}}, {"type": "Feature", "id": 1464539726, "geometry": {"type": "Point", "coordinates": [-24.14, 85.05]}, "properties": {"marker-color": "#006400", "group": 3712194001, "title": "AgriProve Soil Carbon Project"}}, {"type": "Feature", "id": 1592457749, "geometry": {"type": "Point", "coordinates": [-24.14, 85.05]}, "properties": {"marker-color": "#006400", "group": 3712194001, "title": "AgriProve Soil Carbon Project"}}, {"type": "Feature", "id": 396859133, "geometry": {"type": "Point", "coordinates": [-24.14, 85.05]}, "properties": {"marker-color": "#006400", "group": 3712194001, "title": "AgriProve Soil Carbon Project"}}, {"type": "Feature", "id": 2386699286, "geometry": {"type": "Point", "coordinates": [-24.14, 85.05]}, "properties": {"marker-color": "#006400", "group": 3712194001, "title": "AgriProve Soil Carbon Project"}}, {"type": "Feature", "id": 4255330841, "geometry": {"type": "Point", "coordinates": [-24.14, 85.05]}, "properties": {"marker-color": "#006400", "group": 3712194001, "title": "AgriProve Soil Carbon Project"}}, {"type": "Feature", "id": 1462860884, "geometry": {"type": "Point", "coordinates": [-24.14, 85.05]}, "properties": {"marker-color": "#006400", "group": 3712194001, "title": "AgriProve Soil Carbon Project"}}, {"type": "Feature", "id": 3260101928, "geometry": {"type": "Point", "coordinates": [-24.14, 85.05]}, "properties": {"marker-color": "#006400", "group": 3712194001, "title": "AgriProve Soil Carbon Project"}}, {"type": "Feature", "id": 4271133350, "geometry": {"type": "Point", "coordinates": [-24.14, 85.05]}, "properties": {"marker-color": "#006400", "group": 3712194001, "title": "AgriProve Soil Carbon Project"}}, {"type": "Feature", "id": 1548529810, "geometry": {"type": "Point", "coordinates": [-24.14, 85.05]}, "properties": {"marker-color": "#006400", "group": 3712194001, "title": "AgriProve Soil Carbon Project"}}, {"type": "Feature", "id": 335616649, "geometry": {"type": "Point", "coordinates": [-24.14, 85.05]}, "properties": {"marker-color": "#006400", "group": 3712194001, "title": "AgriProve Soil Carbon Project"}}, {"type": "Feature", "id": 1704195580, "geometry": {"type": "Point", "coordinates": [-24.14, 85.05]}, "properties": {"marker-color": "#006400", "group": 3712194001, "title": "AgriProve Soil Carbon Project"}}, {"type": "Feature", "id": 1652059438, "geometry": {"type": "Point", "coordinates": [-24.14, 85.05]}, "properties": {"marker-color": "#006400", "group": 3712194001, "title": "AgriProve Soil Carbon Project"}}, {"type": "Feature", "id": 2406350959, "geometry": {"type": "Point", "coordinates": [-24.14, 85.05]}, "properties": {"marker-color": "#006400", "group": 3712194001, "title": "AgriProve Soil Carbon Project"}}, {"type": "Feature", "id": 3992149578, "geometry": {"type": "Point", "coordinates": [118.31, -30.71]}, "properties": {"marker-color": "#006400", "group": 3712194001, "title": "AgriProve Soil Carbon Project"}}, {"type": "Feature", "id": 2976151445, "geometry": {"type": "Point", "coordinates": [118.34, -30.69]}, "properties": {"marker-color": "#006400", "group": 3712194001, "title": "AgriProve Soil Carbon Project"}}, {"type": "Feature", "id": 1587133949, "geometry": {"type": "Point", "coordinates": [140.59, -34.81]}, "properties": {"marker-color": "#006400", "group": 3712194001, "title": "AgriProve Soil Carbon Project"}}, {"type": "Feature", "id": 1789564124, "geometry": {"type": "Point", "coordinates": [140.67, -34.84]}, "properties": {"marker-color": "#006400", "group": 3712194001, "title": "AgriProve Soil Carbon Project"}}, {"type": "Feature", "id": 3086855970, "geometry": {"type": "Point", "coordinates": [140.64, -34.85]}, "properties": {"marker-color": "#006400", "group": 3712194001, "title": "AgriProve Soil Carbon Project"}}, {"type": "Feature", "id": 3017785468, "geometry": {"type": "Point", "coordinates": [140.66, -34.85]}, "properties": {"marker-color": "#006400", "group": 3712194001, "title": "AgriProve Soil Carbon Project"}}, {"type": "Feature", "id": 600150421, "geometry": {"type": "Point", "coordinates": [140.65, -34.86]}, "properties": {"marker-color": "#006400", "group": 3712194001, "title": "AgriProve Soil Carbon Project"}}, {"type": "Feature", "id": 4095983741, "geometry": {"type": "Point", "coordinates": [140.62, -34.81]}, "properties": {"marker-color": "#006400", "group": 3712194001, "title": "AgriProve Soil Carbon Project"}}, {"type": "Feature", "id": 1686608943, "geometry": {"type": "Point", "coordinates": [140.63, -34.8]}, "properties": {"marker-color": "#006400", "group": 3712194001, "title": "AgriProve Soil Carbon Project"}}, {"type": "Feature", "id": 1886390023, "geometry": {"type": "Point", "coordinates": [140.67, -34.8]}, "properties": {"marker-color": "#006400", "group": 3712194001, "title": "AgriProve Soil Carbon Project"}}, {"type": "Feature", "id": 3635589829, "geometry": {"type": "Point", "coordinates": [140.67, -34.81]}, "properties": {"marker-color": "#006400", "group": 3712194001, "title": "AgriProve Soil Carbon Project"}}, {"type": "Feature", "id": 53635798, "geometry": {"type": "Point", "coordinates": [140.59, -34.84]}, "properties": {"marker-color": "#006400", "group": 3712194001, "title": "AgriProve Soil Carbon Project"}}, {"type": "Feature", "id": 1838595960, "geometry": {"type": "Point", "coordinates": [140.61, -34.83]}, "properties": {"marker-color": "#006400", "group": 3712194001, "title": "AgriProve Soil Carbon Project"}}, {"type": "Feature", "id": 198535352, "geometry": {"type": "Point", "coordinates": [140.61, -34.85]}, "properties": {"marker-color": "#006400", "group": 3712194001, "title": "AgriProve Soil Carbon Project"}}, {"type": "Feature", "id": 627671854, "geometry": {"type": "Point", "coordinates": [140.64, -34.83]}, "properties": {"marker-color": "#006400", "group": 3712194001, "title": "AgriProve Soil Carbon Project"}}, {"type": "Feature", "id": 3646220076, "geometry": {"type": "Point", "coordinates": [135.7, -33.6]}, "properties": {"marker-color": "#006400", "group": 3712194001, "title": "AgriProve Soil Carbon Project"}}, {"type": "Feature", "id": 850607701, "geometry": {"type": "Point", "coordinates": [135.55, -33.54]}, "properties": {"marker-color": "#006400", "group": 3712194001, "title": "AgriProve Soil Carbon Project"}}, {"type": "Feature", "id": 281105753, "geometry": {"type": "Point", "coordinates": [135.56, -33.53]}, "properties": {"marker-color": "#006400", "group": 3712194001, "title": "AgriProve Soil Carbon Project"}}, {"type": "Feature", "id": 709709796, "geometry": {"type": "Point", "coordinates": [135.57, -33.53]}, "properties": {"marker-color": "#006400", "group": 3712194001, "title": "AgriProve Soil Carbon Project"}}, {"type": "Feature", "id": 1038578745, "geometry": {"type": "Point", "coordinates": [135.69, -33.61]}, "properties": {"marker-color": "#006400", "group": 3712194001, "title": "AgriProve Soil Carbon Project"}}, {"type": "Feature", "id": 2238352175, "geometry": {"type": "Point", "coordinates": [135.7, -33.61]}, "properties": {"marker-color": "#006400", "group": 3712194001, "title": "AgriProve Soil Carbon Project"}}, {"type": "Feature", "id": 1598771502, "geometry": {"type": "Point", "coordinates": [135.68, -33.62]}, "properties": {"marker-color": "#006400", "group": 3712194001, "title": "AgriProve Soil Carbon Project"}}, {"type": "Feature", "id": 2460392075, "geometry": {"type": "Point", "coordinates": [135.68, -33.63]}, "properties": {"marker-color": "#006400", "group": 3712194001, "title": "AgriProve Soil Carbon Project"}}, {"type": "Feature", "id": 2376852242, "geometry": {"type": "Point", "coordinates": [135.7, -33.62]}, "properties": {"marker-color": "#006400", "group": 3712194001, "title": "AgriProve Soil Carbon Project"}}, {"type": "Feature", "id": 1765876277, "geometry": {"type": "Point", "coordinates": [135.73, -33.65]}, "properties": {"marker-color": "#006400", "group": 3712194001, "title": "AgriProve Soil Carbon Project"}}, {"type": "Feature", "id": 3168424556, "geometry": {"type": "Point", "coordinates": [135.72, -33.66]}, "properties": {"marker-color": "#006400", "group": 3712194001, "title": "AgriProve Soil Carbon Project"}}, {"type": "Feature", "id": 3823243589, "geometry": {"type": "Point", "coordinates": [135.74, -33.65]}, "properties": {"marker-color": "#006400", "group": 3712194001, "title": "AgriProve Soil Carbon Project"}}, {"type": "Feature", "id": 2378092739, "geometry": {"type": "Point", "coordinates": [140, -34.41]}, "properties": {"marker-color": "#006400", "group": 3712194001, "title": "AgriProve Soil Carbon Project"}}, {"type": "Feature", "id": 1695993729, "geometry": {"type": "Point", "coordinates": [140, -34.41]}, "properties": {"marker-color": "#006400", "group": 3712194001, "title": "AgriProve Soil Carbon Project"}}, {"type": "Feature", "id": 1100673707, "geometry": {"type": "Point", "coordinates": [117.85, -33.3]}, "properties": {"marker-color": "#006400", "group": 3712194001, "title": "AgriProve Soil Carbon Project"}}, {"type": "Feature", "id": 3774645118, "geometry": {"type": "Point", "coordinates": [117.99, -33.35]}, "properties": {"marker-color": "#006400", "group": 3712194001, "title": "AgriProve Soil Carbon Project"}}, {"type": "Feature", "id": 1548074292, "geometry": {"type": "Point", "coordinates": [118.02, -33.34]}, "properties": {"marker-color": "#006400", "group": 3712194001, "title": "AgriProve Soil Carbon Project"}}, {"type": "Feature", "id": 2513008828, "geometry": {"type": "Point", "coordinates": [117.92, -33.33]}, "properties": {"marker-color": "#006400", "group": 3712194001, "title": "AgriProve Soil Carbon Project"}}, {"type": "Feature", "id": 1001753593, "geometry": {"type": "Point", "coordinates": [151.29, -28.25]}, "properties": {"marker-color": "#006400", "group": 3712194001, "title": "AgriProve Soil Carbon Project"}}], "groups": [{"title": "ACCUs Issued", "id": 1467231603}, {"title": "Measured increases in soil carbon", "id": 1586608709}, {"title": "Soil Carbon Projects", "id": 3712194001}], "markers": [], "properties": {"simplify": 12}}