{"type": "FeatureCollection", "features": [{"type": "Feature", "properties": {}, "geometry": {"type": "MultiPolygon", "coordinates": [[[[147.71020206184375, -35.92787714466254], [147.70996157551562, -35.92787714466254], [147.70996157551562, -35.9278370497291], [147.70992149446093, -35.9278370497291], [147.70992149446093, -35.927827919215304], [147.71107900304025, -35.927827919215304], [147.71107900304025, -35.92755241205799], [147.71190537216776, -35.92755241205799], [147.71190537216776, -35.927827919215304], [147.71297632826364, -35.927827919215304], [147.7129762176359, -35.927832897806994], [147.71297698541514, -35.927840284907354], [147.71297867769957, -35.9278475703684], [147.71298127691318, -35.92785467852365], [147.71298475606065, -35.927861535548146], [147.71298907900768, -35.92786807022513], [147.71299420085634, -35.927874214685815], [147.71300006841122, -35.92787990511416], [147.7130066207322, -35.927885082409674], [147.71301378976707, -35.92788969280128], [147.7130215010585, -35.927893688405725], [147.7130296745174, -35.92789702772491], [147.71311066667448, -35.92792602489252], [147.71314415887275, -35.92793802208783], [147.71315289410026, -35.927940720343535], [147.7131619283465, -35.92794266882015], [147.71317116375633, -35.92794384641264], [147.71318050029566, -35.92794424036585], [147.71328150029566, -35.927944240365875], [147.71329037050015, -35.927943884877905], [147.7132991540073, -35.92794282188852], [147.71330776496708, -35.92794106178733], [147.7133161192161, -35.92793862177752], [147.7133241350999, -35.92793552570768], [147.71333173427126, -35.92793180383871], [147.71333884245595, -35.927927492548065], [147.71334539017855, -35.927922633974184], [147.71335131344162, -35.92791727560465], [147.7134108134415, -35.92785777563914], [147.71341594384228, -35.92785210557276], [147.71342037445046, -35.92784606100473], [147.71342406389473, -35.92783969837671], [147.71342697772468, -35.92783307710028], [147.71342857469983, -35.927827919215304], [147.71383356679863, -35.927827919215304], [147.71383356679863, -35.92755241205799], [147.71461097785937, -35.92755241205799], [147.71461097785937, -35.92755638519505], [147.71457089680467, -35.92755638519505], [147.71457089680467, -35.92759648012848], [147.71445065364063, -35.92759648012848], [147.71445065364063, -35.92763657506192], [147.71441057258593, -35.92763657506192], [147.71441057258593, -35.92771676492879], [147.71433041047655, -35.92771676492879], [147.71433041047655, -35.9278370497291], [147.71445065364063, -35.9278370497291], [147.71445065364063, -35.92787714466254], [147.71457089680467, -35.92787714466254], [147.71457089680467, -35.92791723959597], [147.71469113996875, -35.92791723959597], [147.71469113996875, -35.92795733452941], [147.71477130207813, -35.92795733452941], [147.71477130207813, -35.92799742946285], [147.71478086144526, -35.92799742946285], [147.714641055, -35.928660298], [147.712767668, -35.928421139], [147.712503222, -35.928025029], [147.711415849, -35.927790352], [147.710533633, -35.927993386], [147.71024214289844, -35.92796906309768], [147.71024214289844, -35.92791723959597], [147.71020206184375, -35.92791723959597], [147.71020206184375, -35.92787714466254]]], [[[147.7093603596953, -35.92763657506192], [147.7093603596953, -35.92759648012848], [147.70932027864063, -35.92759648012848], [147.70932027864063, -35.92755241205799], [147.70970172116105, -35.92755241205799], [147.70970172116105, -35.927827919215304], [147.7097611702422, -35.927827919215304], [147.7097611702422, -35.9278370497291], [147.70960084602345, -35.9278370497291], [147.70960084602345, -35.92787714466254], [147.7095659913382, -35.92787714466254], [147.70952068391406, -35.92786019159204], [147.70952068391406, -35.9278370497291], [147.70948060285937, -35.9278370497291], [147.70948060285937, -35.92767666999536], [147.70940044075, -35.92767666999536], [147.70940044075, -35.92763657506192], [147.7093603596953, -35.92763657506192]]], [[[147.70807776594532, -35.927315815594426], [147.70807776594532, -35.927355910527865], [147.70795752278124, -35.927355910527865], [147.70795752278124, -35.92740049260922], [147.707448855, -35.927586386], [147.70737545253388, -35.92759648012848], [147.70703565852344, -35.92759648012848], [147.70703565852344, -35.92763657506192], [147.70699557746875, -35.92763657506192], [147.70699557746875, -35.92764871962281], [147.70675509114062, -35.9276817907173], [147.70675509114062, -35.92767666999536], [147.70671501008593, -35.92767666999536], [147.70671501008593, -35.92768730256638], [147.706193956375, -35.92775895660445], [147.706193956375, -35.92775685986223], [147.70619197803984, -35.92775685986223], [147.70623603441734, -35.92755241205799], [147.70694715740265, -35.92755241205799], [147.70694715740265, -35.927276903940715], [147.7087992249297, -35.927276903940715], [147.7087992249297, -35.927315815594426], [147.708759143875, -35.927315815594426], [147.708759143875, -35.927355910527865], [147.70863890071092, -35.927355910527865], [147.70863890071092, -35.927436100394736], [147.70859881965626, -35.927436100394736], [147.70859881965626, -35.92751524967464], [147.70819800910937, -35.92736527492794], [147.70819800910937, -35.927355910527865], [147.70817298256057, -35.927355910527865], [147.7081268, -35.92733863], [147.70811784699998, -35.92734190188706], [147.70811784699998, -35.927315815594426], [147.70807776594532, -35.927315815594426]]], [[[147.706396244651, -35.927276903940715], [147.70629540355395, -35.927276903940715], [147.70637341891236, -35.92691486626006], [147.706396244651, -35.92691486626006], [147.706396244651, -35.927276903940715]]], [[[147.70695549641405, -35.92587239799071], [147.70719598274218, -35.92587239799071], [147.70719598274218, -35.92583230305728], [147.70723606379687, -35.92583230305728], [147.70723606379687, -35.92579220812384], [147.70763687434373, -35.92579220812384], [147.70763687434373, -35.92583230305728], [147.7077571175078, -35.92583230305728], [147.7077571175078, -35.92587239799071], [147.7078372796172, -35.92587239799071], [147.7078372796172, -35.92591249292415], [147.70819800910937, -35.92591249292415], [147.70819800910937, -35.92587239799071], [147.70823809016406, -35.92587239799071], [147.70823809016406, -35.92579220812384], [147.70827817121875, -35.92579220812384], [147.70827817121875, -35.9257521131904], [147.7083984143828, -35.9257521131904], [147.7083984143828, -35.92567192332353], [147.7084384954375, -35.92567192332353], [147.7084384954375, -35.925623835078234], [147.7085998956577, -35.925623835078234], [147.7085998956577, -35.92589934895517], [147.70832443928185, -35.92589934895517], [147.70832443928185, -35.92595258785758], [147.70827817121875, -35.92595258785758], [147.70827817121875, -35.92599268279102], [147.70823809016406, -35.92599268279102], [147.70823809016406, -35.92603277772446], [147.70827817121875, -35.92603277772446], [147.70827817121875, -35.92611296759133], [147.70832443928185, -35.92611296759133], [147.70832443928185, -35.92617486187217], [147.7077735265302, -35.92617486187217], [147.7077735265302, -35.92645037382922], [147.70694715740265, -35.92645037382922], [147.70694715740265, -35.92672588482633], [147.7065146048125, -35.92672588482633], [147.7065146048125, -35.92667429665944], [147.7064745237578, -35.92667429665944], [147.7064745237578, -35.926634201726], [147.7064344427031, -35.926634201726], [147.7064344427031, -35.926631679563116], [147.7066067000342, -35.92583230305728], [147.70663484797655, -35.92583230305728], [147.70663484797655, -35.92587239799071], [147.70667492903124, -35.92587239799071], [147.70667492903124, -35.92591249292415], [147.70695549641405, -35.92591249292415], [147.70695549641405, -35.92587239799071]]], [[[147.71025263391275, -35.92479728768787], [147.71025263391275, -35.924749739854484], [147.71032230500782, -35.924749739854484], [147.71032230500782, -35.92478983478792], [147.71056279133595, -35.92478983478792], [147.71056279133595, -35.92491011958823], [147.7106830345, -35.92491011958823], [147.7106830345, -35.92495021452167], [147.71092352082812, -35.92495021452167], [147.71092352082812, -35.924990309455104], [147.7110437639922, -35.924990309455104], [147.7110437639922, -35.92507049932198], [147.71140449348437, -35.92507049932198], [147.71140449348437, -35.925030404388544], [147.71148465559375, -35.925030404388544], [147.71148465559375, -35.924990309455104], [147.7116048987578, -35.924990309455104], [147.7116048987578, -35.925030404388544], [147.71188546614061, -35.925030404388544], [147.71188546614061, -35.924990309455104], [147.7120057093047, -35.924990309455104], [147.7120057093047, -35.925030404388544], [147.71204579035938, -35.925030404388544], [147.71204579035938, -35.924990309455104], [147.71216603352343, -35.924990309455104], [147.71216603352343, -35.92507049932198], [147.71220611457812, -35.92507049932198], [147.71220611457812, -35.925270973989164], [147.7122862766875, -35.925270973989164], [147.7122862766875, -35.925311068922596], [147.71232635774217, -35.925311068922596], [147.71232635774217, -35.92534832024138], [147.71080354666438, -35.92534832024138], [147.71080354666438, -35.925623835078234], [147.7099771775369, -35.925623835078234], [147.7099771775369, -35.92589934895517], [147.7094262647852, -35.92589934895517], [147.7094262647852, -35.92534832024138], [147.70970172116105, -35.92534832024138], [147.70970172116105, -35.925110594255415], [147.70984133235157, -35.925110594255415], [147.70984133235157, -35.925150689188854], [147.70988141340624, -35.925150689188854], [147.70988141340624, -35.925190784122286], [147.710041737625, -35.925190784122286], [147.710041737625, -35.925150689188854], [147.71012189973436, -35.925150689188854], [147.71012189973436, -35.925030404388544], [147.710041737625, -35.925030404388544], [147.710041737625, -35.924990309455104], [147.7100016565703, -35.924990309455104], [147.7100016565703, -35.92495021452167], [147.70996157551562, -35.92495021452167], [147.70996157551562, -35.92491011958823], [147.7097611702422, -35.92491011958823], [147.7097611702422, -35.92495021452167], [147.70970172116105, -35.92495021452167], [147.70970172116105, -35.92479728768787], [147.71025263391275, -35.92479728768787]], [[147.711324331375, -35.925190784122286], [147.711324331375, -35.925150689188854], [147.71128425032032, -35.925150689188854], [147.71128425032032, -35.925190784122286], [147.71120408821093, -35.925190784122286], [147.71120408821093, -35.925230879055725], [147.71128425032032, -35.925230879055725], [147.71128425032032, -35.925270973989164], [147.711324331375, -35.925270973989164], [147.711324331375, -35.925230879055725], [147.71140449348437, -35.925230879055725], [147.71140449348437, -35.925190784122286], [147.711324331375, -35.925190784122286]]], [[[147.7141700862578, -35.925270973989164], [147.7142101673125, -35.925270973989164], [147.7142101673125, -35.925311068922596], [147.7142502483672, -35.925311068922596], [147.7142502483672, -35.92534832024138], [147.7141700862578, -35.92534832024138], [147.7141700862578, -35.925270973989164]]], [[[147.7007429329375, -35.92434879052012], [147.7007285515094, -35.92434879052012], [147.7008257083727, -35.92406812598607], [147.70086317610156, -35.92406812598607], [147.70086317610156, -35.92422850571981], [147.70078301399218, -35.92422850571981], [147.70078301399218, -35.92430869558669], [147.7007429329375, -35.92430869558669], [147.7007429329375, -35.92434879052012]]], [[[147.70867898176562, -35.923715210540784], [147.70867898176562, -35.923747366518576], [147.70871805941286, -35.923747366518576], [147.7087190628203, -35.92374819219642], [147.7087190628203, -35.92382755638545], [147.70881551038607, -35.92382755638545], [147.70883930598438, -35.923847137163314], [147.70883930598438, -35.923867651318886], [147.7088642358727, -35.923867651318886], [147.70887938703905, -35.92388011881892], [147.70887938703905, -35.92394784118576], [147.70895954914843, -35.92394784118576], [147.70895954914843, -35.92402803105263], [147.70903971125782, -35.92402803105263], [147.70903971125782, -35.92406812598607], [147.70910786330575, -35.92406812598607], [147.709232829, -35.924170957], [147.7092673405453, -35.9241082209195], [147.70960084602345, -35.9241082209195], [147.70960084602345, -35.92414831585294], [147.7096810081328, -35.92414831585294], [147.7096810081328, -35.92418841078638], [147.70970172116105, -35.92418841078638], [147.70970172116105, -35.92424625129466], [147.70887535203354, -35.92424625129466], [147.70887535203354, -35.92397073165819], [147.7083984143828, -35.92397073165819], [147.7083984143828, -35.92378746145201], [147.70832443928185, -35.92378746145201], [147.70832443928185, -35.92369521106179], [147.70831825227344, -35.92369521106179], [147.70831825227344, -35.923627081718266], [147.70827817121875, -35.923627081718266], [147.70827817121875, -35.92358698678483], [147.70804898290604, -35.92358698678483], [147.70804898290604, -35.92341968950547], [147.70749807015434, -35.92341968950547], [147.70749807015434, -35.92369521106179], [147.7072226137785, -35.92369521106179], [147.7072226137785, -35.92397073165819], [147.7073963880156, -35.92397073165819], [147.7073963880156, -35.92398793611919], [147.7074364690703, -35.92398793611919], [147.7074364690703, -35.92402803105263], [147.70749807015434, -35.92402803105263], [147.70749807015434, -35.92479728768787], [147.7072226137785, -35.92479728768787], [147.7072226137785, -35.92507280444459], [147.70694715740265, -35.92507280444459], [147.70694715740265, -35.925230879055725], [147.70691541535936, -35.925230879055725], [147.70691541535936, -35.925190784122286], [147.70683525325, -35.925190784122286], [147.70683525325, -35.925150689188854], [147.70675358074052, -35.925150689188854], [147.707306314, -35.922585678], [147.70855873860157, -35.92361626557391], [147.70855873860157, -35.9236671766517], [147.70859881965626, -35.9236671766517], [147.70859881965626, -35.92370727158514], [147.70866933392625, -35.92370727158514], [147.70867898176562, -35.923715210540784]], [[147.70759679328907, -35.923145942517024], [147.70759679328907, -35.92306575265015], [147.7074364690703, -35.92306575265015], [147.7074364690703, -35.923145942517024], [147.7073963880156, -35.923145942517024], [147.7073963880156, -35.923266227317335], [147.7074364690703, -35.923266227317335], [147.7074364690703, -35.923306322250774], [147.70759679328907, -35.923306322250774], [147.70759679328907, -35.923266227317335], [147.70767695539843, -35.923266227317335], [147.70767695539843, -35.923145942517024], [147.70759679328907, -35.923145942517024]]], [[[147.7010235003203, -35.922905372916404], [147.70078301399218, -35.922905372916404], [147.70078301399218, -35.92294546784984], [147.7007429329375, -35.92294546784984], [147.7007429329375, -35.92306575265015], [147.7010235003203, -35.92306575265015], [147.7010235003203, -35.923025657716714], [147.70114374348438, -35.923025657716714], [147.70114374348438, -35.92298556278328], [147.7013441487578, -35.92298556278328], [147.7013441487578, -35.923025657716714], [147.701447257438, -35.923025657716714], [147.701247719, -35.923066048], [147.700880806, -35.923124475], [147.70062268977344, -35.9232174522168], [147.70062268977344, -35.923145942517024], [147.70066277082813, -35.923145942517024], [147.70066277082813, -35.92306575265015], [147.70050244660936, -35.92306575265015], [147.70050244660936, -35.92310584758359], [147.7004222845, -35.92310584758359], [147.7004222845, -35.923145942517024], [147.70038220344532, -35.923145942517024], [147.70038220344532, -35.92318603745046], [147.70034212239062, -35.92318603745046], [147.70034212239062, -35.923306322250774], [147.70030204133593, -35.923306322250774], [147.70030204133593, -35.923386512117645], [147.70022187922655, -35.923386512117645], [147.70022187922655, -35.923426607051084], [147.70018179817188, -35.923426607051084], [147.70018179817188, -35.92358698678483], [147.70026196028124, -35.92358698678483], [147.70026196028124, -35.923627081718266], [147.70030204133593, -35.923627081718266], [147.70030204133593, -35.9236671766517], [147.70040489948644, -35.9236671766517], [147.700584464, -35.923977712], [147.70052456784498, -35.92442898038699], [147.70034212239062, -35.92442898038699], [147.70034212239062, -35.92446907532043], [147.70030204133593, -35.92446907532043], [147.70030204133593, -35.9245492651873], [147.70034212239062, -35.9245492651873], [147.70034212239062, -35.92462945505418], [147.70038220344532, -35.92462945505418], [147.70038220344532, -35.92466954998761], [147.7004222845, -35.92466954998761], [147.7004222845, -35.92470964492105], [147.70038220344532, -35.92470964492105], [147.70038220344532, -35.924749739854484], [147.70030204133593, -35.924749739854484], [147.70030204133593, -35.92482992972136], [147.70026196028124, -35.92482992972136], [147.70026196028124, -35.924870024654794], [147.70018179817188, -35.924870024654794], [147.70018179817188, -35.92495021452167], [147.7001417171172, -35.92495021452167], [147.7001417171172, -35.925030404388544], [147.70002147395311, -35.925030404388544], [147.70002147395311, -35.924990309455104], [147.69970082551563, -35.924990309455104], [147.69970082551563, -35.925030404388544], [147.69942025813282, -35.925030404388544], [147.69942025813282, -35.92506065811714], [147.699371227, -35.925062604], [147.69934717291076, -35.92507049932198], [147.69925993391405, -35.92507049932198], [147.69925993391405, -35.925030404388544], [147.6990996096953, -35.925030404388544], [147.6990996096953, -35.92507049932198], [147.69897936653123, -35.92507049932198], [147.69897936653123, -35.925110594255415], [147.69893928547657, -35.925110594255415], [147.69893928547657, -35.925190784122286], [147.69885912336719, -35.925190784122286], [147.69885912336719, -35.925230582331444], [147.69885821845722, -35.925230879055725], [147.69857855598437, -35.925230879055725], [147.69857855598437, -35.925311068922596], [147.6985701393812, -35.925311068922596], [147.698548747, -35.925171561], [147.69833806965624, -35.925192934608965], [147.69833806965624, -35.925190784122286], [147.69825790754686, -35.925190784122286], [147.69825790754686, -35.925150689188854], [147.6982178264922, -35.925150689188854], [147.6982178264922, -35.925030404388544], [147.6981376643828, -35.925030404388544], [147.6981376643828, -35.924990309455104], [147.69805750227343, -35.924990309455104], [147.69805750227343, -35.92495021452167], [147.69795115106035, -35.92495021452167], [147.69792627010614, -35.92478983478792], [147.69805750227343, -35.92478983478792], [147.69805750227343, -35.924749739854484], [147.69809758332812, -35.924749739854484], [147.69809758332812, -35.92462945505418], [147.69801742121874, -35.92462945505418], [147.69801742121874, -35.92458936012074], [147.69797734016407, -35.92458936012074], [147.69797734016407, -35.9245492651873], [147.69788894867483, -35.9245492651873], [147.697857097, -35.924343953], [147.697963247, -35.924404361], [147.69825790754686, -35.92430977292821], [147.69825790754686, -35.92434879052012], [147.6982178264922, -35.92434879052012], [147.6982178264922, -35.92446907532043], [147.69825790754686, -35.92446907532043], [147.69825790754686, -35.9245492651873], [147.69829798860155, -35.9245492651873], [147.69829798860155, -35.92450917025387], [147.69837815071094, -35.92450917025387], [147.69837815071094, -35.92446907532043], [147.69841823176563, -35.92446907532043], [147.69841823176563, -35.92442898038699], [147.69845831282032, -35.92442898038699], [147.69845831282032, -35.92434879052012], [147.69841823176563, -35.92434879052012], [147.69841823176563, -35.92430869558669], [147.69826126367875, -35.92430869558669], [147.698484485, -35.92423704], [147.698547367, -35.923979074], [147.697986806, -35.923872269], [147.698470171, -35.922114423], [147.70342836360155, -35.92191559368768], [147.70342836360155, -35.922065927830886], [147.703358116, -35.922217303], [147.703130189, -35.922458398], [147.70269273502728, -35.92270489824922], [147.70254658039843, -35.92270489824922], [147.70254658039843, -35.92274499318266], [147.70250649934374, -35.92274499318266], [147.70250649934374, -35.922777723422], [147.70248528308443, -35.9227850881161], [147.70246641828905, -35.9227850881161], [147.70246641828905, -35.922791636558266], [147.70229878, -35.922849828], [147.701967355, -35.922937487], [147.70191640320695, -35.92294546784984], [147.70166479719532, -35.92294546784984], [147.70166479719532, -35.922905372916404], [147.7013441487578, -35.922905372916404], [147.7013441487578, -35.92286527798297], [147.7010235003203, -35.92286527798297], [147.7010235003203, -35.922905372916404]], [[147.69897936653123, -35.92446907532043], [147.69897936653123, -35.92442898038699], [147.6987388802031, -35.92442898038699], [147.6987388802031, -35.92446907532043], [147.69869879914845, -35.92446907532043], [147.69869879914845, -35.92466954998761], [147.6987388802031, -35.92466954998761], [147.6987388802031, -35.92470964492105], [147.69897936653123, -35.92470964492105], [147.69897936653123, -35.92466954998761], [147.69901944758593, -35.92466954998761], [147.69901944758593, -35.92446907532043], [147.69897936653123, -35.92446907532043]], [[147.69990123078907, -35.92238413878173], [147.69990123078907, -35.9223440438483], [147.699780987625, -35.9223440438483], [147.699780987625, -35.92238413878173], [147.6997409065703, -35.92238413878173], [147.6997409065703, -35.92250442358204], [147.699780987625, -35.92250442358204], [147.699780987625, -35.92254451851548], [147.69990123078907, -35.92254451851548], [147.69990123078907, -35.92250442358204], [147.69994131184376, -35.92250442358204], [147.69994131184376, -35.92238413878173], [147.69990123078907, -35.92238413878173]], [[147.70022187922655, -35.9223440438483], [147.70022187922655, -35.92230394891486], [147.70018179817188, -35.92230394891486], [147.70018179817188, -35.9223440438483], [147.7001417171172, -35.9223440438483], [147.7001417171172, -35.92238413878173], [147.70018179817188, -35.92238413878173], [147.70018179817188, -35.9224643286486], [147.70022187922655, -35.9224643286486], [147.70022187922655, -35.92238413878173], [147.70030204133593, -35.92238413878173], [147.70030204133593, -35.9223440438483], [147.70022187922655, -35.9223440438483]]], [[[147.70354860676562, -35.92238413878173], [147.70354860676562, -35.9223440438483], [147.703628768875, -35.9223440438483], [147.703628768875, -35.92218366411455], [147.70366884992967, -35.92218366411455], [147.70366884992967, -35.92210347424768], [147.70370893098436, -35.92210347424768], [147.70370893098436, -35.922023284380806], [147.70378909309375, -35.922023284380806], [147.70378909309375, -35.921902999580496], [147.70382917414844, -35.921902999580496], [147.70382917414844, -35.921899521417174], [147.703913219, -35.92189615], [147.704819342, -35.921585047], [147.702138817, -35.92446745], [147.70197662317815, -35.92462945505418], [147.70190528352344, -35.92462945505418], [147.70190528352344, -35.92458936012074], [147.70186520246875, -35.92458936012074], [147.70186520246875, -35.9245492651873], [147.70170487824998, -35.9245492651873], [147.70170487824998, -35.92458936012074], [147.70158463508594, -35.92458936012074], [147.70158463508594, -35.92462945505418], [147.70154455403124, -35.92462945505418], [147.70154455403124, -35.92470964492105], [147.70146439192186, -35.92470964492105], [147.70146439192186, -35.924870024654794], [147.7014243108672, -35.924870024654794], [147.7014243108672, -35.92491011958823], [147.7013441487578, -35.92491011958823], [147.7013441487578, -35.92495021452167], [147.70130406770312, -35.92495021452167], [147.70130406770312, -35.925110594255415], [147.70126398664843, -35.925110594255415], [147.70126398664843, -35.925150689188854], [147.7010235003203, -35.925150689188854], [147.7010235003203, -35.925110594255415], [147.70086317610156, -35.925110594255415], [147.70086317610156, -35.92507049932198], [147.70082309504687, -35.92507049932198], [147.70082309504687, -35.925030404388544], [147.7007429329375, -35.925030404388544], [147.7007429329375, -35.92495021452167], [147.7007028518828, -35.92495021452167], [147.7007028518828, -35.924870024654794], [147.70062268977344, -35.924870024654794], [147.70062268977344, -35.92478983478792], [147.70058260871875, -35.92478983478792], [147.70058260871875, -35.924749739854484], [147.70062268977344, -35.924749739854484], [147.70062268977344, -35.92470964492105], [147.7007429329375, -35.92470964492105], [147.7007429329375, -35.92466954998761], [147.70086317610156, -35.92466954998761], [147.70086317610156, -35.92458936012074], [147.70090325715626, -35.92458936012074], [147.70090325715626, -35.9245492651873], [147.7009834192656, -35.9245492651873], [147.7009834192656, -35.92446907532043], [147.7010235003203, -35.92446907532043], [147.7010235003203, -35.92442898038699], [147.701063581375, -35.92442898038699], [147.701063581375, -35.92418841078638], [147.7010235003203, -35.92418841078638], [147.7010235003203, -35.92406812598607], [147.7009834192656, -35.92406812598607], [147.7009834192656, -35.92402803105263], [147.70090325715626, -35.92402803105263], [147.70090325715626, -35.92398793611919], [147.70086317610156, -35.92398793611919], [147.70086317610156, -35.92378746145201], [147.70078301399218, -35.92378746145201], [147.70078301399218, -35.923747366518576], [147.7007429329375, -35.923747366518576], [147.7007429329375, -35.92370727158514], [147.7007028518828, -35.92370727158514], [147.7007028518828, -35.923627081718266], [147.70065350882803, -35.923627081718266], [147.70062268977344, -35.923552344230096], [147.70062268977344, -35.9235498901538], [147.700902687, -35.923260791], [147.7012516, -35.923238246], [147.701617411, -35.923162008], [147.70190528352344, -35.92310373642631], [147.70190528352344, -35.92310584758359], [147.7020255266875, -35.92310584758359], [147.7020255266875, -35.923145942517024], [147.70206560774218, -35.923145942517024], [147.70206560774218, -35.923266227317335], [147.70222593196092, -35.923266227317335], [147.70222593196092, -35.923226132383896], [147.70254658039843, -35.923226132383896], [147.70254658039843, -35.923306322250774], [147.7026668235625, -35.923306322250774], [147.7026668235625, -35.923226132383896], [147.70290730989063, -35.923226132383896], [147.70290730989063, -35.92318603745046], [147.7029473909453, -35.92318603745046], [147.7029473909453, -35.923145942517024], [147.70302755305468, -35.923145942517024], [147.70302755305468, -35.92306575265015], [147.7029473909453, -35.92306575265015], [147.7029473909453, -35.92294546784984], [147.702987472, -35.92294546784984], [147.702987472, -35.92286527798297], [147.70306763410937, -35.92286527798297], [147.70306763410937, -35.92282518304953], [147.70318787727342, -35.92282518304953], [147.70318787727342, -35.9227850881161], [147.7032279583281, -35.9227850881161], [147.7032279583281, -35.92274499318266], [147.7032680393828, -35.92274499318266], [147.7032680393828, -35.92266480331579], [147.7033482014922, -35.92266480331579], [147.7033482014922, -35.92262470838235], [147.70338828254688, -35.92262470838235], [147.70338828254688, -35.92252725622459], [147.703424574, -35.922505199], [147.70342497574606, -35.92250442358204], [147.70342836360155, -35.92250442358204], [147.70342836360155, -35.92249788461553], [147.7034665223239, -35.92242423371517], [147.70350852571093, -35.92242423371517], [147.70350852571093, -35.92238413878173], [147.70354860676562, -35.92238413878173]]], [[[147.70318787727342, -35.922649058570514], [147.70318787727342, -35.92266480331579], [147.70316197194327, -35.92266480331579], [147.70318787727342, -35.922649058570514]]], [[[147.7032279583281, -35.92262469810133], [147.7032279583281, -35.92262470838235], [147.70322794141242, -35.92262470838235], [147.7032279583281, -35.92262469810133]]], [[[147.7039494173125, -35.921582240113004], [147.7039494173125, -35.921562450095664], [147.704075467, -35.921441399], [147.70397344, -35.920961154], [147.70435873, -35.920482414], [147.704631271, -35.920330851], [147.704930363, -35.919985532], [147.704945091, -35.919517998], [147.70491136262498, -35.919442286069525], [147.70491136262498, -35.91929682890712], [147.70487128157032, -35.91929682890712], [147.70487128157032, -35.91909635423993], [147.70491136262498, -35.91909635423993], [147.70491136262498, -35.91897606943963], [147.70495144367968, -35.91897606943963], [147.70495144367968, -35.91889194268799], [147.707010533, -35.919146199], [147.706878171, -35.919506004], [147.706665913, -35.919599409], [147.70508828, -35.921295851], [147.703862851, -35.921716584], [147.70382917414844, -35.921717934077144], [147.70382917414844, -35.921677924929774], [147.70392881010122, -35.921582240113004], [147.7039494173125, -35.921582240113004]]], [[[147.6987789612578, -35.921502050246126], [147.6987789612578, -35.921381765445815], [147.69885912336719, -35.921381765445815], [147.69885912336719, -35.92122138571207], [147.6987789612578, -35.92122138571207], [147.6987789612578, -35.921181290778634], [147.6987388802031, -35.921181290778634], [147.6987388802031, -35.92122138571207], [147.69871573197221, -35.92122138571207], [147.69887008416757, -35.92066005664396], [147.69889920442188, -35.92066005664396], [147.69889920442188, -35.9207001515774], [147.69893928547657, -35.9207001515774], [147.69893928547657, -35.92066005664396], [147.69901944758593, -35.92066005664396], [147.69901944758593, -35.92061996171052], [147.69893928547657, -35.92061996171052], [147.69893928547657, -35.92057986677709], [147.69889920442188, -35.92057986677709], [147.69889920442188, -35.92061996171052], [147.6988811093244, -35.92061996171052], [147.69928904012642, -35.91913644917337], [147.69938017707813, -35.91913644917337], [147.69938017707813, -35.91909635423993], [147.69966074446094, -35.91909635423993], [147.69966074446094, -35.91917654410681], [147.69994131184376, -35.91917654410681], [147.69994131184376, -35.91921663904024], [147.70030204133593, -35.91921663904024], [147.70030204133593, -35.91925673397368], [147.7007028518828, -35.91925673397368], [147.7007028518828, -35.91921663904024], [147.7007429329375, -35.91921663904024], [147.7007429329375, -35.91913644917337], [147.70082309504687, -35.91913644917337], [147.70082309504687, -35.91909635423993], [147.70086317610156, -35.91909635423993], [147.70086317610156, -35.91901616437306], [147.70094333821095, -35.91901616437306], [147.70094333821095, -35.91893597450619], [147.7009834192656, -35.91893597450619], [147.7009834192656, -35.91889587957275], [147.7010235003203, -35.91889587957275], [147.7010235003203, -35.91885578463932], [147.7011036624297, -35.91885578463932], [147.7011036624297, -35.91877559477244], [147.70114374348438, -35.91877559477244], [147.70114374348438, -35.91873549983901], [147.70118382453907, -35.91873549983901], [147.70118382453907, -35.91869540490557], [147.70126398664843, -35.91869540490557], [147.70126398664843, -35.91857512010526], [147.70130406770312, -35.91857512010526], [147.70130406770312, -35.91849493023839], [147.7013441487578, -35.91849493023839], [147.7013441487578, -35.91837464543808], [147.7014243108672, -35.91837464543808], [147.7014243108672, -35.91833455050464], [147.70130406770312, -35.91833455050464], [147.70130406770312, -35.91837464543808], [147.70126398664843, -35.91837464543808], [147.70126398664843, -35.91849493023839], [147.70118382453907, -35.91849493023839], [147.70118382453907, -35.91857512010526], [147.70114374348438, -35.91857512010526], [147.70114374348438, -35.9186152150387], [147.7011036624297, -35.9186152150387], [147.7011036624297, -35.91869540490557], [147.7010235003203, -35.91869540490557], [147.7010235003203, -35.91873549983901], [147.7009834192656, -35.91873549983901], [147.7009834192656, -35.91885578463932], [147.70094333821095, -35.91885578463932], [147.70094333821095, -35.91889587957275], [147.70086457062266, -35.91889587957275], [147.701378742, -35.918193669], [147.702072692254, -35.91829445557121], [147.70182512141406, -35.91829445557121], [147.70182512141406, -35.91833455050464], [147.70206560774218, -35.91833455050464], [147.70206560774218, -35.91837464543808], [147.70226601301562, -35.91837464543808], [147.70226601301562, -35.91833455050464], [147.7023060940703, -35.91833455050464], [147.7023060940703, -35.91832835337136], [147.70321354853246, -35.91846013735052], [147.70281531176508, -35.91846013735052], [147.70281531176508, -35.91928675097355], [147.70309076814092, -35.91928675097355], [147.70309076814092, -35.919837821922904], [147.70336622451674, -35.919837821922904], [147.70336622451674, -35.91928675097355], [147.70364168089262, -35.91928675097355], [147.70364168089262, -35.91873567618471], [147.70336622451674, -35.91873567618471], [147.70336622451674, -35.91848230953609], [147.7046307952422, -35.918665955293626], [147.7046307952422, -35.91899181498238], [147.704613918, -35.919033674], [147.7046307952422, -35.91917911125293], [147.7046307952422, -35.91937701877399], [147.70465376138804, -35.91937701877399], [147.70466944, -35.919512127], [147.704669386, -35.920009807], [147.7041899036406, -35.9203841083606], [147.7041899036406, -35.92029920224303], [147.70414982258595, -35.92029920224303], [147.70414982258595, -35.9202591073096], [147.70410974153125, -35.9202591073096], [147.70410974153125, -35.92029920224303], [147.70402957942187, -35.92029920224303], [147.70402957942187, -35.92033929717647], [147.70398949836718, -35.92033929717647], [147.70398949836718, -35.92049967691022], [147.70390933625782, -35.92049967691022], [147.70390933625782, -35.92053977184365], [147.70386925520313, -35.92053977184365], [147.70386925520313, -35.92057986677709], [147.70382917414844, -35.92057986677709], [147.70382917414844, -35.9207001515774], [147.70374901203905, -35.9207001515774], [147.70374901203905, -35.92082043637771], [147.70370893098436, -35.92082043637771], [147.70370893098436, -35.92098081611145], [147.70374901203905, -35.92098081611145], [147.70374901203905, -35.92102091104489], [147.70378855441172, -35.92102091104489], [147.7038051362961, -35.921181290778634], [147.70370893098436, -35.921181290778634], [147.70370893098436, -35.92102091104489], [147.70366884992967, -35.92102091104489], [147.70366884992967, -35.92106100597832], [147.70354860676562, -35.92106100597832], [147.70354860676562, -35.9211411958452], [147.70350852571093, -35.9211411958452], [147.70350852571093, -35.921461955312694], [147.70354860676562, -35.921461955312694], [147.70354860676562, -35.921622335046436], [147.70350852571093, -35.921622335046436], [147.70350852571093, -35.921730794537446], [147.698520656, -35.921930814], [147.69863855587454, -35.921502050246126], [147.69865871809375, -35.921502050246126], [147.69865871809375, -35.921542145179565], [147.6987388802031, -35.921542145179565], [147.6987388802031, -35.921502050246126], [147.6987789612578, -35.921502050246126]], [[147.7020255266875, -35.919417113707425], [147.7020255266875, -35.91937701877399], [147.70182512141406, -35.91937701877399], [147.70182512141406, -35.919417113707425], [147.70174495930468, -35.919417113707425], [147.70174495930468, -35.9194973035743], [147.70170487824998, -35.9194973035743], [147.70170487824998, -35.919537398507735], [147.70166479719532, -35.919537398507735], [147.70166479719532, -35.919617588374614], [147.70158463508594, -35.919617588374614], [147.70158463508594, -35.919657683308046], [147.70154455403124, -35.919657683308046], [147.70154455403124, -35.919697778241485], [147.7014243108672, -35.919697778241485], [147.7014243108672, -35.919737873174924], [147.7013842298125, -35.919737873174924], [147.7013842298125, -35.919898252908666], [147.7014243108672, -35.919898252908666], [147.7014243108672, -35.92001853770898], [147.70150447297655, -35.92001853770898], [147.70150447297655, -35.92009872757585], [147.70154455403124, -35.92009872757585], [147.70154455403124, -35.92013882250929], [147.70182512141406, -35.92013882250929], [147.70182512141406, -35.92017891744272], [147.70186520246875, -35.92017891744272], [147.70186520246875, -35.92033929717647], [147.70190528352344, -35.92033929717647], [147.70190528352344, -35.92029920224303], [147.7019453645781, -35.92029920224303], [147.7019453645781, -35.92037939210991], [147.70210568879688, -35.92037939210991], [147.70210568879688, -35.92029920224303], [147.70214576985157, -35.92029920224303], [147.70214576985157, -35.9202591073096], [147.70222593196092, -35.9202591073096], [147.70222593196092, -35.92001853770898], [147.70214576985157, -35.92001853770898], [147.70214576985157, -35.919898252908666], [147.70218585090623, -35.919898252908666], [147.70218585090623, -35.919777968108356], [147.70226601301562, -35.919777968108356], [147.70226601301562, -35.919737873174924], [147.7023060940703, -35.919737873174924], [147.7023060940703, -35.919697778241485], [147.7023862561797, -35.919697778241485], [147.7023862561797, -35.919657683308046], [147.70242633723439, -35.919657683308046], [147.70242633723439, -35.9194973035743], [147.7023862561797, -35.9194973035743], [147.7023862561797, -35.919457208640864], [147.70218585090623, -35.919457208640864], [147.70218585090623, -35.919417113707425], [147.7020255266875, -35.919417113707425]]], [[[147.707545646, -35.919212273], [147.707155857, -35.919383807], [147.707233154, -35.919173692], [147.707545646, -35.919212273]]], [[[147.70082309504687, -35.91897606943963], [147.70082309504687, -35.91901616437306], [147.70077649589996, -35.91901616437306], [147.70086317610156, -35.91889778408842], [147.70086317610156, -35.91897606943963], [147.70082309504687, -35.91897606943963]]], [[[147.70806555, -35.917693506], [147.70808952, -35.917662168], [147.70811374, -35.917630964], [147.70813823, -35.917599895], [147.708162962, -35.917568951], [147.708187962, -35.917538133], [147.708213214, -35.917507467], [147.708238725, -35.917476927], [147.708264488, -35.91744653], [147.70829051, -35.917416268], [147.708316765, -35.917386149], [147.708343281, -35.917356182], [147.708370047, -35.917326341], [147.708397056, -35.917296661], [147.708424315, -35.917267125], [147.708451817, -35.917237732], [147.70847956, -35.917208492], [147.708507555, -35.917179403], [147.708535782, -35.917150468], [147.708564243, -35.917121684], [147.708592955, -35.917093053], [147.708621899, -35.917064584], [147.708651077, -35.917036267], [147.708680497, -35.917008111], [147.708710141, -35.916980107], [147.708740027, -35.916952283], [147.708770128, -35.916924611], [147.708800462, -35.916897101], [147.708831029, -35.916869761], [147.708861829, -35.916842591], [147.708892845, -35.916815574], [147.708924075, -35.916788726], [147.708955539, -35.916762068], [147.708987226, -35.91673557], [147.709019129, -35.916709243], [147.709051247, -35.916683095], [147.709083589, -35.916657117], [147.709116128, -35.916631319], [147.709148892, -35.916605691], [147.709181861, -35.916580251], [147.709215046, -35.916554991], [147.709248446, -35.916529909], [147.709282043, -35.916505007], [147.709315846, -35.916480294], [147.709349846, -35.916455759], [147.709384053, -35.916431413], [147.709418474, -35.916407255], [147.709453075, -35.916383277], [147.709487883, -35.916359504], [147.709522887, -35.916335902], [147.709558071, -35.916312515], [147.709593469, -35.916289298], [147.709629047, -35.916266279], [147.709664814, -35.916243456], [147.709700777, -35.91622084], [147.70973692, -35.916198404], [147.709773242, -35.916176173], [147.709809752, -35.916154139], [147.709846442, -35.916132303], [147.709883302, -35.916110682], [147.709920359, -35.91608924], [147.709957577, -35.916068014], [147.709994966, -35.916046993], [147.710032534, -35.916026179], [147.710070272, -35.916005552], [147.71010818, -35.91598515], [147.71014625, -35.915964946], [147.71018449, -35.915944956], [147.710222892, -35.915925163], [147.710261455, -35.915905595], [147.710300179, -35.915886233], [147.710339056, -35.915867077], [147.710378094, -35.915848145], [147.710417285, -35.915829419], [147.710456628, -35.915810909], [147.710496132, -35.915792622], [147.710535771, -35.915774542], [147.710575553, -35.915756685], [147.710615487, -35.915739035], [147.710655574, -35.915721609], [147.710695796, -35.915704407], [147.710736152, -35.915687421], [147.710776651, -35.915670658], [147.710817285, -35.915654111], [147.710858053, -35.915637796], [147.710898955, -35.915621697], [147.710939984, -35.91560583], [147.710981127, -35.915590188], [147.711022424, -35.915574752], [147.71106382, -35.915559567], [147.71110535, -35.915544589], [147.711106336, -35.91554406], [147.711134842, -35.915528848], [147.711163598, -35.91551395], [147.711192587, -35.915499356], [147.711221819, -35.915485104], [147.711251293, -35.915471165], [147.711280981, -35.915457557], [147.711310903, -35.915444264], [147.711341031, -35.915431311], [147.711371374, -35.915418689], [147.711401941, -35.9154064], [147.711432679, -35.91539446], [147.711463622, -35.915382851], [147.711494745, -35.915371593], [147.711526056, -35.915360666], [147.710630537, -35.916291674], [147.7105247353888, -35.916440370352774], [147.7104952343687, -35.91646936937268], [147.71049249843557, -35.91647235794012], [147.7101464984356, -35.91689375804743], [147.71014532066854, -35.91689527194722], [147.7095651817609, -35.91768330828121], [147.70934564154817, -35.91789111212721], [147.70909686807133, -35.91810877652329], [147.70861830006044, -35.918520363137176], [147.7086151178501, -35.91852342054702], [147.70832941785005, -35.91883072063202], [147.70832930363784, -35.91883084402236], [147.7081932805927, -35.91897844856634], [147.708062706, -35.91909523], [147.707871191, -35.91906901], [147.70729773, -35.918998159], [147.707700132, -35.91824272], [147.707718365, -35.91821139], [147.707738032, -35.91817817], [147.707757968, -35.918145066], [147.707778183, -35.918112061], [147.707798665, -35.918079163], [147.707819426, -35.91804639], [147.707840455, -35.918013708], [147.707861754, -35.91798116], [147.70788333, -35.917948719], [147.707905175, -35.917916404], [147.707927298, -35.917884187], [147.707949673, -35.917852105], [147.707972316, -35.91782014], [147.707995228, -35.917788291], [147.708018408, -35.917756576], [147.708041849, -35.917724978], [147.70806555, -35.917693506]]], [[[147.70859881965626, -35.91476610142879], [147.70867898176562, -35.91476610142879], [147.70867898176562, -35.91472600649536], [147.708759143875, -35.91472600649536], [147.708759143875, -35.91476610142879], [147.7087992249297, -35.91476610142879], [147.7087992249297, -35.91484629129566], [147.70887938703905, -35.91484629129566], [147.70887938703905, -35.9148863862291], [147.70891946809374, -35.9148863862291], [147.70891946809374, -35.91484629129566], [147.70895954914843, -35.91484629129566], [147.70895954914843, -35.91472600649536], [147.70903971125782, -35.91472600649536], [147.70903971125782, -35.91468591156192], [147.70920003547656, -35.91468591156192], [147.70920003547656, -35.91472600649536], [147.7093603596953, -35.91472600649536], [147.7093603596953, -35.91464581662848], [147.70940044075, -35.91464581662848], [147.70940044075, -35.91460572169505], [147.7097611702422, -35.91460572169505], [147.7097611702422, -35.91464581662848], [147.70980125129688, -35.91464581662848], [147.70980125129688, -35.91460572169505], [147.710041737625, -35.91460572169505], [147.710041737625, -35.91456562676161], [147.71012189973436, -35.91456562676161], [147.71012189973436, -35.91452553182817], [147.71032230500782, -35.91452553182817], [147.71032230500782, -35.914485436894736], [147.71040246711718, -35.914485436894736], [147.71040246711718, -35.9144453419613], [147.71048262922656, -35.9144453419613], [147.71048262922656, -35.914405247027865], [147.7106429534453, -35.914405247027865], [147.7106429534453, -35.914365152094426], [147.71072311555469, -35.914365152094426], [147.71072311555469, -35.91432505716099], [147.7109636018828, -35.91432505716099], [147.7109636018828, -35.914284962227555], [147.7110036829375, -35.914284962227555], [147.7110036829375, -35.914244867294116], [147.71124416926563, -35.914244867294116], [147.71124416926563, -35.914284962227555], [147.71128425032032, -35.914284962227555], [147.71128425032032, -35.91432505716099], [147.71144457453906, -35.91432505716099], [147.71144457453906, -35.914405247027865], [147.71152473664844, -35.914405247027865], [147.71152473664844, -35.9144453419613], [147.7116449798125, -35.9144453419613], [147.7116449798125, -35.914485436894736], [147.71172514192187, -35.914485436894736], [147.71172514192187, -35.91452553182817], [147.71184538508592, -35.91452553182817], [147.71184538508592, -35.91460572169505], [147.71212595246874, -35.91460572169505], [147.71212595246874, -35.91456562676161], [147.71216603352343, -35.91456562676161], [147.71216603352343, -35.91452553182817], [147.7122862766875, -35.91452553182817], [147.7122862766875, -35.914485436894736], [147.712606925125, -35.914485436894736], [147.712606925125, -35.91452553182817], [147.71272716828906, -35.91452553182817], [147.71272716828906, -35.91460612984313], [147.712245845, -35.91469206], [147.711819708, -35.915087909], [147.711787563, -35.915094812], [147.711755534, -35.915102073], [147.711723623, -35.915109647], [147.711691827, -35.915117562], [147.711660158, -35.9151258], [147.711628622, -35.915134361], [147.711597213, -35.915143253], [147.711565955, -35.915152468], [147.711534841, -35.915161997], [147.71150388, -35.915171857], [147.71147307, -35.915182031], [147.711442423, -35.915192519], [147.711411954, -35.91520333], [147.711381638, -35.915214445], [147.711351501, -35.915225883], [147.711321552, -35.915237626], [147.711317967, -35.915239051], [147.711287364, -35.915251215], [147.711256958, -35.915263675], [147.711226731, -35.915276458], [147.711196693, -35.915289527], [147.711166862, -35.915302911], [147.711137236, -35.91531659], [147.711107816, -35.915330565], [147.71107862, -35.915344835], [147.711049622, -35.915359402], [147.711020857, -35.915374264], [147.710999173, -35.915385729], [147.710957732, -35.915400824], [147.710916399, -35.915416108], [147.710875201, -35.915431625], [147.710834119, -35.915447356], [147.710793163, -35.915463321], [147.710752341, -35.915479474], [147.710711644, -35.91549586], [147.710671064, -35.915512462], [147.710630628, -35.915529269], [147.710590326, -35.915546283], [147.710550149, -35.915563539], [147.710510107, -35.915580983], [147.710470226, -35.915598651], [147.710430462, -35.915616525], [147.710390859, -35.915634605], [147.710351382, -35.915652901], [147.710312058, -35.915671393], [147.710272885, -35.91569011], [147.710233874, -35.915709015], [147.710194988, -35.915728135], [147.710156264, -35.915747462], [147.710117692, -35.915766985], [147.710079281, -35.915786715], [147.710041023, -35.915806651], [147.710002926, -35.915826793], [147.709964981, -35.915847123], [147.709927216, -35.91586766], [147.709889612, -35.915888393], [147.709852161, -35.915909333], [147.70981488, -35.915930461], [147.709777778, -35.915951787], [147.709740837, -35.915973309], [147.709704067, -35.915995029], [147.709667485, -35.916016937], [147.709631064, -35.916039042], [147.709594832, -35.916061335], [147.709558761, -35.916083826], [147.709522878, -35.916106487], [147.709487183, -35.916129345], [147.709451659, -35.9161524], [147.709416332, -35.916175635], [147.709381193, -35.916199058], [147.709346234, -35.916222678], [147.709311471, -35.916246459], [147.709276897, -35.916270438], [147.709242503, -35.916294587], [147.709208314, -35.916318924], [147.709174323, -35.91634345], [147.709140519, -35.916368136], [147.709106922, -35.916393012], [147.709073514, -35.916418057], [147.709040311, -35.916443273], [147.709007315, -35.916468676], [147.708974524, -35.916494242], [147.70894194, -35.916519986], [147.708909553, -35.916545901], [147.708877382, -35.916571977], [147.708845416, -35.916598233], [147.708813657, -35.91662465], [147.708782122, -35.916651237], [147.708750792, -35.916677994], [147.708719678, -35.916704904], [147.708688789, -35.916731984], [147.708658105, -35.916759217], [147.708627654, -35.91678662], [147.70859741, -35.916814175], [147.708567398, -35.916841892], [147.708537602, -35.916869761], [147.708508039, -35.916897791], [147.708478691, -35.916925974], [147.708449576, -35.916954318], [147.708420694, -35.916982806], [147.708392027, -35.917011445], [147.708363602, -35.917040238], [147.708335411, -35.917069173], [147.708307443, -35.917098261], [147.708279708, -35.917127484], [147.708252216, -35.917156868], [147.708224956, -35.917186377], [147.708197939, -35.917216039], [147.708171155, -35.917245844], [147.708144612, -35.917275784], [147.708118312, -35.917305858], [147.708092254, -35.917336085], [147.708066446, -35.917366419], [147.708040863, -35.917396914], [147.708015549, -35.917427544], [147.707990468, -35.917458291], [147.707965637, -35.917489172], [147.707941058, -35.917520178], [147.70791673, -35.917551319], [147.707892644, -35.917582585], [147.707868817, -35.917613977], [147.707845242, -35.917645486], [147.707821918, -35.917677119], [147.707798854, -35.91770887], [147.70777604, -35.917740755], [147.707753487, -35.917772747], [147.707731194, -35.917804856], [147.70770916, -35.917837073], [147.707687387, -35.917869415], [147.707665864, -35.917901864], [147.70764461, -35.91793443], [147.707623626, -35.917967104], [147.707602883, -35.917999885], [147.707582427, -35.918032774], [147.707562231, -35.918065771], [147.707542296, -35.918098866], [147.70752262, -35.918132077], [147.707503231, -35.91816536], [147.70749796, -35.918174504], [147.70707511, -35.918970648], [147.70511176789844, -35.918728070799006], [147.70511176789844, -35.9181741707709], [147.7051919300078, -35.9181741707709], [147.7051919300078, -35.917827174579294], [147.70519552345584, -35.917813316369966], [147.7052320110625, -35.917813316369966], [147.7052320110625, -35.91777322143653], [147.70527209211718, -35.91777322143653], [147.70527209211718, -35.91765293663622], [147.70535225422657, -35.91765293663622], [147.70535225422657, -35.917612841702784], [147.70539233528126, -35.917612841702784], [147.70539233528126, -35.91753265183591], [147.70547249739062, -35.91753265183591], [147.70547249739062, -35.91745246196904], [147.7055125784453, -35.91745246196904], [147.7055125784453, -35.91737227210216], [147.70543241633592, -35.91737227210216], [147.70543241633592, -35.91733217716873], [147.7055125784453, -35.91733217716873], [147.7055125784453, -35.91725198730185], [147.7055526595, -35.91725198730185], [147.7055526595, -35.91713170250154], [147.70563282160938, -35.91713170250154], [147.70563282160938, -35.9169713227678], [147.7055526595, -35.9169713227678], [147.7055526595, -35.91689113290093], [147.70563282160938, -35.91689113290093], [147.70563282160938, -35.91681094303405], [147.70567290266405, -35.91681094303405], [147.70567290266405, -35.91673075316718], [147.70571298371874, -35.91673075316718], [147.70571298371874, -35.91665056330031], [147.70567290266405, -35.91665056330031], [147.70567290266405, -35.91658219572146], [147.7056824303537, -35.91657037343344], [147.70571298371874, -35.91657037343344], [147.70571298371874, -35.91653246175762], [147.705770739, -35.916460797], [147.70578004006202, -35.91645008863313], [147.70579314582812, -35.91645008863313], [147.70579314582812, -35.91643499988827], [147.70581486567704, -35.91640999369969], [147.70583322688282, -35.91640999369969], [147.70583322688282, -35.916388854336546], [147.70598899375224, -35.916209519032506], [147.70599355110156, -35.916209519032506], [147.70599355110156, -35.91620427212968], [147.70602381936726, -35.91616942409907], [147.70603363215625, -35.91616942409907], [147.70603363215625, -35.916158126577955], [147.70609347059732, -35.916089234232196], [147.70611379426563, -35.916089234232196], [147.70611379426563, -35.916065835474505], [147.706146402, -35.916028294], [147.7062312337864, -35.915968949431885], [147.70623403742968, -35.915968949431885], [147.70623403742968, -35.91596698812699], [147.7064344427031, -35.91582679345584], [147.7064344427031, -35.915848664631575], [147.7064745237578, -35.915848664631575], [147.7064745237578, -35.915888759565014], [147.7065546858672, -35.915888759565014], [147.7065546858672, -35.91592885449845], [147.70671501008593, -35.91592885449845], [147.70671501008593, -35.915888759565014], [147.70683525325, -35.915888759565014], [147.70683525325, -35.915848664631575], [147.7068753343047, -35.915848664631575], [147.7068753343047, -35.915768474764704], [147.70691541535936, -35.915768474764704], [147.70691541535936, -35.915728379831265], [147.70703565852344, -35.915728379831265], [147.70703565852344, -35.91568828489783], [147.70719598274218, -35.91568828489783], [147.70719598274218, -35.915728379831265], [147.70731622590625, -35.915728379831265], [147.70731622590625, -35.91568828489783], [147.70735630696095, -35.91568828489783], [147.70735630696095, -35.915608095030954], [147.70731622590625, -35.915608095030954], [147.70731622590625, -35.91552790516408], [147.7074364690703, -35.91552790516408], [147.7074364690703, -35.91544771529721], [147.707476550125, -35.91544771529721], [147.707476550125, -35.91536752543034], [147.7074364690703, -35.91536752543034], [147.7074364690703, -35.9153274304969], [147.707476550125, -35.9153274304969], [147.707476550125, -35.91524724063003], [147.70755671223438, -35.91524724063003], [147.70755671223438, -35.91520714569659], [147.70759679328907, -35.91520714569659], [147.70759679328907, -35.91505637274433], [147.708031696, -35.914880914], [147.708139156, -35.91483102], [147.70823809016406, -35.91478545457194], [147.70823809016406, -35.91480619636223], [147.70847857649218, -35.91480619636223], [147.70847857649218, -35.91484629129566], [147.70859881965626, -35.91484629129566], [147.70859881965626, -35.91476610142879]], [[147.7055526595, -35.91825436063777], [147.7055526595, -35.918214265704336], [147.7055125784453, -35.918214265704336], [147.7055125784453, -35.91825436063777], [147.70539233528126, -35.91825436063777], [147.70539233528126, -35.91845483530495], [147.70535225422657, -35.91845483530495], [147.70535225422657, -35.9186152150387], [147.70531217317188, -35.9186152150387], [147.70531217317188, -35.91869540490557], [147.70539233528126, -35.91869540490557], [147.70539233528126, -35.91873549983901], [147.7055927405547, -35.91873549983901], [147.7055927405547, -35.91857512010526], [147.70563282160938, -35.91857512010526], [147.70563282160938, -35.91853502517183], [147.70567290266405, -35.91853502517183], [147.70567290266405, -35.91837464543808], [147.70563282160938, -35.91837464543808], [147.70563282160938, -35.91825436063777], [147.7055526595, -35.91825436063777]], [[147.7058733079375, -35.91661046836687], [147.7058733079375, -35.91657037343344], [147.70583322688282, -35.91657037343344], [147.70583322688282, -35.91661046836687], [147.70579314582812, -35.91661046836687], [147.70579314582812, -35.91665056330031], [147.70583322688282, -35.91665056330031], [147.70583322688282, -35.91669065823375], [147.7058733079375, -35.91669065823375], [147.7058733079375, -35.91665056330031], [147.70595347004686, -35.91665056330031], [147.70595347004686, -35.91661046836687], [147.7058733079375, -35.91661046836687]], [[147.70611379426563, -35.91628970889938], [147.70611379426563, -35.916249613965945], [147.70603363215625, -35.916249613965945], [147.70603363215625, -35.91628970889938], [147.70599355110156, -35.91628970889938], [147.70599355110156, -35.91632980383282], [147.70603363215625, -35.91632980383282], [147.70603363215625, -35.91636989876625], [147.70611379426563, -35.91636989876625], [147.70611379426563, -35.91632980383282], [147.7061538753203, -35.91632980383282], [147.7061538753203, -35.91628970889938], [147.70611379426563, -35.91628970889938]]], [[[147.70711582063282, -35.915429734758995], [147.70711582063282, -35.91548781023065], [147.70705308450627, -35.91548781023065], [147.70711582063282, -35.915429734758995]]], [[[147.712365254, -35.914856406], [147.71272716828906, -35.91479179178361], [147.71272716828906, -35.91480619636223], [147.7127759540043, -35.91480619636223], [147.71260491907827, -35.91483854303684], [147.7123448485477, -35.91487535969993], [147.712365254, -35.914856406]]], [[[147.7129524217281, -35.91476610142879], [147.71292517375036, -35.91477797544452], [147.7128474114531, -35.91479268209997], [147.7128474114531, -35.914770324220555], [147.71287106396744, -35.91476610142879], [147.7129524217281, -35.91476610142879]]], [[[147.71300888686451, -35.91474149527544], [147.7129676546172, -35.914759463300754], [147.7129676546172, -35.914748856657496], [147.71300888686451, -35.91474149527544]]], [[[147.71304781672657, -35.91274033223815], [147.71306638478873, -35.91272125982353], [147.71312797883593, -35.91272125982353], [147.71312797883593, -35.91268116489009], [147.7132081409453, -35.91268116489009], [147.7132081409453, -35.912641069956656], [147.71332838410936, -35.912641069956656], [147.71332838410936, -35.91256088008978], [147.71336846516405, -35.91256088008978], [147.71336846516405, -35.91248069022291], [147.71344862727344, -35.91248069022291], [147.71344862727344, -35.912440595289475], [147.71356887043748, -35.912440595289475], [147.71356887043748, -35.912400500356036], [147.71360895149218, -35.912400500356036], [147.71360895149218, -35.912360405422596], [147.7138093567656, -35.912360405422596], [147.7138093567656, -35.912280215555725], [147.713889518875, -35.912280215555725], [147.713889518875, -35.912320310489164], [147.71392959992968, -35.912320310489164], [147.71392959992968, -35.912280215555725], [147.71400976203907, -35.912280215555725], [147.71400976203907, -35.912240120622286], [147.71404984309376, -35.912240120622286], [147.71404984309376, -35.912200025688854], [147.7141700862578, -35.912200025688854], [147.7141700862578, -35.912159930755415], [147.7142101673125, -35.912159930755415], [147.7142101673125, -35.912079740888544], [147.7142502483672, -35.912079740888544], [147.7142502483672, -35.91199955102167], [147.71433041047655, -35.91199955102167], [147.71433041047655, -35.91195945608823], [147.71437049153124, -35.91195945608823], [147.71437049153124, -35.91187926622136], [147.71433041047655, -35.91187926622136], [147.71433041047655, -35.91179566696787], [147.715127522, -35.911893146], [147.71501627, -35.912056138], [147.714636618, -35.912793183], [147.713120056, -35.914535988], [147.71308789778124, -35.91454172917406], [147.71308789778124, -35.914405247027865], [147.71300773567188, -35.914405247027865], [147.71300773567188, -35.91432505716099], [147.71304781672657, -35.91432505716099], [147.71304781672657, -35.914284962227555], [147.71300773567188, -35.914284962227555], [147.71300773567188, -35.91420477236068], [147.7129676546172, -35.91420477236068], [147.7129676546172, -35.914164677427244], [147.7128874925078, -35.914164677427244], [147.7128874925078, -35.91420477236068], [147.71272716828906, -35.91420477236068], [147.71272716828906, -35.914164677427244], [147.71244660090625, -35.914164677427244], [147.71244660090625, -35.914124582493805], [147.71240651985156, -35.914124582493805], [147.71240651985156, -35.914084487560366], [147.71232635774217, -35.914084487560366], [147.71232635774217, -35.914044392626934], [147.71224619563282, -35.914044392626934], [147.71224619563282, -35.914084487560366], [147.71216603352343, -35.914084487560366], [147.71216603352343, -35.914044392626934], [147.71208587141405, -35.914044392626934], [147.71208587141405, -35.914004297693495], [147.7120057093047, -35.914004297693495], [147.7120057093047, -35.91396420276006], [147.71184538508592, -35.91396420276006], [147.71184538508592, -35.913924107826624], [147.71188546614061, -35.913924107826624], [147.71188546614061, -35.913884012893185], [147.71196562825, -35.913884012893185], [147.71196562825, -35.91380382302631], [147.7120057093047, -35.91380382302631], [147.7120057093047, -35.913683538226], [147.71204579035938, -35.913683538226], [147.71204579035938, -35.91364344329257], [147.71212595246874, -35.91364344329257], [147.71212595246874, -35.91360334835913], [147.71216603352343, -35.91360334835913], [147.71216603352343, -35.91356325342569], [147.71240651985156, -35.91356325342569], [147.71240651985156, -35.91348306355882], [147.71244660090625, -35.91348306355882], [147.71244660090625, -35.91344296862538], [147.71248668196094, -35.91344296862538], [147.71248668196094, -35.91340287369195], [147.712606925125, -35.91340287369195], [147.712606925125, -35.91336277875851], [147.71268708723437, -35.91336277875851], [147.71268708723437, -35.91332268382507], [147.71272716828906, -35.91332268382507], [147.71272716828906, -35.9132424939582], [147.71276724934376, -35.9132424939582], [147.71276724934376, -35.91320239902477], [147.7128474114531, -35.91320239902477], [147.7128474114531, -35.912935496887876], [147.712920691, -35.912870911], [147.71294928080934, -35.91284154462384], [147.71300773567188, -35.91284154462384], [147.71300773567188, -35.912781501989045], [147.71302735012893, -35.91276135475697], [147.71304781672657, -35.91276135475697], [147.71304781672657, -35.91274033223815]]], [[[147.7148514641875, -35.92763657506192], [147.7148514641875, -35.92755638519505], [147.71477130207813, -35.92755638519505], [147.71477130207813, -35.92755241205799], [147.71487472063149, -35.92755241205799], [147.7148569697054, -35.92763657506192], [147.7148514641875, -35.92763657506192]]], [[[147.7157617614295, -35.92672588482633], [147.7159599422786, -35.92672588482633], [147.7157617614295, -35.92684761421347], [147.7157617614295, -35.92672588482633]]], [[[147.71603721780536, -35.92617486187217], [147.71624003307025, -35.92617486187217], [147.716229131, -35.92656054], [147.71603721780536, -35.926678419581556], [147.71603721780536, -35.92617486187217]]], [[[147.71741449968457, -35.92536759260811], [147.71741449968457, -35.92534832024138], [147.71743053704157, -35.92534832024138], [147.71741449968457, -35.92536759260811]]], [[[147.72278751301562, -35.923867651318886], [147.72278751301562, -35.923747366518576], [147.72266726985157, -35.923747366518576], [147.72266726985157, -35.92382755638545], [147.7224668645781, -35.92382755638545], [147.7224668645781, -35.923747366518576], [147.72238670246875, -35.923747366518576], [147.72238670246875, -35.92370727158514], [147.72234662141406, -35.92370727158514], [147.72234662141406, -35.9236671766517], [147.72226645930468, -35.9236671766517], [147.72226645930468, -35.923627081718266], [147.72222637824999, -35.923627081718266], [147.72222637824999, -35.92358698678483], [147.7219458108672, -35.92358698678483], [147.7219458108672, -35.923627081718266], [147.72178548664843, -35.923627081718266], [147.72178548664843, -35.9236671766517], [147.72166524348438, -35.9236671766517], [147.72166524348438, -35.92370727158514], [147.7216251624297, -35.92370727158514], [147.7216251624297, -35.92378746145201], [147.7215450003203, -35.92378746145201], [147.7215450003203, -35.92382755638545], [147.7215049192656, -35.92382755638545], [147.7215049192656, -35.923867651318886], [147.72146483821095, -35.923867651318886], [147.72146483821095, -35.923893716011655], [147.720803713, -35.923804851], [147.7205012266622, -35.925270973989164], [147.72044451981876, -35.925270973989164], [147.72044451981876, -35.92507280444459], [147.71989360706712, -35.92507280444459], [147.71989360706712, -35.92534832024138], [147.71961815069125, -35.92534832024138], [147.71961815069125, -35.92587239799071], [147.71958102864062, -35.92587239799071], [147.71958102864062, -35.92579220812384], [147.71946078547657, -35.92579220812384], [147.71946078547657, -35.92587239799071], [147.71942070442188, -35.92587239799071], [147.71942070442188, -35.92589934895517], [147.71934269431543, -35.92589934895517], [147.71934269431543, -35.92591249292415], [147.7193004612578, -35.92591249292415], [147.7193004612578, -35.92603277772446], [147.71934269431543, -35.92603277772446], [147.71934269431543, -35.92617486187217], [147.71906723793958, -35.92617486187217], [147.71906723793958, -35.92837893065006], [147.71879178156374, -35.92837893065006], [147.71879178156374, -35.92892993824496], [147.71851632518792, -35.92892993824496], [147.71851632518792, -35.92933846680557], [147.714823634, -35.928867168], [147.7151010398127, -35.92755241205799], [147.71521084867783, -35.92755241205799], [147.71521084867783, -35.92741325435163], [147.71543283450168, -35.927276903940715], [147.7157617614295, -35.927276903940715], [147.7157617614295, -35.927074867067425], [147.716449572, -35.926652393], [147.7164708451947, -35.92589934895517], [147.71686358693285, -35.92589934895517], [147.71686358693285, -35.92564636130469], [147.717463792, -35.92563188], [147.71792902873221, -35.92507280444459], [147.71796541243623, -35.92507280444459], [147.71796541243623, -35.925029082102554], [147.71815830099126, -35.92479728768787], [147.71824086881205, -35.92479728768787], [147.71824086881205, -35.924698065835706], [147.718308943, -35.924616261], [147.71858538346666, -35.92452176997122], [147.71879178156374, -35.92452176997122], [147.71879178156374, -35.92445122035608], [147.72019748665116, -35.92397073165819], [147.7207199761946, -35.92397073165819], [147.7207199761946, -35.92379213778196], [147.720812883, -35.923760381], [147.721993671, -35.923356742], [147.72199836, -35.922155353], [147.722002539, -35.921082982], [147.7226481708255, -35.92116873050565], [147.7226481708255, -35.92121548249857], [147.7230001836601, -35.92121548249857], [147.72330856672656, -35.92125643987717], [147.72330856672656, -35.921301575578944], [147.72326848567187, -35.921301575578944], [147.72326848567187, -35.92134167051238], [147.72338872883594, -35.92134167051238], [147.72338872883594, -35.921381765445815], [147.723474539953, -35.921381765445815], [147.723474539953, -35.92149101173406], [147.72374999632885, -35.92149101173406], [147.72374999632885, -35.921766540009656], [147.7240254527047, -35.921766540009656], [147.7240254527047, -35.92204206732538], [147.7243009090805, -35.92204206732538], [147.7243009090805, -35.92231759368119], [147.72443083625782, -35.92231759368119], [147.72443083625782, -35.9223440438483], [147.7244709173125, -35.9223440438483], [147.7244709173125, -35.92231759368119], [147.72457636545636, -35.92231759368119], [147.72457636545636, -35.92286864351314], [147.72374999632885, -35.92286864351314], [147.72374999632885, -35.92259311907711], [147.72298791828905, -35.92259311907711], [147.72298791828905, -35.92258461344891], [147.7229478372344, -35.92258461344891], [147.7229478372344, -35.92254451851548], [147.72298791828905, -35.92254451851548], [147.72298791828905, -35.92250442358204], [147.72306808039843, -35.92250442358204], [147.72306808039843, -35.92242423371517], [147.72310816145313, -35.92242423371517], [147.72310816145313, -35.92238413878173], [147.72314824250782, -35.92238413878173], [147.72314824250782, -35.92226385398142], [147.72310816145313, -35.92226385398142], [147.72310816145313, -35.92222375904799], [147.7229478372344, -35.92222375904799], [147.7229478372344, -35.92226385398142], [147.722867675125, -35.92226385398142], [147.722867675125, -35.92238413878173], [147.7228275940703, -35.92238413878173], [147.7228275940703, -35.92254451851548], [147.72270735090623, -35.92254451851548], [147.72270735090623, -35.92258461344891], [147.72266726985157, -35.92258461344891], [147.72266726985157, -35.92259311907711], [147.7226481708255, -35.92259311907711], [147.7226481708255, -35.92286864351314], [147.72292362720134, -35.92286864351314], [147.72292362720134, -35.92314416698926], [147.72319908357716, -35.92314416698926], [147.72319908357716, -35.923226132383896], [147.72298791828905, -35.923226132383896], [147.72298791828905, -35.923266227317335], [147.7229478372344, -35.923266227317335], [147.7229478372344, -35.923386512117645], [147.72306808039843, -35.923386512117645], [147.72306808039843, -35.923426607051084], [147.72314824250782, -35.923426607051084], [147.72314824250782, -35.923386512117645], [147.72319908357716, -35.923386512117645], [147.72319908357716, -35.92341968950547], [147.723474539953, -35.92341968950547], [147.723474539953, -35.92397073165819], [147.7243009090805, -35.92397073165819], [147.7243009090805, -35.92418841078638], [147.72427051203906, -35.92418841078638], [147.72427051203906, -35.92414831585294], [147.72407010676562, -35.92414831585294], [147.72407010676562, -35.92424390265805], [147.7224668645781, -35.92402840318334], [147.7224668645781, -35.92398793611919], [147.72266726985157, -35.92398793611919], [147.72266726985157, -35.92390774625232], [147.72274743196093, -35.92390774625232], [147.72274743196093, -35.923867651318886], [147.72278751301562, -35.923867651318886]], [[147.71603721780536, -35.928654434927495], [147.71603721780536, -35.92837893065006], [147.71563391592355, -35.92837893065006], [147.7156465263571, -35.92833903583295], [147.71564802901847, -35.92833334231868], [147.71566652901842, -35.92824634233229], [147.7156675778193, -35.92823946507349], [147.71566781371394, -35.92823253820784], [147.7156672345616, -35.928225624595875], [147.71566584561808, -35.92821878697787], [147.7156636594878, -35.92821208740452], [147.7156606960097, -35.928205586673734], [147.715656982077, -35.92819934377901], [147.71565255139328, -35.928193415374004], [147.71564744416648, -35.9281878552584], [147.7156417067441, -35.92818271388975], [147.71563539119268, -35.92817803792547], [147.71562855482512, -35.92817386979954], [147.7156212596807, -35.92817024733732], [147.71550780827909, -35.92811976891964], [147.71541485684273, -35.928078290557146], [147.71540709466004, -35.92807521126353], [147.71539900293106, -35.928072750314165], [147.71539065657225, -35.928070930493504], [147.71538213285726, -35.92806976865019], [147.715373510702, -35.928069275541056], [147.71536486993358, -35.92806945573148], [147.7153562905516, -35.9280703075532], [147.71534785198722, -35.928071823119716], [147.71533963236791, -35.92807398839928], [147.71533170779406, -35.92807678334486], [147.71532415163435, -35.92808018207972], [147.71531703384662, -35.92808415313699], [147.71531042033007, -35.92808865975105], [147.7153043723152, -35.92809366019782], [147.71529894579675, -35.92809910818118], [147.71521194579682, -35.92819560823343], [147.71520712779753, -35.928201539948745], [147.71520304686513, -35.92820782374112], [147.71519974187552, -35.92821439974974], [147.71519724431263, -35.92822120533006], [147.71519557796887, -35.92822817565066], [147.71519475871816, -35.92823524431071], [147.71519479436483, -35.928242343972634], [147.71519568456935, -35.928249407003555], [147.71519742085138, -35.928256366119534], [147.7152204208515, -35.928329866102885], [147.7152228667432, -35.92833638378095], [147.71522605484225, -35.92834268761017], [147.71522995719005, -35.92834872230818], [147.71523453956442, -35.928354434952794], [147.71523976177946, -35.92835977544616], [147.7152455780381, -35.928364696954056], [147.7152519373338, -35.92836915631662], [147.71525878389764, -35.92837311442686], [147.71526605768767, -35.92837653657355], [147.715313236498, -35.928396401319596], [147.71548630505367, -35.92847071318135], [147.71548630505367, -35.928654434927495], [147.71603721780536, -35.928654434927495]], [[147.7161340579375, -35.92791723959597], [147.7161340579375, -35.9278370497291], [147.71601381477345, -35.9278370497291], [147.71601381477345, -35.92791723959597], [147.71593365266406, -35.92791723959597], [147.71593365266406, -35.92795733452941], [147.71601381477345, -35.92795733452941], [147.71601381477345, -35.92799742946285], [147.7161340579375, -35.92799742946285], [147.7161340579375, -35.92795733452941], [147.7161741389922, -35.92795733452941], [147.7161741389922, -35.92791723959597], [147.7161340579375, -35.92791723959597]], [[147.71709600325, -35.92595258785758], [147.71709600325, -35.92591249292415], [147.71697576008594, -35.92591249292415], [147.71697576008594, -35.92595258785758], [147.71693567903125, -35.92595258785758], [147.71693567903125, -35.92603277772446], [147.71697576008594, -35.92603277772446], [147.71697576008594, -35.92611296759133], [147.7170559221953, -35.92611296759133], [147.7170559221953, -35.92607287265789], [147.71709600325, -35.92607287265789], [147.71709600325, -35.92603277772446], [147.71713608430468, -35.92603277772446], [147.71713608430468, -35.92595258785758], [147.71709600325, -35.92595258785758]], [[147.71853892121874, -35.92811771426316], [147.71853892121874, -35.92807761932972], [147.71845875910938, -35.92807761932972], [147.71845875910938, -35.92811771426316], [147.718378597, -35.92811771426316], [147.718378597, -35.92823799906346], [147.71845875910938, -35.92823799906346], [147.71845875910938, -35.9282780939969], [147.71849884016407, -35.9282780939969], [147.71849884016407, -35.92823799906346], [147.71853892121874, -35.92823799906346], [147.71853892121874, -35.92819790413003], [147.71861908332812, -35.92819790413003], [147.71861908332812, -35.92811771426316], [147.71853892121874, -35.92811771426316]], [[147.71813811067187, -35.9261931574582], [147.71809802961718, -35.9261931574582], [147.71809802961718, -35.92623325239164], [147.7180579485625, -35.92623325239164], [147.7180579485625, -35.92627334732507], [147.71809802961718, -35.92627334732507], [147.71809802961718, -35.92631344225851], [147.71813811067187, -35.92631344225851], [147.71813811067187, -35.92627334732507], [147.71821827278126, -35.92627334732507], [147.71821827278126, -35.92623325239164], [147.71813811067187, -35.92623325239164], [147.71813811067187, -35.9261931574582]], [[147.71769721907032, -35.92607287265789], [147.71769721907032, -35.92603277772446], [147.71765713801562, -35.92603277772446], [147.71765713801562, -35.92607287265789], [147.71757697590624, -35.92607287265789], [147.71757697590624, -35.92611296759133], [147.71761705696093, -35.92611296759133], [147.71761705696093, -35.92615306252477], [147.71765713801562, -35.92615306252477], [147.71765713801562, -35.9261931574582], [147.71769721907032, -35.9261931574582], [147.71769721907032, -35.92615306252477], [147.71777738117967, -35.92615306252477], [147.71777738117967, -35.92607287265789], [147.71769721907032, -35.92607287265789]], [[147.71889965071094, -35.924990309455104], [147.71889965071094, -35.92495021452167], [147.71885956965625, -35.92495021452167], [147.71885956965625, -35.924990309455104], [147.71881948860155, -35.924990309455104], [147.71881948860155, -35.925110594255415], [147.71885956965625, -35.925110594255415], [147.71885956965625, -35.925150689188854], [147.71889965071094, -35.925150689188854], [147.71889965071094, -35.925190784122286], [147.71897981282032, -35.925190784122286], [147.71897981282032, -35.925150689188854], [147.719019893875, -35.925150689188854], [147.719019893875, -35.925030404388544], [147.71897981282032, -35.925030404388544], [147.71897981282032, -35.924990309455104], [147.71889965071094, -35.924990309455104]], [[147.71952587358044, -35.92525403647907], [147.71953378015976, -35.92525110748207], [147.71954130003027, -35.925247573232184], [147.71954836274602, -35.92524346683814], [147.71955490214364, -35.92523882676842], [147.71966040214346, -35.92515632682313], [147.71966656233926, -35.92515100078949], [147.71967203258782, -35.92514520176908], [147.71967675784143, -35.92513898811796], [147.7196806905493, -35.92513242236469], [147.7196837911362, -35.92512557058109], [147.71968602840062, -35.925118501717286], [147.71968737982868, -35.92511128690801], [147.7196878318209, -35.92510399875662], [147.7196878318209, -35.924957498756676], [147.71968737573332, -35.924950177731056], [147.71968601210185, -35.92494293104456], [147.7196837547732, -35.92493583228216], [147.71968062666895, -35.92492895352678], [147.7196766595527, -35.92492236462734], [147.71967189370778, -35.92491613248949], [147.71966637752786, -35.92491032039625], [147.71966016702592, -35.92490498736539], [147.71965332526509, -35.924900187550115], [147.71959915198852, -35.92486589435026], [147.7195529763397, -35.92483610358763], [147.71954609454582, -35.92483207898377], [147.71953877435823, -35.92482859837123], [147.7195310811435, -35.92482569283068], [147.71952308359917, -35.924823388307615], [147.7195148531405, -35.92482170538063], [147.71950646326243, -35.92482065907768], [147.71949798888346, -35.92482025874191], [147.71948950567676, -35.92482050794817], [147.71928300567686, -35.92483450796093], [147.71927457562052, -35.92483540649194], [147.71926628823448, -35.92483694642329], [147.71925821776594, -35.924839113958626], [147.7192504365188, -35.924841889678795], [147.7192430142058, -35.92484524871583], [147.71923601732396, -35.924849160975846], [147.7192295085589, -35.92485359140856], [147.71922354622296, -35.9248585003213], [147.71921818373323, -35.9248638437347], [147.7192134691326, -35.924869573776675], [147.71912196913274, -35.924993073835005], [147.71911794870365, -35.92499913230674], [147.719114652822, -35.92500547117329], [147.71911211095076, -35.925012033769335], [147.71911034581257, -35.92501876142959], [147.71910937318657, -35.92502559401318], [147.71910920176748, -35.925032470441316], [147.7191098330876, -35.92503932924331], [147.71911126150337, -35.92504610910603], [147.7191134742457, -35.92505274942202], [147.71914997424568, -35.9251447493961], [147.71915300358086, -35.92515128879273], [147.71915679340884, -35.92515756278901], [147.7191613087933, -35.92516351354843], [147.71916650810937, -35.92516908621419], [147.71917234342723, -35.925174229414985], [147.71917876095435, -35.925178895738476], [147.7191857015309, -35.92518304216845], [147.7191931011755, -35.92518663048126], [147.71920089167475, -35.92518962759827], [147.71920900121228, -35.92519200589073], [147.71934300121225, -35.9252255058613], [147.71934319810367, -35.92522555488395], [147.71946619810365, -35.92525605485715], [147.7194746251636, -35.925257788142574], [147.71948321967733, -35.925258853591025], [147.71949190113165, -35.925259241221426], [147.71950058819888, -35.92525894740249], [147.71950919949882, -35.925257974886684], [147.71951765436097, -35.92525633278451], [147.71952587358044, -35.92525403647907]], [[147.72018224446094, -35.924749739854484], [147.72018224446094, -35.92470964492105], [147.72002192024217, -35.92470964492105], [147.72002192024217, -35.924749739854484], [147.7199818391875, -35.924749739854484], [147.7199818391875, -35.924870024654794], [147.72002192024217, -35.924870024654794], [147.72002192024217, -35.92491011958823], [147.72018224446094, -35.92491011958823], [147.72018224446094, -35.924870024654794], [147.7202624065703, -35.924870024654794], [147.7202624065703, -35.924749739854484], [147.72018224446094, -35.924749739854484]]], [[[147.71879178156374, -35.924254506616805], [147.71879178156374, -35.92424625129466], [147.71881593307157, -35.92424625129466], [147.71879178156374, -35.924254506616805]]], [[[147.71906723793958, -35.92416035178663], [147.71906723793958, -35.92397073165819], [147.71962198455503, -35.92397073165819], [147.71906723793958, -35.92416035178663]]], [[[147.71521084867783, -35.92038888903281], [147.71521084867783, -35.920221338377566], [147.71686358693285, -35.920430682317225], [147.71686358693285, -35.92066442114794], [147.71741449968457, -35.92066442114794], [147.71741449968457, -35.92093995230319], [147.71768995606038, -35.92093995230319], [147.71768995606038, -35.92121548249857], [147.7186591643828, -35.92121548249857], [147.7186591643828, -35.92122138571207], [147.71861908332812, -35.92122138571207], [147.71861908332812, -35.92134167051238], [147.7186591643828, -35.92134167051238], [147.7186591643828, -35.921381765445815], [147.71881948860155, -35.921381765445815], [147.71881948860155, -35.92134167051238], [147.71889965071094, -35.92134167051238], [147.71889965071094, -35.921301575578944], [147.71897981282032, -35.921301575578944], [147.71897981282032, -35.92134167051238], [147.71905997492968, -35.92134167051238], [147.71905997492968, -35.921381765445815], [147.71910005598437, -35.921381765445815], [147.71910005598437, -35.921421860379255], [147.71905997492968, -35.921421860379255], [147.71905997492968, -35.921542145179565], [147.71910005598437, -35.921542145179565], [147.71910005598437, -35.921742619846746], [147.71918021809375, -35.921742619846746], [147.71918021809375, -35.921902999580496], [147.71922029914845, -35.921902999580496], [147.71922029914845, -35.92194309451393], [147.7192603802031, -35.92194309451393], [147.7192603802031, -35.92198318944737], [147.7193806233672, -35.92198318944737], [147.7193806233672, -35.922023284380806], [147.71946078547657, -35.922023284380806], [147.71946078547657, -35.92204206732538], [147.71905997492968, -35.92204206732538], [147.71905997492968, -35.922023284380806], [147.719019893875, -35.922023284380806], [147.719019893875, -35.92194309451393], [147.71889965071094, -35.92194309451393], [147.71889965071094, -35.921902999580496], [147.71879178156374, -35.921902999580496], [147.71879178156374, -35.921766540009656], [147.71851632518792, -35.921766540009656], [147.71851632518792, -35.92186290464706], [147.718378597, -35.92186290464706], [147.718378597, -35.921902999580496], [147.7182984348906, -35.921902999580496], [147.7182984348906, -35.92194309451393], [147.71817819172657, -35.92194309451393], [147.71817819172657, -35.92198318944737], [147.7180579485625, -35.92198318944737], [147.7180579485625, -35.922023284380806], [147.7180178675078, -35.922023284380806], [147.7180178675078, -35.92206337931424], [147.71793770539844, -35.92206337931424], [147.71793770539844, -35.92210347424768], [147.71789762434375, -35.92210347424768], [147.71789762434375, -35.9223440438483], [147.71796541243623, -35.9223440438483], [147.71796541243623, -35.92259311907711], [147.71768995606038, -35.92259311907711], [147.71768995606038, -35.92286864351314], [147.71741449968457, -35.92286864351314], [147.71741449968457, -35.92314416698926], [147.7171390433087, -35.92314416698926], [147.7171390433087, -35.923466701984516], [147.71713608430468, -35.923466701984516], [147.71713608430468, -35.923506796917955], [147.71709600325, -35.923506796917955], [147.71709600325, -35.923627081718266], [147.71713608430468, -35.923627081718266], [147.71713608430468, -35.9236671766517], [147.7171390433087, -35.9236671766517], [147.7171390433087, -35.92369521106179], [147.71686358693285, -35.92369521106179], [147.71686358693285, -35.92397073165819], [147.71658813055703, -35.92397073165819], [147.71658813055703, -35.92424625129466], [147.7163126741812, -35.92424625129466], [147.7163126741812, -35.92452176997122], [147.7157617614295, -35.92452176997122], [147.7157617614295, -35.92479728768787], [147.71548630505367, -35.92479728768787], [147.71548630505367, -35.92507280444459], [147.71465993592616, -35.92507280444459], [147.71465993592616, -35.92534832024138], [147.71445065364063, -35.92534832024138], [147.71445065364063, -35.925311068922596], [147.71437049153124, -35.925311068922596], [147.71437049153124, -35.925190784122286], [147.71445065364063, -35.925190784122286], [147.71445065364063, -35.92507049932198], [147.71437049153124, -35.92507049932198], [147.71437049153124, -35.925030404388544], [147.71445065364063, -35.925030404388544], [147.71445065364063, -35.92495021452167], [147.71437049153124, -35.92495021452167], [147.71437049153124, -35.924749739854484], [147.71469113996875, -35.924749739854484], [147.71469113996875, -35.92470964492105], [147.71493162629687, -35.92470964492105], [147.71493162629687, -35.92466954998761], [147.71497170735157, -35.92466954998761], [147.71497170735157, -35.92458936012074], [147.71493162629687, -35.92458936012074], [147.71493162629687, -35.92450917025387], [147.7148514641875, -35.92450917025387], [147.7148514641875, -35.92446907532043], [147.71477130207813, -35.92446907532043], [147.71477130207813, -35.92442898038699], [147.71469113996875, -35.92442898038699], [147.71469113996875, -35.92434879052012], [147.71477130207813, -35.92434879052012], [147.71477130207813, -35.92426860065325], [147.71469113996875, -35.92426860065325], [147.71469113996875, -35.92418841078638], [147.71473122102344, -35.92418841078638], [147.71473122102344, -35.92414831585294], [147.7148113831328, -35.92414831585294], [147.7148113831328, -35.9241082209195], [147.71493162629687, -35.9241082209195], [147.71493162629687, -35.92414831585294], [147.7150919505156, -35.92414831585294], [147.7150919505156, -35.9241082209195], [147.7152121936797, -35.9241082209195], [147.7152121936797, -35.92426860065325], [147.71525227473438, -35.92426860065325], [147.71525227473438, -35.92430869558669], [147.71529235578905, -35.92430869558669], [147.71529235578905, -35.92434879052012], [147.71537251789843, -35.92434879052012], [147.71537251789843, -35.92438888545356], [147.71541259895312, -35.92438888545356], [147.71541259895312, -35.92434879052012], [147.7154927610625, -35.92434879052012], [147.7154927610625, -35.92426860065325], [147.71541259895312, -35.92426860065325], [147.71541259895312, -35.92422850571981], [147.71537251789843, -35.92422850571981], [147.71537251789843, -35.92406812598607], [147.71541259895312, -35.92406812598607], [147.71541259895312, -35.92402803105263], [147.7154927610625, -35.92402803105263], [147.7154927610625, -35.923867651318886], [147.71529235578905, -35.923867651318886], [147.71529235578905, -35.923747366518576], [147.71525227473438, -35.923747366518576], [147.71525227473438, -35.92370727158514], [147.7152121936797, -35.92370727158514], [147.7152121936797, -35.92369521106179], [147.71548630505367, -35.92369521106179], [147.71548630505367, -35.92341968950547], [147.71573324739063, -35.92341968950547], [147.71573324739063, -35.923506796917955], [147.71569316633594, -35.923506796917955], [147.71569316633594, -35.92358698678483], [147.71565308528125, -35.92358698678483], [147.71565308528125, -35.923627081718266], [147.71557292317186, -35.923627081718266], [147.71557292317186, -35.9236671766517], [147.7155328421172, -35.9236671766517], [147.7155328421172, -35.923747366518576], [147.71569316633594, -35.923747366518576], [147.71569316633594, -35.92370727158514], [147.71597373371876, -35.92370727158514], [147.71597373371876, -35.923747366518576], [147.71601381477345, -35.923747366518576], [147.71601381477345, -35.92378746145201], [147.71629438215624, -35.92378746145201], [147.71629438215624, -35.923747366518576], [147.71637454426562, -35.923747366518576], [147.71637454426562, -35.92358698678483], [147.7164146253203, -35.92358698678483], [147.7164146253203, -35.923546891851394], [147.716454706375, -35.923546891851394], [147.716454706375, -35.923426607051084], [147.71653486848436, -35.923426607051084], [147.71653486848436, -35.923346417184206], [147.71657494953905, -35.923346417184206], [147.71657494953905, -35.923306322250774], [147.71669519270313, -35.923306322250774], [147.71669519270313, -35.923266227317335], [147.71681543586718, -35.923266227317335], [147.71681543586718, -35.923226132383896], [147.71685551692187, -35.923226132383896], [147.71685551692187, -35.923145942517024], [147.71689559797656, -35.923145942517024], [147.71689559797656, -35.92310584758359], [147.71697576008594, -35.92310584758359], [147.71697576008594, -35.92306575265015], [147.71701584114064, -35.92306575265015], [147.71701584114064, -35.923025657716714], [147.7170559221953, -35.923025657716714], [147.7170559221953, -35.92294546784984], [147.71701584114064, -35.92294546784984], [147.71701584114064, -35.92286527798297], [147.71697576008594, -35.92286527798297], [147.71697576008594, -35.9227850881161], [147.71681543586718, -35.9227850881161], [147.71681543586718, -35.92282518304953], [147.71658813055703, -35.92282518304953], [147.71658813055703, -35.92259311907711], [147.71686358693285, -35.92259311907711], [147.71686358693285, -35.92231759368119], [147.7171390433087, -35.92231759368119], [147.7171390433087, -35.92204206732538], [147.71741449968457, -35.92204206732538], [147.71741449968457, -35.921766540009656], [147.7171390433087, -35.921766540009656], [147.7171390433087, -35.92149101173406], [147.71686358693285, -35.92149101173406], [147.71686358693285, -35.92121548249857], [147.7163126741812, -35.92121548249857], [147.7163126741812, -35.92093995230319], [147.71603721780536, -35.92093995230319], [147.71603721780536, -35.92066442114794], [147.714935392302, -35.92066442114794], [147.714935392302, -35.92093995230319], [147.71465993592616, -35.92093995230319], [147.71465993592616, -35.92121548249857], [147.71328265404696, -35.92121548249857], [147.71328265404696, -35.92149101173406], [147.7135581104228, -35.92149101173406], [147.7135581104228, -35.921766540009656], [147.71360895149218, -35.921766540009656], [147.71360895149218, -35.92182280971362], [147.71413000520312, -35.92182280971362], [147.71413000520312, -35.921782714780186], [147.7141700862578, -35.921782714780186], [147.7141700862578, -35.921662429979875], [147.7142502483672, -35.921662429979875], [147.7142502483672, -35.921622335046436], [147.71429032942189, -35.921622335046436], [147.71429032942189, -35.921502050246126], [147.71433041047655, -35.921502050246126], [147.71433041047655, -35.92149101173406], [147.71438447955032, -35.92149101173406], [147.71438447955032, -35.921766540009656], [147.714935392302, -35.921766540009656], [147.714935392302, -35.92204206732538], [147.71521084867783, -35.92204206732538], [147.71521084867783, -35.92231759368119], [147.714935392302, -35.92231759368119], [147.714935392302, -35.92259311907711], [147.71410902317447, -35.92259311907711], [147.71410902317447, -35.92286864351314], [147.71276724934376, -35.92286864351314], [147.71276724934376, -35.9227850881161], [147.71280733039845, -35.9227850881161], [147.71280733039845, -35.92270489824922], [147.71276724934376, -35.92270489824922], [147.71276724934376, -35.92266480331579], [147.71268708723437, -35.92266480331579], [147.71268708723437, -35.92254451851548], [147.71256684407032, -35.92254451851548], [147.71256684407032, -35.92258461344891], [147.71248668196094, -35.92258461344891], [147.71248668196094, -35.92266480331579], [147.71236643879686, -35.92266480331579], [147.71236643879686, -35.92242423371517], [147.7122862766875, -35.92242423371517], [147.7122862766875, -35.92238413878173], [147.71224619563282, -35.92238413878173], [147.71224619563282, -35.9223440438483], [147.7119255471953, -35.9223440438483], [147.7119255471953, -35.92238413878173], [147.71184538508592, -35.92238413878173], [147.71184538508592, -35.9223440438483], [147.71180530403126, -35.9223440438483], [147.71180530403126, -35.92230394891486], [147.71176522297657, -35.92230394891486], [147.71176522297657, -35.92226385398142], [147.7116449798125, -35.92226385398142], [147.7116449798125, -35.92230394891486], [147.71156481770313, -35.92230394891486], [147.71156481770313, -35.92226385398142], [147.71152473664844, -35.92226385398142], [147.71152473664844, -35.92222375904799], [147.71148465559375, -35.92222375904799], [147.71148465559375, -35.92214356918111], [147.71140449348437, -35.92214356918111], [147.71140449348437, -35.92210347424768], [147.71136441242967, -35.92210347424768], [147.71136441242967, -35.92206337931424], [147.7110838450469, -35.92206337931424], [147.7110838450469, -35.922023284380806], [147.7110437639922, -35.922023284380806], [147.7110437639922, -35.92206337931424], [147.7109636018828, -35.92206337931424], [147.7109636018828, -35.92214356918111], [147.71092352082812, -35.92214356918111], [147.71092352082812, -35.9223440438483], [147.7110437639922, -35.9223440438483], [147.7110437639922, -35.9224643286486], [147.7109636018828, -35.9224643286486], [147.7109636018828, -35.92250442358204], [147.7110437639922, -35.92250442358204], [147.7110437639922, -35.92258461344891], [147.71120408821093, -35.92258461344891], [147.71120408821093, -35.92250442358204], [147.71136441242967, -35.92250442358204], [147.71136441242967, -35.92262470838235], [147.71140449348437, -35.92262470838235], [147.71140449348437, -35.92266480331579], [147.71152473664844, -35.92266480331579], [147.71152473664844, -35.92270489824922], [147.7116048987578, -35.92270489824922], [147.7116048987578, -35.92274499318266], [147.7116449798125, -35.92274499318266], [147.7116449798125, -35.92282518304953], [147.7116048987578, -35.92282518304953], [147.7116048987578, -35.92286864351314], [147.7099771775369, -35.92286864351314], [147.7099771775369, -35.92306575265015], [147.70992149446093, -35.92306575265015], [147.70992149446093, -35.92310584758359], [147.70981875294638, -35.92310584758359], [147.70986286593848, -35.923025657716714], [147.70988141340624, -35.923025657716714], [147.70988141340624, -35.92299194159591], [147.71165342, -35.919770737], [147.7135581104228, -35.92001199443791], [147.7135581104228, -35.92038888903281], [147.71521084867783, -35.92038888903281]], [[147.7154927610625, -35.923747366518576], [147.7154927610625, -35.92378746145201], [147.7155328421172, -35.92378746145201], [147.7155328421172, -35.923747366518576], [147.7154927610625, -35.923747366518576]], [[147.71336846516405, -35.92258461344891], [147.71336846516405, -35.92254451851548], [147.7132081409453, -35.92254451851548], [147.7132081409453, -35.92258461344891], [147.71312797883593, -35.92258461344891], [147.71312797883593, -35.92270489824922], [147.7132081409453, -35.92270489824922], [147.7132081409453, -35.92274499318266], [147.713248222, -35.92274499318266], [147.713248222, -35.9227850881161], [147.71336846516405, -35.9227850881161], [147.71336846516405, -35.92274499318266], [147.71340854621874, -35.92274499318266], [147.71340854621874, -35.92258461344891], [147.71336846516405, -35.92258461344891]], [[147.71311680437677, -35.922468572163794], [147.7131250881163, -35.92246872575562], [147.71313335409283, -35.922468260592936], [147.71314153198014, -35.922467180633305], [147.71322353198002, -35.922453180645974], [147.71323174831934, -35.92245144574005], [147.7132397256812, -35.9224490903675], [147.71324739279274, -35.9224461355721], [147.71325468115288, -35.9224426077531], [147.71326152564453, -35.92243853842934], [147.71326786511636, -35.922433963957715], [147.71327364292893, -35.92242892520827], [147.71327880746102, -35.92242346719911], [147.7132833125707, -35.92241763869415], [147.71336381257063, -35.922301638746546], [147.7133673170667, -35.922296035296874], [147.71337021161452, -35.92229020792289], [147.71337247463515, -35.92228420006793], [147.7133740892576, -35.92227805652079], [147.71338500338317, -35.9222254702873], [147.7133899116209, -35.92220338322087], [147.71339100426977, -35.92219670542346], [147.71339132948773, -35.92218997440788], [147.7133908844863, -35.922183247887624], [147.713389673081, -35.92217658353767], [147.71338770565885, -35.922170038499964], [147.71338499908893, -35.92216366889343], [147.71338157657814, -35.92215752933282], [147.713377467472, -35.92215167246041], [147.71329446747194, -35.92204517240819], [147.71328902146183, -35.92203893581253], [147.71328279795756, -35.922033196034405], [147.7132758655731, -35.92202801635482], [147.7132683007379, -35.92202345387976], [147.713260186854, -35.92201955891049], [147.71317768685407, -35.92198455888197], [147.71316979203135, -35.9219815948825], [147.71316158011385, -35.921979263387534], [147.71291008011394, -35.92191876333411], [147.71290118323338, -35.92191701718016], [147.7128921131006, -35.92191601336224], [147.7128829639088, -35.92191576230503], [147.7128738306724, -35.92191626661575], [147.7128648082399, -35.921917521057125], [147.71285599030927, -35.92191951260177], [147.71284746845464, -35.921922220567446], [147.71283933117545, -35.92192561683186], [147.7128316629772, -35.92192966612474], [147.7128245434942, -35.92193432639414], [147.71281804666214, -35.92193954924305], [147.71281445467366, -35.92194309451393], [147.71280733039845, -35.92194309451393], [147.71280733039845, -35.92186290464706], [147.71268708723437, -35.92186290464706], [147.71268708723437, -35.92194309451393], [147.71256684407032, -35.92194309451393], [147.71256684407032, -35.92198318944737], [147.71248668196094, -35.92198318944737], [147.71248668196094, -35.922023284380806], [147.71240651985156, -35.922023284380806], [147.71240651985156, -35.92214356918111], [147.71248668196094, -35.92214356918111], [147.71248668196094, -35.92218366411455], [147.71256684407032, -35.92218366411455], [147.71256684407032, -35.92214356918111], [147.71264700617968, -35.92214356918111], [147.71264700617968, -35.92206337931424], [147.71268708723437, -35.92206337931424], [147.71268708723437, -35.922023284380806], [147.71274110038826, -35.922023284380806], [147.7126982399506, -35.92207028050035], [147.71269324127908, -35.92207638173877], [147.71268902527385, -35.92208285898778], [147.7126856346449, -35.92208964663006], [147.71268131358048, -35.92209972911701], [147.7126324987665, -35.92220931342723], [147.7126299410027, -35.92221606574351], [147.7126282038719, -35.92222298709828], [147.71262730374855, -35.922230012249884], [147.71262724911733, -35.92223707497821], [147.71262804049323, -35.92224410870902], [147.71262967041662, -35.922251047141394], [147.7126321235236, -35.92225782487272], [147.71263537669086, -35.92226437801522], [147.71263939925356, -35.922270644798125], [147.7126441532945, -35.92227656614993], [147.7126495940014, -35.922282086255244], [147.71265567008942, -35.92228715308086], [147.7126623242845, -35.92229171886627], [147.7127613242845, -35.92235321882139], [147.71276976390905, -35.92235786961297], [147.712778800617, -35.92236171496532], [147.7129213006169, -35.922414214921375], [147.71292804851484, -35.922416438180306], [147.71309254851496, -35.922464438138796], [147.7131004650694, -35.92246641919677], [147.71310857335152, -35.922467801124206], [147.71311680437677, -35.922468572163794]], [[147.7152121936797, -35.924749739854484], [147.7152121936797, -35.92470964492105], [147.7150919505156, -35.92470964492105], [147.7150919505156, -35.924749739854484], [147.71505186946092, -35.924749739854484], [147.71505186946092, -35.92478983478792], [147.71497170735157, -35.92478983478792], [147.71497170735157, -35.92482992972136], [147.71505186946092, -35.92482992972136], [147.71505186946092, -35.924870024654794], [147.7151320315703, -35.924870024654794], [147.7151320315703, -35.92482992972136], [147.7152121936797, -35.92482992972136], [147.7152121936797, -35.92478983478792], [147.71525227473438, -35.92478983478792], [147.71525227473438, -35.924749739854484], [147.7152121936797, -35.924749739854484]], [[147.71789762434375, -35.921502050246126], [147.71789762434375, -35.921461955312694], [147.71777738117967, -35.921461955312694], [147.71777738117967, -35.921502050246126], [147.717737300125, -35.921502050246126], [147.717737300125, -35.921542145179565], [147.71777738117967, -35.921542145179565], [147.71777738117967, -35.921582240113004], [147.71789762434375, -35.921582240113004], [147.71789762434375, -35.921542145179565], [147.71793770539844, -35.921542145179565], [147.71793770539844, -35.921582240113004], [147.7180579485625, -35.921582240113004], [147.7180579485625, -35.921622335046436], [147.71809802961718, -35.921622335046436], [147.71809802961718, -35.921582240113004], [147.71817819172657, -35.921582240113004], [147.71817819172657, -35.921542145179565], [147.71809802961718, -35.921542145179565], [147.71809802961718, -35.921502050246126], [147.7180579485625, -35.921502050246126], [147.7180579485625, -35.921542145179565], [147.7180178675078, -35.921542145179565], [147.7180178675078, -35.921502050246126], [147.71789762434375, -35.921502050246126]], [[147.71817819172657, -35.92126148064551], [147.71817819172657, -35.92122138571207], [147.71809802961718, -35.92122138571207], [147.71809802961718, -35.92126148064551], [147.7180579485625, -35.92126148064551], [147.7180579485625, -35.921301575578944], [147.71809802961718, -35.921301575578944], [147.71809802961718, -35.92134167051238], [147.71817819172657, -35.92134167051238], [147.71817819172657, -35.921301575578944], [147.71821827278126, -35.921301575578944], [147.71821827278126, -35.92126148064551], [147.71817819172657, -35.92126148064551]]], [[[147.7196211096953, -35.921902999580496], [147.71954094758593, -35.921902999580496], [147.71954094758593, -35.921782714780186], [147.7197012718047, -35.921782714780186], [147.7197012718047, -35.92194309451393], [147.7196211096953, -35.92194309451393], [147.7196211096953, -35.921902999580496]]], [[[147.7206632171172, -35.922023284380806], [147.72054297395312, -35.922023284380806], [147.72054297395312, -35.92194309451393], [147.7206632171172, -35.92194309451393], [147.7206632171172, -35.921782714780186], [147.72070329817188, -35.921782714780186], [147.72070329817188, -35.921742619846746], [147.72078346028124, -35.921742619846746], [147.72078346028124, -35.921622335046436], [147.72082354133593, -35.921622335046436], [147.72082354133593, -35.921582240113004], [147.7209437845, -35.921582240113004], [147.7209437845, -35.921502050246126], [147.72098386555467, -35.921502050246126], [147.72098386555467, -35.921461955312694], [147.72106402766406, -35.921461955312694], [147.72106402766406, -35.921421860379255], [147.72098386555467, -35.921421860379255], [147.72098386555467, -35.92126148064551], [147.7209437845, -35.92126148064551], [147.7209437845, -35.92122138571207], [147.72086362239062, -35.92122138571207], [147.72086362239062, -35.9211411958452], [147.7209437845, -35.9211411958452], [147.7209437845, -35.92110110091176], [147.72086362239062, -35.92110110091176], [147.72086362239062, -35.92106100597832], [147.72082354133593, -35.92106100597832], [147.72082354133593, -35.92110110091176], [147.72078346028124, -35.92110110091176], [147.72078346028124, -35.9211411958452], [147.72082354133593, -35.9211411958452], [147.72082354133593, -35.92122138571207], [147.7206632171172, -35.92122138571207], [147.7206632171172, -35.921181290778634], [147.7205830550078, -35.921181290778634], [147.7205830550078, -35.92110110091176], [147.72054297395312, -35.92110110091176], [147.72054297395312, -35.92106100597832], [147.72050289289842, -35.92106100597832], [147.72050289289842, -35.92110110091176], [147.72042273078907, -35.92110110091176], [147.72042273078907, -35.921181290778634], [147.72050289289842, -35.921181290778634], [147.72050289289842, -35.92122138571207], [147.72042273078907, -35.92122138571207], [147.72042273078907, -35.921381765445815], [147.72022232551564, -35.921381765445815], [147.72022232551564, -35.92134167051238], [147.72006200129687, -35.92134167051238], [147.72006200129687, -35.921301575578944], [147.71990167707813, -35.921301575578944], [147.71990167707813, -35.92134167051238], [147.71966119075, -35.92134167051238], [147.71966119075, -35.921301575578944], [147.71942070442188, -35.921301575578944], [147.71942070442188, -35.92126148064551], [147.71950086653123, -35.92126148064551], [147.71950086653123, -35.9211411958452], [147.71942070442188, -35.9211411958452], [147.71942070442188, -35.92106100597832], [147.71918021809375, -35.92106100597832], [147.71918021809375, -35.9211411958452], [147.71897981282032, -35.9211411958452], [147.71897981282032, -35.921181290778634], [147.71889965071094, -35.921181290778634], [147.71889965071094, -35.92122138571207], [147.71881948860155, -35.92122138571207], [147.71881948860155, -35.921181290778634], [147.71879178156374, -35.921181290778634], [147.71879178156374, -35.92093995230319], [147.72088418859744, -35.92093995230319], [147.721779704, -35.921053383], [147.72177584900058, -35.92204206732538], [147.72154634532214, -35.92204206732538], [147.72154634532214, -35.921766540009656], [147.72099543257048, -35.921766540009656], [147.72099543257048, -35.92204206732538], [147.7206632171172, -35.92204206732538], [147.7206632171172, -35.922023284380806]]], [[[147.71796541243623, -35.91925673397368], [147.71797778645313, -35.91925673397368], [147.71797778645313, -35.91928675097355], [147.71796541243623, -35.91928675097355], [147.71796541243623, -35.91925673397368]]], [[[147.712202576, -35.915214257], [147.712235635, -35.915211388], [147.712268739, -35.915208878], [147.712301888, -35.915206754], [147.712335064, -35.915204997], [147.712368266, -35.915203616], [147.712401495, -35.915202612], [147.712434733, -35.915201985], [147.712467981, -35.915201725], [147.712501228, -35.915201841], [147.712534475, -35.915202343], [147.712567705, -35.915203213], [147.712600916, -35.91520445], [147.71263411, -35.915206081], [147.712667268, -35.915208071], [147.71270039, -35.915210438], [147.712733467, -35.915213181], [147.712766499, -35.915216291], [147.712799468, -35.915219778], [147.712832375, -35.915223651], [147.712865219, -35.915227873], [147.712897983, -35.915232471], [147.712930664, -35.915237437], [147.712963257, -35.91524278], [147.712995761, -35.915248481], [147.713028157, -35.915254549], [147.713060445, -35.915260986], [147.713092634, -35.915267789], [147.713124699, -35.915274951], [147.713156637, -35.915282472], [147.713188441, -35.915290352], [147.713220111, -35.915298598], [147.713251638, -35.915307195], [147.713283011, -35.915316141], [147.713314233, -35.915325445], [147.713345284, -35.915335118], [147.713376174, -35.915345112], [147.713406894, -35.915355466], [147.713437433, -35.915366169], [147.713467785, -35.915377203], [147.71349794, -35.915388588], [147.713527906, -35.915400313], [147.713557667, -35.915412387], [147.713587221, -35.915424766], [147.71361656, -35.915437495], [147.713645675, -35.915450556], [147.713674566, -35.91546393], [147.71368911360156, -35.91547088536425], [147.71368911360156, -35.91552790516408], [147.71372919465625, -35.91552790516408], [147.71372919465625, -35.91554849211545], [147.712598675, -35.915403414], [147.712562013, -35.9155823], [147.71396968098438, -35.91576294256097], [147.71396968098438, -35.915888759565014], [147.71400976203907, -35.915888759565014], [147.71400976203907, -35.91592885449845], [147.7141700862578, -35.91592885449845], [147.7141700862578, -35.915888759565014], [147.7142502483672, -35.915888759565014], [147.7142502483672, -35.91579894708129], [147.714754177, -35.915863615], [147.71537251789843, -35.91613979829378], [147.71537251789843, -35.916209519032506], [147.71541259895312, -35.916209519032506], [147.71541259895312, -35.916249613965945], [147.7155328421172, -35.916249613965945], [147.7155328421172, -35.91621140745132], [147.7161741389922, -35.91649784408146], [147.7161741389922, -35.9165302785], [147.7161340579375, -35.9165302785], [147.7161340579375, -35.91661046836687], [147.7160939768828, -35.91661046836687], [147.7160939768828, -35.91669065823375], [147.71601381477345, -35.91669065823375], [147.71601381477345, -35.91673075316718], [147.71597373371876, -35.91673075316718], [147.71597373371876, -35.91677084810062], [147.71601381477345, -35.91677084810062], [147.71601381477345, -35.9169713227678], [147.71597373371876, -35.9169713227678], [147.71597373371876, -35.91701141770124], [147.71593365266406, -35.91701141770124], [147.71593365266406, -35.91705151263467], [147.71601381477345, -35.91705151263467], [147.71601381477345, -35.91709160756811], [147.7160939768828, -35.91709160756811], [147.7160939768828, -35.91717179743498], [147.7161340579375, -35.91717179743498], [147.7161340579375, -35.91737227210216], [147.716454706375, -35.91737227210216], [147.716454706375, -35.9174123670356], [147.71653486848436, -35.9174123670356], [147.71653486848436, -35.91737227210216], [147.71665511164844, -35.91737227210216], [147.71665511164844, -35.9174123670356], [147.71689559797656, -35.9174123670356], [147.71689559797656, -35.91737227210216], [147.71697576008594, -35.91737227210216], [147.71697576008594, -35.91733217716873], [147.71709600325, -35.91733217716873], [147.71709600325, -35.91729208223529], [147.71725632746876, -35.91729208223529], [147.71725632746876, -35.91733217716873], [147.71753689485155, -35.91733217716873], [147.71753689485155, -35.91753265183591], [147.71757697590624, -35.91753265183591], [147.71757697590624, -35.917572746769345], [147.71769721907032, -35.917572746769345], [147.71769721907032, -35.917612841702784], [147.717737300125, -35.917612841702784], [147.717737300125, -35.91765293663622], [147.71785754328906, -35.91765293663622], [147.71785754328906, -35.917612841702784], [147.7180178675078, -35.917612841702784], [147.7180178675078, -35.91765293663622], [147.71813811067187, -35.91765293663622], [147.71813811067187, -35.917733126503094], [147.71817819172657, -35.917733126503094], [147.71817819172657, -35.917693031569655], [147.7182984348906, -35.917693031569655], [147.7182984348906, -35.917733126503094], [147.7183385159453, -35.917733126503094], [147.7183385159453, -35.917853411303405], [147.7184186780547, -35.917853411303405], [147.7184186780547, -35.91789350623684], [147.71845875910938, -35.91789350623684], [147.71845875910938, -35.917933601170276], [147.71853892121874, -35.917933601170276], [147.71853892121874, -35.91789350623684], [147.71857900227343, -35.91789350623684], [147.71857900227343, -35.917733126503094], [147.71861908332812, -35.917733126503094], [147.71861908332812, -35.917621541196986], [147.71866373001507, -35.91762124746907], [147.71866570447813, -35.91762121689903], [147.71868485268993, -35.91762074986989], [147.71875800028897, -35.91762074986991], [147.7187668244229, -35.917620398028085], [147.7187755632055, -35.91761934590575], [147.71878413211107, -35.91761760367955], [147.71879244825698, -35.917615188201076], [147.71880043120547, -35.917612122833944], [147.71880800374154, -35.91760843722782], [147.71881509262002, -35.91760416703155], [147.71887809261992, -35.91756216706142], [147.71888522250939, -35.91755686693825], [147.71889160696782, -35.91755097638502], [147.71889717189046, -35.91754456377359], [147.71894117189046, -35.91748756380148], [147.71894530748688, -35.91748159971422], [147.7189487331659, -35.917475347433424], [147.7189514186444, -35.917468862229306], [147.71895334018276, -35.91746220143115], [147.71895448079454, -35.91745542392055], [147.71895483039665, -35.91744858961081], [147.71895433039668, -35.91737658961043], [147.71895405844333, -35.91737132737338], [147.71894705844318, -35.91729882736824], [147.7189460263343, -35.91729214088677], [147.71894423474205, -35.917285560425526], [147.7189416990369, -35.91727914243968], [147.71893844097315, -35.917272941990525], [147.71893448850247, -35.91726701227305], [147.71892987553386, -35.91726140415961], [147.71892464164299, -35.91725616576345], [147.71887964164299, -35.91721516573837], [147.71887356758117, -35.91721014290615], [147.71886692323625, -35.91720561834289], [147.7188597706571, -35.91720163430177], [147.71885217663882, -35.91719822798824], [147.7187756766388, -35.917167727963104], [147.7187679872259, -35.917165015673305], [147.71876001898417, -35.91716289598946], [147.7186710189842, -35.9171428959717], [147.71866271914004, -35.917141369706954], [147.71865427819284, -35.91714048643306], [147.7186457719143, -35.917140254078916], [147.71863727666252, -35.91714067473028], [147.71862886869653, -35.917141744611094], [147.7186206234919, -35.917143454117365], [147.71861261506314, -35.91714578790338], [147.7186049152993, -35.917148725019445], [147.71859759331866, -35.917152239099956], [147.71856067120086, -35.91717193091131], [147.71852925487744, -35.917188129965574], [147.71852269151788, -35.917191857609176], [147.71851656463002, -35.91719604428023], [147.71851092300554, -35.91720065663794], [147.7184354230056, -35.91726815667955], [147.71842958204482, -35.91727395157065], [147.71842450672014, -35.91728020157439], [147.71842025068995, -35.91728684061299], [147.71841685895086, -35.917293798495656], [147.71837385895097, -35.917397298525934], [147.71837157548094, -35.91740377147519], [147.7183700405828, -35.91741038765075], [147.7183692673992, -35.917417090401784], [147.7183692625504, -35.9174238223362], [147.71837002607793, -35.91743052581206], [147.71837155144414, -35.917437143431066], [147.71837382558812, -35.91744361853013], [147.71837682903757, -35.917449895666465], [147.71840009881134, -35.917492556902474], [147.7183385159453, -35.917492556902474], [147.7183385159453, -35.91745246196904], [147.71825835383592, -35.91745246196904], [147.71825835383592, -35.91737227210216], [147.7180579485625, -35.91737227210216], [147.7180579485625, -35.91733217716873], [147.7180178675078, -35.91733217716873], [147.7180178675078, -35.91725198730185], [147.71797778645313, -35.91725198730185], [147.71797778645313, -35.91721189236842], [147.71789762434375, -35.91721189236842], [147.71789762434375, -35.91717179743498], [147.717737300125, -35.91717179743498], [147.717737300125, -35.91713170250154], [147.71759234201397, -35.91713170250154], [147.7175927705275, -35.91713051233738], [147.71760307052747, -35.917095612344845], [147.71760469591447, -35.91708859996132], [147.71760546533474, -35.91708149235888], [147.71760537138792, -35.91707435789877], [147.71760441497764, -35.91706726520056], [147.7176026053027, -35.91706028248214], [147.7175999597686, -35.91705347690366], [147.71759650382023, -35.917046913921546], [147.71759227069705, -35.917040656658905], [147.71758730111347, -35.91703476529847], [147.7175816428671, -35.917029296503685], [147.71757535037926, -35.91702430287378], [147.71756848417138, -35.917019832437795], [147.71756111028293, -35.917015928192676], [147.71755329963634, -35.917012627689715], [147.71754512735473, -35.91700996267338], [147.71753667203947, -35.91700795877599], [147.7174694459459, -35.916994887023876], [147.719972367, -35.917289049], [147.721901806, -35.917515765], [147.7218630277324, -35.92011335595779], [147.72182180169796, -35.92011335595779], [147.72182180169796, -35.91956228692816], [147.72154634532214, -35.91956228692816], [147.72154634532214, -35.919011214059054], [147.7212708889463, -35.919011214059054], [147.7212708889463, -35.91873567618471], [147.71934269431543, -35.91873567618471], [147.71934269431543, -35.919011214059054], [147.7186591643828, -35.919011214059054], [147.7186591643828, -35.91873549983901], [147.7186992454375, -35.91873549983901], [147.7186992454375, -35.91869540490557], [147.7187393264922, -35.91869540490557], [147.7187393264922, -35.91841474037152], [147.7186992454375, -35.91841474037152], [147.7186992454375, -35.91829445557121], [147.71861908332812, -35.91829445557121], [147.71861908332812, -35.918214265704336], [147.71857900227343, -35.918214265704336], [147.71857900227343, -35.9181741707709], [147.71845875910938, -35.9181741707709], [147.71845875910938, -35.918214265704336], [147.7184186780547, -35.918214265704336], [147.7184186780547, -35.91825436063777], [147.718378597, -35.91825436063777], [147.718378597, -35.91833455050464], [147.7182984348906, -35.91833455050464], [147.7182984348906, -35.91837464543808], [147.71825835383592, -35.91837464543808], [147.71825835383592, -35.91841474037152], [147.7182984348906, -35.91841474037152], [147.7182984348906, -35.91853502517183], [147.718378597, -35.91853502517183], [147.718378597, -35.91869540490557], [147.71825835383592, -35.91869540490557], [147.71825835383592, -35.91865530997213], [147.71813811067187, -35.91865530997213], [147.71813811067187, -35.91869540490557], [147.71797778645313, -35.91869540490557], [147.71797778645313, -35.91893597450619], [147.71793770539844, -35.91893597450619], [147.71793770539844, -35.91897606943963], [147.71785754328906, -35.91897606943963], [147.71785754328906, -35.919011214059054], [147.71741449968457, -35.919011214059054], [147.71741449968457, -35.91873567618471], [147.71686358693285, -35.91873567618471], [147.71686358693285, -35.91846013735052], [147.71658813055703, -35.91846013735052], [147.71658813055703, -35.91818459755647], [147.7163126741812, -35.91818459755647], [147.7163126741812, -35.91790905680256], [147.7157617614295, -35.91790905680256], [147.7157617614295, -35.91763351508881], [147.71521084867783, -35.91763351508881], [147.71521084867783, -35.91735797241521], [147.71438447955032, -35.91735797241521], [147.71438447955032, -35.91790905680256], [147.71465993592616, -35.91790905680256], [147.71465993592616, -35.91818459755647], [147.714935392302, -35.91818459755647], [147.714935392302, -35.91846013735052], [147.71521084867783, -35.91846013735052], [147.71521084867783, -35.91873567618471], [147.71548630505367, -35.91873567618471], [147.71548630505367, -35.919011214059054], [147.7157617614295, -35.919011214059054], [147.7157617614295, -35.91928675097355], [147.71603721780536, -35.91928675097355], [147.71603721780536, -35.91956228692816], [147.7163126741812, -35.91956228692816], [147.7163126741812, -35.92011335595779], [147.71658813055703, -35.92011335595779], [147.71658813055703, -35.920212357690694], [147.71521084867783, -35.92003786984967], [147.71521084867783, -35.91956228692816], [147.71473122102344, -35.91956228692816], [147.71473122102344, -35.919537398507735], [147.71465993592616, -35.919537398507735], [147.71465993592616, -35.91928675097355], [147.71438447955032, -35.91928675097355], [147.71438447955032, -35.919011214059054], [147.7135581104228, -35.919011214059054], [147.7135581104228, -35.91982848444045], [147.711690943, -35.919591933], [147.71165820045547, -35.91958745049666], [147.7116583305232, -35.91958510777737], [147.71165782774, -35.91957780268544], [147.71165642146096, -35.91957057543417], [147.71165412590977, -35.919563499123115], [147.71163523654124, -35.91951528151138], [147.71159784432916, -35.91941706460771], [147.7115947526682, -35.91941019191042], [147.71159082444612, -35.919403605372466], [147.71158609937416, -35.91939737157861], [147.711580625219, -35.91939155354769], [147.71157445732007, -35.91938621009547], [147.71156765802996, -35.91938139524015], [147.71148865802994, -35.919330895203714], [147.71148162749043, -35.91932682957305], [147.71147414722896, -35.91932332965727], [147.71146628642563, -35.91932042782493], [147.71145811778004, -35.919318150913305], [147.71144971683879, -35.919316519980164], [147.71144116129688, -35.91931555010899], [147.71143253027898, -35.91931525026954], [147.711324331375, -35.91931570873985], [147.711324331375, -35.91925673397368], [147.71120408821093, -35.91925673397368], [147.71120408821093, -35.91929682890712], [147.71116400715624, -35.91929682890712], [147.71116400715624, -35.919336923840554], [147.71112392610155, -35.919336923840554], [147.71112392610155, -35.91937701877399], [147.7110437639922, -35.91937701877399], [147.7110437639922, -35.919457208640864], [147.71108114865604, -35.919457208640864], [147.71108442179084, -35.9194921220775], [147.7110829375462, -35.91950869614351], [147.70832415, -35.919131014], [147.709819557, -35.917793606], [147.710810166, -35.916401258], [147.71135793717644, -35.915840874998345], [147.71142736567577, -35.915786694666785], [147.71143096636334, -35.91578353145861], [147.7118647683154, -35.91535402272531], [147.71198975587237, -35.91524197291706], [147.71200553, -35.91523932], [147.712038177, -35.91523421], [147.712070913, -35.915229486], [147.71210373, -35.915225121], [147.712136619, -35.915221132], [147.712169562, -35.915217502], [147.712202576, -35.915214257]], [[147.7100016565703, -35.91845483530495], [147.7100016565703, -35.91841474037152], [147.70988141340624, -35.91841474037152], [147.70988141340624, -35.91845483530495], [147.70984133235157, -35.91845483530495], [147.70984133235157, -35.91853502517183], [147.7096810081328, -35.91853502517183], [147.7096810081328, -35.9186152150387], [147.70944052180468, -35.9186152150387], [147.70944052180468, -35.91873549983901], [147.70952068391406, -35.91873549983901], [147.70952068391406, -35.91877559477244], [147.70960084602345, -35.91877559477244], [147.70960084602345, -35.91881568970588], [147.70980125129688, -35.91881568970588], [147.70980125129688, -35.91889587957275], [147.7100016565703, -35.91889587957275], [147.7100016565703, -35.91881568970588], [147.71012189973436, -35.91881568970588], [147.71012189973436, -35.91889587957275], [147.71016198078905, -35.91889587957275], [147.71016198078905, -35.9190562593065], [147.71024214289844, -35.9190562593065], [147.71024214289844, -35.91925673397368], [147.71028222395313, -35.91925673397368], [147.71028222395313, -35.91929682890712], [147.71052271028125, -35.91929682890712], [147.71052271028125, -35.919336923840554], [147.71072311555469, -35.919336923840554], [147.71072311555469, -35.91929682890712], [147.71080327766407, -35.91929682890712], [147.71080327766407, -35.91921663904024], [147.71084335871873, -35.91921663904024], [147.71084335871873, -35.91897606943963], [147.71076319660938, -35.91897606943963], [147.71076319660938, -35.91893597450619], [147.7106830345, -35.91893597450619], [147.7106830345, -35.91885578463932], [147.7106028723906, -35.91885578463932], [147.7106028723906, -35.91877559477244], [147.71056279133595, -35.91877559477244], [147.71056279133595, -35.91869540490557], [147.71048262922656, -35.91869540490557], [147.71048262922656, -35.91873549983901], [147.71044254817187, -35.91873549983901], [147.71044254817187, -35.91877559477244], [147.71040246711718, -35.91877559477244], [147.71040246711718, -35.91873549983901], [147.71024214289844, -35.91873549983901], [147.71024214289844, -35.91869540490557], [147.71016198078905, -35.91869540490557], [147.71016198078905, -35.91853502517183], [147.71012189973436, -35.91853502517183], [147.71012189973436, -35.91845483530495], [147.7100016565703, -35.91845483530495]], [[147.7116048987578, -35.91873549983901], [147.7116048987578, -35.91869540490557], [147.71148465559375, -35.91869540490557], [147.71148465559375, -35.91873549983901], [147.71144457453906, -35.91873549983901], [147.71144457453906, -35.91881568970588], [147.71148465559375, -35.91881568970588], [147.71148465559375, -35.91885578463932], [147.7116048987578, -35.91885578463932], [147.7116048987578, -35.91881568970588], [147.71168506086718, -35.91881568970588], [147.71168506086718, -35.91873549983901], [147.7116048987578, -35.91873549983901]], [[147.7113544594161, -35.91790905680256], [147.7113544594161, -35.91763351508881], [147.71162991579192, -35.91763351508881], [147.71162991579192, -35.91735797241521], [147.71080354666438, -35.91735797241521], [147.71080354666438, -35.91763351508881], [147.71052809028856, -35.91763351508881], [147.71052809028856, -35.91818459755647], [147.71080354666438, -35.91818459755647], [147.71080354666438, -35.91790905680256], [147.7113544594161, -35.91790905680256]], [[147.7121808285436, -35.91735797241521], [147.7121808285436, -35.917082428781775], [147.71162991579192, -35.917082428781775], [147.71162991579192, -35.91735797241521], [147.7121808285436, -35.91735797241521]], [[147.71300719767112, -35.917082428781775], [147.71300719767112, -35.916806884188496], [147.71328265404696, -35.916806884188496], [147.71328265404696, -35.91653133863539], [147.71245628491945, -35.91653133863539], [147.71245628491945, -35.916806884188496], [147.7121808285436, -35.916806884188496], [147.7121808285436, -35.917082428781775], [147.71300719767112, -35.917082428781775]], [[147.71360895149218, -35.91737227210216], [147.71360895149218, -35.91733217716873], [147.71348870832813, -35.91733217716873], [147.71348870832813, -35.91737227210216], [147.71340854621874, -35.91737227210216], [147.71340854621874, -35.917492556902474], [147.71348870832813, -35.917492556902474], [147.71348870832813, -35.91753265183591], [147.71360895149218, -35.91753265183591], [147.71360895149218, -35.917492556902474], [147.71364903254687, -35.917492556902474], [147.71364903254687, -35.91737227210216], [147.71360895149218, -35.91737227210216]], [[147.71148465559375, -35.91645008863313], [147.71148465559375, -35.91640999369969], [147.71136441242967, -35.91640999369969], [147.71136441242967, -35.91645008863313], [147.711324331375, -35.91645008863313], [147.711324331375, -35.91649018356656], [147.71136441242967, -35.91649018356656], [147.71136441242967, -35.9165302785], [147.71148465559375, -35.9165302785], [147.71148465559375, -35.91649018356656], [147.71152473664844, -35.91649018356656], [147.71152473664844, -35.91645008863313], [147.71148465559375, -35.91645008863313]], [[147.71657659980403, -35.91783946776419], [147.71658496823838, -35.91783974868061], [147.71659333260473, -35.917839397172536], [147.71660162019063, -35.91783841629564], [147.71660975895094, -35.91783681457682], [147.71669825895083, -35.91781581459538], [147.71670914434824, -35.91781260109011], [147.71679764434828, -35.91778110111665], [147.71680535422993, -35.91777799165589], [147.71681266096616, -35.91777429851056], [147.71681949738672, -35.917770055631344], [147.71682580064507, -35.917765302022595], [147.71683151279586, -35.91776008138372], [147.71683658132778, -35.917754441707515], [147.71684095964628, -35.91774843483894], [147.71684460750183, -35.917742115998536], [147.71684749136006, -35.91773554327481], [147.71687249135994, -35.91766854329266], [147.71687466482234, -35.91766144903837], [147.7168759483168, -35.91765421396376], [147.71687632888722, -35.91764691110255], [147.716875802692, -35.91763961417271], [147.71686880269192, -35.91758761416757], [147.71686742960011, -35.91758060655627], [147.7168652201446, -35.91757374059565], [147.71686219534124, -35.91756708159322], [147.71685838396124, -35.91756069288796], [147.7168538222576, -35.91755463524787], [147.7168485536202, -35.917548966291925], [147.71684262816316, -35.91754373994203], [147.7168361022481, -35.91753900591015], [147.7167661022482, -35.9174930058773], [147.71675969112766, -35.91748916220687], [147.71675288426422, -35.91748579427599], [147.7167457353283, -35.91748292864008], [147.71673830068764, -35.917480587894055], [147.71673063896256, -35.91747879049419], [147.71662863896248, -35.91745879047629], [147.7166194967383, -35.91745739920685], [147.71661022587614, -35.91745678106161], [147.7166009257875, -35.917456942668935], [147.7165916961973, -35.91745788229592], [147.7164776961974, -35.917474382310814], [147.7164694080726, -35.91747591281483], [147.7164613356945, -35.91747807094116], [147.71645355135146, -35.91748083736364], [147.7164461247525, -35.91748418730881], [147.71643912240316, -35.91748809077771], [147.7163636224032, -35.91753459081172], [147.71635724277016, -35.917538911681014], [147.7163513838888, -35.9175436918442], [147.71634609597558, -35.917548890330515], [147.71634142435306, -35.9175544625837], [147.7163374090617, -35.91756036084403], [147.7163340845165, -35.91756653455752], [147.71633147921204, -35.91757293080932], [147.71630647921202, -35.91764543082717], [147.71630465102098, -35.91765183733162], [147.71630354454223, -35.917658351349345], [147.71630316881436, -35.91766491966824], [147.7163035269067, -35.91767148863269], [147.71630461589407, -35.917678004581774], [147.71630642688064, -35.917684414287685], [147.71633292688068, -35.91776191426865], [147.71633580997127, -35.91776893586785], [147.716339558864, -35.91777568396647], [147.71634413477543, -35.91778208875341], [147.71634949036635, -35.91778808396929], [147.71635557023149, -35.91779360759185], [147.7163623114728, -35.9177986024776], [147.71636964435007, -35.917803016953016], [147.71637749300237, -35.9178068053491], [147.716385776233, -35.91780992847382], [147.71639440834943, -35.91781235401756], [147.71640330004968, -35.9178140568874], [147.7165683000497, -35.91783855686529], [147.71657659980403, -35.91783946776419]], [[147.71558299351625, -35.916345648253994], [147.71557530357725, -35.91634215965511], [147.7155672285071, -35.91633929818971], [147.71555884604783, -35.91633709140638], [147.71536154604783, -35.91629369136785], [147.71535293342527, -35.91629216003683], [147.7153441769175, -35.916291319928575], [147.71533536089447, -35.91629117913763], [147.71532657029948, -35.91629173902055], [147.71531788983094, -35.91629299418277], [147.7153094031261, -35.91629493253062], [147.71530119195526, -35.9162975353879], [147.715293335434, -35.91630077767567], [147.7152859092608, -35.91630462815411], [147.7152789849876, -35.9163090497233], [147.71527262933057, -35.916313999780876], [147.71526690352712, -35.916319430632385], [147.71526186274605, -35.91632528995086], [147.71525755555584, -35.916331521281066], [147.7152540234567, -35.91633806458334], [147.71525130048084, -35.91634485681218], [147.71517910048087, -35.916560456864076], [147.7151772130159, -35.91656743182728], [147.71517617891973, -35.91657452304398], [147.71517600815395, -35.91658166220364], [147.71517670236358, -35.91658878053389], [147.7151782548612, -35.91659580946306], [147.71518065069137, -35.91660268128066], [147.71518386677482, -35.916609329789715], [147.71518787213068, -35.916615690944425], [147.7151926281748, -35.91662170346711], [147.71519808909173, -35.91662730943853], [147.7152042022758, -35.916632454855794], [147.71521090883795, -35.916637090152605], [147.7152181441731, -35.91664117067667], [147.7152258385824, -35.9166446571199], [147.71523391794474, -35.91664751589711], [147.71524230443066, -35.91664971946939], [147.71543960443063, -35.916693019430966], [147.7154482142806, -35.91669454616594], [147.71545696742854, -35.91669538223373], [147.71546577961197, -35.916695519585915], [147.71547456599998, -35.91669495690027], [147.71548324201007, -35.9166936995935], [147.71549172412224, -35.91669175976907], [147.7154999306831, -35.916689156100766], [147.71550778269184, -35.91668591365283], [147.71551520456077, -35.916682063638724], [147.71552212484295, -35.91667764312073], [147.71552847692, -35.916672694653016], [147.7155341996434, -35.91666726587214], [147.71553923792308, -35.916661409038404], [147.71554354325787, -35.91665518053275], [147.71554707420222, -35.9166486403141], [147.7155497967654, -35.91664185134206], [147.71562199676538, -35.91642635139395], [147.7156238848052, -35.91641937868304], [147.71562492000203, -35.91641228968498], [147.7156250923896, -35.91640515264849], [147.7156244003083, -35.91639803628482], [147.71562285042103, -35.916391009106164], [147.71562045764924, -35.91638413876618], [147.71561724502914, -35.91637749140854], [147.71561324349, -35.91637113103019], [147.71560849155622, -35.916365118865244], [147.71560303497674, -35.9163595127954], [147.7155969262843, -35.916354366792746], [147.71559022428985, -35.91634973040008], [147.71558299351625, -35.916345648253994]]], [[[147.71685551692187, -35.91681094303405], [147.71685551692187, -35.91683438123256], [147.71680791727493, -35.916832440274305], [147.71679910169902, -35.916832431562206], [147.71679032751751, -35.91683312267672], [147.71678167922929, -35.91683450696217], [147.7167732401208, -35.91683657108724], [147.7167650914641, -35.916839295173546], [147.716757311734, -35.916842652986986], [147.71674997585248, -35.91684661219036], [147.71674315446705, -35.91685113465488], [147.71673691327032, -35.91685617682729], [147.71673131236756, -35.91686169014933], [147.71672640569776, -35.91686762152543], [147.71672224051403, -35.91687391383394], [147.7167188569289, -35.91688050647731], [147.71671628752756, -35.91688733596568], [147.7167145570544, -35.91689433652828], [147.71671368217457, -35.916901440746805], [147.7167099821746, -35.91696094074956], [147.71670997115933, -35.916968077593374], [147.71671082363758, -35.91697518097038], [147.71671253140565, -35.91698218252222], [147.716715078029, -35.91698901487041], [147.7167184390006, -35.91699561226483], [147.7167225819766, -35.9170019112164], [147.71672746708754, -35.91700785110807], [147.7167330473223, -35.91701337477818], [147.71673926898018, -35.917018429070524], [147.71674607218787, -35.917022965345886], [147.7167533914757, -35.91702693995012], [147.7167611564074, -35.91703031463424], [147.7167692922582, -35.917033056922506], [147.71677772073383, -35.917035140424936], [147.71678636072403, -35.91703654509128], [147.71679512908293, -35.91703725740393], [147.71700112908294, -35.917045757396124], [147.7170099484767, -35.917045770230295], [147.71701872692043, -35.91704508261367], [147.71702737980075, -35.917043701174], [147.7170358237146, -35.91704163922663], [147.71704397727314, -35.91703891664613], [147.71705176188613, -35.91703555967474], [147.71705910251947, -35.91703160066942], [147.71706592841863, -35.91702707779002], [147.71707217379037, -35.91702203463138], [147.717077778437, -35.91701651980322], [147.71708268833666, -35.917010586461586], [147.717086856164, -35.91700429179647], [147.71709024174635, -35.91699769648055], [147.71709281245083, -35.91699086408444], [147.7170945434991, -35.91698386046396], [147.71709541820593, -35.916976753125304], [147.71709911820594, -35.916917153128054], [147.71709912695192, -35.91691099194549], [147.717221793, -35.916965781], [147.717450939091, -35.91699271196006], [147.71745084125564, -35.916992704930955], [147.7174420325946, -35.91699277355659], [147.7174332745859, -35.916993540571205], [147.71742465144803, -35.916994998599044], [147.7174162461026, -35.91699713361941], [147.71740813937694, -35.91699992510151], [147.7174004092267, -35.91700334620188], [147.71739312998642, -35.917007364022574], [147.71738637165453, -35.9170119399274], [147.71738019922032, -35.91701702991359], [147.717374672039, -35.91702258503481], [147.71736984326097, -35.91702855187197], [147.71736575932056, -35.917034873046816], [147.71736245948966, -35.91704148777375], [147.71735997550007, -35.91704833244432], [147.71734957550007, -35.917083232451844], [147.71734792916064, -35.9170902533034], [147.7173471413, -35.91709737109481], [147.71734721952024, -35.91710451714657], [147.71734816306665, -35.91711162250647], [147.7173499628349, -35.917118618614985], [147.71735260145905, -35.917125437966774], [147.71735588958018, -35.91713170250154], [147.71733648957812, -35.91713170250154], [147.71733648957812, -35.91709160756811], [147.71717616535938, -35.91709160756811], [147.71717616535938, -35.91713170250154], [147.71701584114064, -35.91713170250154], [147.71701584114064, -35.91709160756811], [147.71685551692187, -35.91709160756811], [147.71685551692187, -35.91705151263467], [147.71661503059374, -35.91705151263467], [147.71661503059374, -35.91709160756811], [147.71657494953905, -35.91709160756811], [147.71657494953905, -35.91705151263467], [147.71653486848436, -35.91705151263467], [147.71653486848436, -35.91701141770124], [147.71657494953905, -35.91701141770124], [147.71657494953905, -35.91689113290093], [147.71653486848436, -35.91689113290093], [147.71653486848436, -35.91685103796749], [147.716454706375, -35.91685103796749], [147.716454706375, -35.91677084810062], [147.71653486848436, -35.91677084810062], [147.71653486848436, -35.91673075316718], [147.71657494953905, -35.91673075316718], [147.71657494953905, -35.91669065823375], [147.71660582649406, -35.91669065823375], [147.71661503059374, -35.91669476926469], [147.71661503059374, -35.91673075316718], [147.71669519270313, -35.91673075316718], [147.71669519270313, -35.91677084810062], [147.71673527375782, -35.91677084810062], [147.71673527375782, -35.91681094303405], [147.71685551692187, -35.91681094303405]]], [[[147.71633652341467, -35.91657037343344], [147.71633446321093, -35.91657037343344], [147.71633446321093, -35.916569453239], [147.71633652341467, -35.91657037343344]]], [[[147.71673527375782, -35.91632980383282], [147.71689559797656, -35.91632980383282], [147.71689559797656, -35.91636989876625], [147.71701584114064, -35.91636989876625], [147.71701584114064, -35.91657037343344], [147.71697576008594, -35.91657037343344], [147.71697576008594, -35.916649006392774], [147.71681543586718, -35.916577396606776], [147.71681543586718, -35.91657037343344], [147.71679971197184, -35.91657037343344], [147.71669519270313, -35.91652368926729], [147.71669519270313, -35.91645008863313], [147.71673527375782, -35.91645008863313], [147.71673527375782, -35.91632980383282]]], [[[147.71663463196222, -35.91340287369195], [147.71661503059374, -35.91340802259247], [147.71661503059374, -35.91340287369195], [147.71663463196222, -35.91340287369195]]], [[[147.71695609257398, -35.91332268382507], [147.71685551692187, -35.91334589957887], [147.71685551692187, -35.91332268382507], [147.71695609257398, -35.91332268382507]]], [[[147.7171297924724, -35.91328258889164], [147.7170559221953, -35.91329964027665], [147.7170559221953, -35.91328258889164], [147.7171297924724, -35.91328258889164]]], [[[147.71945246999493, -35.91265453747424], [147.71926659847225, -35.912781875987996], [147.7190886286419, -35.912851907808495], [147.71881772808754, -35.912900473723745], [147.71850412064688, -35.912923065360125], [147.71850068782211, -35.9129234210647], [147.7182283878221, -35.91296032108142], [147.7182245977905, -35.91296097188714], [147.71822089110552, -35.91296188479688], [147.71800369110548, -35.91302378482374], [147.71800058053026, -35.91302477816411], [147.7179975698133, -35.913025956163715], [147.7177333171832, -35.91313936216821], [147.7174166516875, -35.913215617167054], [147.7174166516875, -35.91320239902477], [147.71721624641407, -35.91320239902477], [147.71721624641407, -35.9132424939582], [147.71709600325, -35.9132424939582], [147.71709600325, -35.91308211422446], [147.71713608430468, -35.91308211422446], [147.71713608430468, -35.91292173449071], [147.71677535481248, -35.91292173449071], [147.71677535481248, -35.91284154462384], [147.71669519270313, -35.91284154462384], [147.71669519270313, -35.91276135475697], [147.71665511164844, -35.91276135475697], [147.71665511164844, -35.91268116489009], [147.71661503059374, -35.91268116489009], [147.71661503059374, -35.912641069956656], [147.71653486848436, -35.912641069956656], [147.71653486848436, -35.91256088008978], [147.7164947874297, -35.91256088008978], [147.7164947874297, -35.912520785156346], [147.71637454426562, -35.912520785156346], [147.71637454426562, -35.91248069022291], [147.7161340579375, -35.91248069022291], [147.7161340579375, -35.912520785156346], [147.7160538958281, -35.912520785156346], [147.7160538958281, -35.91248069022291], [147.7155328421172, -35.91248069022291], [147.7155328421172, -35.912520785156346], [147.7154927610625, -35.912520785156346], [147.7154927610625, -35.91260097502322], [147.7155328421172, -35.91260097502322], [147.7155328421172, -35.91268116489009], [147.71565308528125, -35.91268116489009], [147.71565308528125, -35.91272125982353], [147.71589357160937, -35.91272125982353], [147.71589357160937, -35.91276135475697], [147.71597373371876, -35.91276135475697], [147.71597373371876, -35.9128014496904], [147.7160538958281, -35.9128014496904], [147.7160538958281, -35.91284154462384], [147.7160939768828, -35.91284154462384], [147.7160939768828, -35.91292173449071], [147.7161741389922, -35.91292173449071], [147.7161741389922, -35.91304201929102], [147.71621422004688, -35.91304201929102], [147.71621422004688, -35.91308211422446], [147.71625430110157, -35.91308211422446], [147.71625430110157, -35.91312220915789], [147.71633446321093, -35.91312220915789], [147.71633446321093, -35.91320239902477], [147.71637454426562, -35.91320239902477], [147.71637454426562, -35.91336277875851], [147.716454706375, -35.91336277875851], [147.716454706375, -35.91344296862538], [147.71648199441157, -35.91344296862538], [147.71592874283763, -35.91358829711717], [147.71592628678252, -35.91358900672453], [147.71545148678248, -35.913738906788744], [147.7154469255382, -35.91374058994039], [147.71455517464858, -35.91411966921818], [147.71388221760955, -35.914404024417635], [147.71343580169594, -35.914585919659906], [147.7133454586422, -35.914606400122786], [147.71404142675107, -35.91379374296425], [147.7149987428688, -35.91270885163996], [147.7150012311135, -35.91270570115125], [147.71500330682593, -35.912702360402534], [147.71500494806727, -35.91269886470323], [147.71501225122643, -35.912680522324095], [147.71513436, -35.912543572], [147.7152051020499, -35.91219838493952], [147.71520536397736, -35.9121977928124], [147.71525122845162, -35.91210645504823], [147.71536570870185, -35.91192226841728], [147.71969717641554, -35.91245183467569], [147.71945246999493, -35.91265453747424]], [[147.71857900227343, -35.912520785156346], [147.71857900227343, -35.91248069022291], [147.71853892121874, -35.91248069022291], [147.71853892121874, -35.912520785156346], [147.71849884016407, -35.912520785156346], [147.71849884016407, -35.91256088008978], [147.71853892121874, -35.91256088008978], [147.71853892121874, -35.91260097502322], [147.71857900227343, -35.91260097502322], [147.71857900227343, -35.91256088008978], [147.7186591643828, -35.91256088008978], [147.7186591643828, -35.912520785156346], [147.71857900227343, -35.912520785156346]]], [[[147.71730349237086, -35.9132424939582], [147.71725632746876, -35.91325338097441], [147.71725632746876, -35.9132424939582], [147.71730349237086, -35.9132424939582]]], [[[147.720668093, -35.912387148], [147.719995592302, -35.9123049294751], [147.72008399277814, -35.91222987068213], [147.7202890951014, -35.91214940676478], [147.7208096924388, -35.91202858931953], [147.72171740265009, -35.9118208722242], [147.720668093, -35.912387148]]], [[[147.721122727, -35.90592445], [147.722880075, -35.904300239], [147.72292631944578, -35.903860401804074], [147.72299287206036, -35.90374984539709], [147.7229948511771, -35.903746017706425], [147.72299627928868, -35.90374203235955], [147.72299713781487, -35.90373794120736], [147.72301034559192, -35.90364222278216], [147.723070963, -35.903647867], [147.724567616, -35.9079495], [147.72511457291975, -35.908711766479875], [147.7250721331328, -35.908711766479875], [147.7250721331328, -35.90875186141331], [147.72499197102343, -35.90875186141331], [147.72499197102343, -35.908832051280186], [147.72503205207812, -35.908832051280186], [147.72503205207812, -35.90891224114706], [147.7251522952422, -35.90891224114706], [147.7251522952422, -35.90903252594737], [147.7251122141875, -35.90903252594737], [147.7251122141875, -35.909072620880806], [147.72503205207812, -35.909072620880806], [147.72503205207812, -35.90911271581424], [147.72499197102343, -35.90911271581424], [147.72499197102343, -35.90915281074768], [147.72491180891407, -35.90915281074768], [147.72491180891407, -35.9093933803483], [147.72487172785938, -35.9093933803483], [147.72487172785938, -35.90947357021517], [147.7248316468047, -35.90947357021517], [147.7248316468047, -35.9095136651486], [147.7247514846953, -35.9095136651486], [147.7247514846953, -35.90955376008204], [147.7247114036406, -35.90955376008204], [147.7247114036406, -35.90963394994891], [147.72467132258595, -35.90963394994891], [147.72467132258595, -35.90979432968266], [147.7247114036406, -35.90979432968266], [147.7247114036406, -35.90975423474922], [147.7247514846953, -35.90975423474922], [147.7247514846953, -35.90963394994891], [147.7248316468047, -35.90963394994891], [147.7248316468047, -35.90959385501548], [147.72487172785938, -35.90959385501548], [147.72487172785938, -35.90955376008204], [147.7251122141875, -35.90955376008204], [147.7251122141875, -35.9095136651486], [147.72519237629686, -35.9095136651486], [147.72519237629686, -35.90947357021517], [147.72531261946094, -35.90947357021517], [147.72531261946094, -35.90943347528173], [147.72539278157032, -35.90943347528173], [147.72539278157032, -35.90947357021517], [147.72559318684375, -35.90947357021517], [147.72559318684375, -35.90943347528173], [147.72563326789844, -35.90943347528173], [147.72563326789844, -35.90935328541486], [147.72563892656686, -35.90935328541486], [147.72598404, -35.909728617], [147.72591383528126, -35.90974519266518], [147.72591383528126, -35.90971413981579], [147.72587375422657, -35.90971413981579], [147.72587375422657, -35.90967404488235], [147.7257535110625, -35.90967404488235], [147.7257535110625, -35.90978304596933], [147.725291233, -35.909892192], [147.723178122, -35.911032573], [147.72196852265972, -35.91168535152422], [147.72189477542327, -35.91170467809281], [147.7207851875135, -35.91195859236902], [147.72078502769395, -35.91195862920019], [147.72026062769393, -35.91208032925398], [147.72025696439084, -35.912081319289484], [147.72025341963263, -35.91208256053088], [147.72003751963263, -35.91216726056592], [147.72003398570365, -35.91216880867879], [147.720030636722, -35.91217060636666], [147.72002749948422, -35.91217263924546], [147.7200245990927, -35.91217489104923], [147.71988707218483, -35.91229166203317], [147.71547163745407, -35.91175184024345], [147.7155558865203, -35.911616292394484], [147.71586933232018, -35.91115081849047], [147.71587064526676, -35.9111487084697], [147.71605252033422, -35.910831158020386], [147.71728734314863, -35.90907898594782], [147.71732541856446, -35.90903118451412], [147.71773297955048, -35.90862432100867], [147.71773382159392, -35.90862345385415], [147.71831722035748, -35.90800353672123], [147.71976752435802, -35.906734451960496], [147.721122727, -35.90592445]], [[147.7257535110625, -35.90959385501548], [147.7257134300078, -35.90959385501548], [147.7257134300078, -35.90955376008204], [147.72563326789844, -35.90955376008204], [147.72563326789844, -35.90959385501548], [147.72559318684375, -35.90959385501548], [147.72559318684375, -35.90963394994891], [147.72563326789844, -35.90963394994891], [147.72563326789844, -35.90967404488235], [147.7257535110625, -35.90967404488235], [147.7257535110625, -35.90959385501548]], [[147.71697576008594, -35.91127784221981], [147.71697576008594, -35.91123774728638], [147.71693567903125, -35.91123774728638], [147.71693567903125, -35.91127784221981], [147.71685551692187, -35.91127784221981], [147.71685551692187, -35.91131793715325], [147.71693567903125, -35.91131793715325], [147.71693567903125, -35.91135803208669], [147.71697576008594, -35.91135803208669], [147.71697576008594, -35.91131793715325], [147.71701584114064, -35.91131793715325], [147.71701584114064, -35.91127784221981], [147.71697576008594, -35.91127784221981]], [[147.71733648957812, -35.91011508915015], [147.71733648957812, -35.90979432968266], [147.71717616535938, -35.90979432968266], [147.71717616535938, -35.9098344246161], [147.7170559221953, -35.9098344246161], [147.7170559221953, -35.90987451954953], [147.71701584114064, -35.90987451954953], [147.71701584114064, -35.90999480434984], [147.71697576008594, -35.90999480434984], [147.71697576008594, -35.91011508915015], [147.71701584114064, -35.91011508915015], [147.71701584114064, -35.91015518408359], [147.71729640852342, -35.91015518408359], [147.71729640852342, -35.91011508915015], [147.71733648957812, -35.91011508915015]], [[147.72090370344532, -35.91063632328483], [147.72090370344532, -35.910556133417955], [147.72082354133593, -35.910556133417955], [147.72082354133593, -35.91063632328483], [147.72078346028124, -35.91063632328483], [147.72078346028124, -35.910676418218266], [147.72086362239062, -35.910676418218266], [147.72086362239062, -35.9107165131517], [147.72090370344532, -35.9107165131517], [147.72090370344532, -35.910676418218266], [147.7209437845, -35.910676418218266], [147.7209437845, -35.91063632328483], [147.72090370344532, -35.91063632328483]], [[147.7180178675078, -35.90931319048142], [147.7180178675078, -35.90927309554799], [147.71785754328906, -35.90927309554799], [147.71785754328906, -35.90931319048142], [147.71777738117967, -35.90931319048142], [147.71777738117967, -35.9095136651486], [147.7180579485625, -35.9095136651486], [147.7180579485625, -35.90955376008204], [147.71817819172657, -35.90955376008204], [147.71817819172657, -35.9095136651486], [147.71821827278126, -35.9095136651486], [147.71821827278126, -35.90947357021517], [147.7182984348906, -35.90947357021517], [147.7182984348906, -35.90935328541486], [147.71821827278126, -35.90935328541486], [147.71821827278126, -35.90931319048142], [147.7180178675078, -35.90931319048142]], [[147.717737300125, -35.90919290568111], [147.71765713801562, -35.90919290568111], [147.71765713801562, -35.90923300061455], [147.71761705696093, -35.90923300061455], [147.71761705696093, -35.90927309554799], [147.71765713801562, -35.90927309554799], [147.71765713801562, -35.90931319048142], [147.717737300125, -35.90931319048142], [147.717737300125, -35.90927309554799], [147.71777738117967, -35.90927309554799], [147.71777738117967, -35.90923300061455], [147.717737300125, -35.90923300061455], [147.717737300125, -35.90919290568111]], [[147.72038264973438, -35.90911271581424], [147.72038264973438, -35.908591481679565], [147.7202624065703, -35.908591481679565], [147.7202624065703, -35.908631576613004], [147.72022232551564, -35.908631576613004], [147.72022232551564, -35.908711766479875], [147.72010208235156, -35.908711766479875], [147.72010208235156, -35.90879195634675], [147.72006200129687, -35.90879195634675], [147.72006200129687, -35.90891224114706], [147.7199818391875, -35.90891224114706], [147.7199818391875, -35.908952336080496], [147.71990167707813, -35.908952336080496], [147.71990167707813, -35.90899243101393], [147.71994175813282, -35.90899243101393], [147.71994175813282, -35.909072620880806], [147.7199818391875, -35.909072620880806], [147.7199818391875, -35.90923300061455], [147.72006200129687, -35.90923300061455], [147.72006200129687, -35.90943347528173], [147.72010208235156, -35.90943347528173], [147.72010208235156, -35.9095136651486], [147.72018224446094, -35.9095136651486], [147.72018224446094, -35.90955376008204], [147.72022232551564, -35.90955376008204], [147.72022232551564, -35.90959385501548], [147.7202624065703, -35.90959385501548], [147.7202624065703, -35.90963394994891], [147.72034256867968, -35.90963394994891], [147.72034256867968, -35.90967404488235], [147.72038264973438, -35.90967404488235], [147.72038264973438, -35.90971413981579], [147.72046281184376, -35.90971413981579], [147.72046281184376, -35.90975423474922], [147.72050289289842, -35.90975423474922], [147.72050289289842, -35.90979432968266], [147.7206632171172, -35.90979432968266], [147.7206632171172, -35.9098344246161], [147.72082354133593, -35.9098344246161], [147.72082354133593, -35.90979432968266], [147.72090370344532, -35.90979432968266], [147.72090370344532, -35.90971413981579], [147.72082354133593, -35.90971413981579], [147.72082354133593, -35.90967404488235], [147.72074337922655, -35.90967404488235], [147.72074337922655, -35.90963394994891], [147.72054297395312, -35.90963394994891], [147.72054297395312, -35.90959385501548], [147.72050289289842, -35.90959385501548], [147.72050289289842, -35.90955376008204], [147.72046281184376, -35.90955376008204], [147.72046281184376, -35.90943347528173], [147.72050289289842, -35.90943347528173], [147.72050289289842, -35.90919290568111], [147.72046281184376, -35.90919290568111], [147.72046281184376, -35.90911271581424], [147.72038264973438, -35.90911271581424]]], [[[147.718337103, -35.907589412], [147.7193813222056, -35.90696528422935], [147.71824983774104, -35.90795538738418], [147.71824707840605, -35.907958045966545], [147.71766279130998, -35.90857890739116], [147.71758513136638, -35.908656434475155], [147.718337103, -35.907589412]]], [[[147.71657494953905, -35.90562445660526], [147.71665511164844, -35.90562445660526], [147.71665511164844, -35.90554426673839], [147.7165553541849, -35.90554426673839], [147.716633051, -35.905512575], [147.717077179, -35.905526065], [147.717390318, -35.905521816], [147.717763461, -35.905459499], [147.718147872, -35.905288152], [147.718517832, -35.905142693], [147.71887874, -35.905093687], [147.719273817, -35.905078403], [147.719654966, -35.905010142], [147.720029614, -35.904801739], [147.720402685, -35.904467732], [147.720768147, -35.904359599], [147.721123738, -35.904456132], [147.721517382, -35.904580632], [147.721585081375, -35.904568087553805], [147.721585081375, -35.90458198833591], [147.7215049192656, -35.90458198833591], [147.7215049192656, -35.904662178202784], [147.721585081375, -35.904662178202784], [147.721585081375, -35.90470227313622], [147.72178548664843, -35.90470227313622], [147.72178548664843, -35.904662178202784], [147.72182556770312, -35.904662178202784], [147.72182556770312, -35.90452352631815], [147.721871253, -35.904515061], [147.722112553, -35.904015381], [147.722489381, -35.904017228], [147.722338167, -35.903579615], [147.722728306, -35.903615955], [147.72268096927195, -35.90406617188372], [147.72254741088523, -35.904256736941086], [147.72238849719864, -35.90448011567006], [147.72194632171067, -35.90488878760516], [147.7218656487578, -35.90493192854807], [147.7218656487578, -35.904902747803405], [147.7219057298125, -35.904902747803405], [147.7219057298125, -35.904862652869966], [147.7218656487578, -35.904862652869966], [147.7218656487578, -35.904782463003095], [147.72174540559374, -35.904782463003095], [147.72174540559374, -35.904862652869966], [147.72166524348438, -35.904862652869966], [147.72166524348438, -35.904902747803405], [147.72174540559374, -35.904902747803405], [147.72174540559374, -35.90494284273684], [147.72184523937926, -35.90494284273684], [147.7212741530175, -35.90524823882385], [147.72127027661617, -35.90525056309805], [147.72126673023809, -35.9052532106335], [147.72126355477255, -35.905256150904435], [147.72087038905144, -35.90566227934683], [147.7201926939234, -35.90625529507555], [147.718167147, -35.90746596], [147.715172494, -35.911715265], [147.7138093567656, -35.91154855901756], [147.7138093567656, -35.91151841182043], [147.71368911360156, -35.91151841182043], [147.71368911360156, -35.91147831688699], [147.71360895149218, -35.91147831688699], [147.71360895149218, -35.91107736755263], [147.71364903254687, -35.91107736755263], [147.71364903254687, -35.91111746248607], [147.71368911360156, -35.91111746248607], [147.71368911360156, -35.91107736755263], [147.71376927571094, -35.91107736755263], [147.71376927571094, -35.91095708275232], [147.71368911360156, -35.91095708275232], [147.71368911360156, -35.91091698781889], [147.71376927571094, -35.91091698781889], [147.71376927571094, -35.91087689288545], [147.7138093567656, -35.91087689288545], [147.7138093567656, -35.9107165131517], [147.71376927571094, -35.9107165131517], [147.71376927571094, -35.910596228351395], [147.71368911360156, -35.910596228351395], [147.71368911360156, -35.910556133417955], [147.71376927571094, -35.910556133417955], [147.71376927571094, -35.910475943551084], [147.71368911360156, -35.910475943551084], [147.71368911360156, -35.910395753684206], [147.71364903254687, -35.910395753684206], [147.71364903254687, -35.910355658750774], [147.71356887043748, -35.910355658750774], [147.71356887043748, -35.91034113105019], [147.713678598, -35.909957778], [147.714036985, -35.909433278], [147.714405511, -35.909187324], [147.714813998, -35.909017922], [147.7148514641875, -35.90899703674514], [147.7148514641875, -35.90927309554799], [147.71489154524218, -35.90927309554799], [147.71489154524218, -35.90931319048142], [147.71497170735157, -35.90931319048142], [147.71497170735157, -35.90923300061455], [147.71501178840626, -35.90923300061455], [147.71501178840626, -35.90919290568111], [147.7150919505156, -35.90919290568111], [147.7150919505156, -35.90915281074768], [147.7151320315703, -35.90915281074768], [147.7151320315703, -35.90911271581424], [147.71557292317186, -35.90911271581424], [147.71557292317186, -35.909072620880806], [147.71561300422655, -35.909072620880806], [147.71561300422655, -35.90879195634675], [147.71557292317186, -35.90879195634675], [147.71557292317186, -35.908671671546436], [147.71561300422655, -35.908671671546436], [147.71561300422655, -35.908591481679565], [147.71585349055468, -35.908591481679565], [147.71585349055468, -35.908511291812694], [147.71589357160937, -35.908511291812694], [147.71589357160937, -35.908350912078944], [147.71585349055468, -35.908350912078944], [147.71585349055468, -35.90827072221207], [147.71577332844532, -35.90827072221207], [147.71577332844532, -35.90803015261145], [147.71573324739063, -35.90803015261145], [147.71573324739063, -35.90794996274458], [147.71577332844532, -35.90794996274458], [147.71577332844532, -35.90786977287771], [147.71573324739063, -35.90786977287771], [147.71573324739063, -35.90778958301083], [147.7156928060846, -35.90778958301083], [147.715682945, -35.907514169], [147.71568371583825, -35.90750891847678], [147.71573324739063, -35.90750891847678], [147.71573324739063, -35.90742872860991], [147.7158134095, -35.90742872860991], [147.7158134095, -35.90738863367647], [147.71589357160937, -35.90738863367647], [147.71589357160937, -35.90734853874303], [147.71593365266406, -35.90734853874303], [147.71593365266406, -35.90726834887616], [147.71589357160937, -35.90726834887616], [147.71589357160937, -35.90718815900929], [147.71593365266406, -35.90718815900929], [147.71593365266406, -35.906666924874614], [147.71597373371876, -35.906666924874614], [147.71597373371876, -35.906586735007735], [147.7160538958281, -35.906586735007735], [147.7160538958281, -35.9061055958065], [147.7160939768828, -35.9061055958065], [147.7160939768828, -35.90598531100619], [147.7160538958281, -35.90598531100619], [147.7160538958281, -35.90594521607275], [147.71597373371876, -35.90594521607275], [147.71597373371876, -35.90590512113932], [147.7160538958281, -35.90590512113932], [147.7160538958281, -35.905832280542356], [147.71610948874255, -35.90578483633901], [147.71633446321093, -35.90578483633901], [147.71633446321093, -35.90574474140557], [147.71637454426562, -35.90574474140557], [147.71637454426562, -35.90570464647213], [147.71657494953905, -35.90570464647213], [147.71657494953905, -35.90562445660526]]], [[[147.72678218431955, -35.92397073165819], [147.72687578059376, -35.92397073165819], [147.72687578059376, -35.92399572033397], [147.72678218431955, -35.92397073165819]]], [[[147.72566083065286, -35.92382755638545], [147.725537232, -35.924441106], [147.72479156575, -35.92434087742167], [147.72479156575, -35.92430869558669], [147.7247114036406, -35.92430869558669], [147.7247114036406, -35.92424625129466], [147.72540273458387, -35.92424625129466], [147.72540273458387, -35.92369521106179], [147.7256781909597, -35.92369521106179], [147.7256781909597, -35.92341968950547], [147.72574299482625, -35.92341968950547], [147.72567698478167, -35.923747366518576], [147.7256733489531, -35.923747366518576], [147.7256733489531, -35.92376541494524], [147.72566890771728, -35.92378746145201], [147.72559318684375, -35.92378746145201], [147.72559318684375, -35.92382755638545], [147.72566083065286, -35.92382755638545]]], [[[147.72619440266405, -35.923306322250774], [147.72615432160939, -35.923306322250774], [147.72615432160939, -35.923386512117645], [147.72619440266405, -35.923386512117645], [147.72619440266405, -35.923506796917955], [147.72627456477343, -35.923506796917955], [147.72627456477343, -35.923546891851394], [147.72643488899217, -35.923546891851394], [147.72643488899217, -35.92358698678483], [147.72647497004687, -35.92358698678483], [147.72647497004687, -35.92370727158514], [147.72643488899217, -35.92370727158514], [147.72643488899217, -35.923747366518576], [147.7263948079375, -35.923747366518576], [147.7263948079375, -35.92370727158514], [147.72631464582813, -35.92370727158514], [147.72631464582813, -35.923747366518576], [147.72627456477343, -35.923747366518576], [147.72627456477343, -35.92378746145201], [147.72631464582813, -35.92378746145201], [147.72631464582813, -35.92382755638545], [147.7263948079375, -35.92382755638545], [147.7263948079375, -35.92378746145201], [147.72655513215625, -35.92378746145201], [147.72655513215625, -35.92382755638545], [147.72659521321094, -35.92382755638545], [147.72659521321094, -35.923867651318886], [147.726715456375, -35.923867651318886], [147.726715456375, -35.92390774625232], [147.72678001646307, -35.92390774625232], [147.72678001646307, -35.92397015287594], [147.72632106, -35.923847619], [147.72584316605145, -35.92341968950547], [147.72595364733556, -35.92341968950547], [147.72595364733556, -35.923306322250774], [147.7260340784453, -35.923306322250774], [147.7260340784453, -35.923266227317335], [147.72619440266405, -35.923266227317335], [147.72619440266405, -35.923306322250774]]], [[[147.72099543257048, -35.92341968950547], [147.72102394660936, -35.92341968950547], [147.72102394660936, -35.923426607051084], [147.72099543257048, -35.923426607051084], [147.72099543257048, -35.92341968950547]]], [[[147.72138467610156, -35.923145942517024], [147.7212708889463, -35.923145942517024], [147.7212708889463, -35.92314416698926], [147.72154634532214, -35.92314416698926], [147.72154634532214, -35.92286864351314], [147.721772626492, -35.92286864351314], [147.721771194, -35.923236086], [147.7215049192656, -35.92332710704646], [147.7215049192656, -35.923226132383896], [147.72146483821095, -35.923226132383896], [147.72146483821095, -35.92318603745046], [147.72138467610156, -35.92318603745046], [147.72138467610156, -35.923145942517024]]], [[[147.7226481708255, -35.92093995230319], [147.7226481708255, -35.9209849812494], [147.722074126, -35.92090874], [147.72208188362976, -35.92038888903281], [147.7220972580738, -35.92038888903281], [147.7220972580738, -35.92066442114794], [147.72237271444965, -35.92066442114794], [147.72237271444965, -35.92093995230319], [147.7226481708255, -35.92093995230319]]], [[[147.721851595, -35.920879186], [147.72099543257048, -35.92077071878196], [147.72099543257048, -35.92066442114794], [147.72182180169796, -35.92066442114794], [147.72182180169796, -35.92038888903281], [147.721858914423, -35.92038888903281], [147.721851595, -35.920879186]]], [[[147.73132477766407, -35.9186152150387], [147.7312045345, -35.9186152150387], [147.7312045345, -35.91853502517183], [147.73132477766407, -35.91853502517183], [147.73132477766407, -35.9186152150387]]], [[[147.73304826301563, -35.918053885970586], [147.73296810090625, -35.918053885970586], [147.73296810090625, -35.91813407583746], [147.73292801985156, -35.91813407583746], [147.73292801985156, -35.918214265704336], [147.73260737141405, -35.918214265704336], [147.73260737141405, -35.9181741707709], [147.7325272093047, -35.9181741707709], [147.7325272093047, -35.91813407583746], [147.73248712825, -35.91813407583746], [147.73248712825, -35.918093980904025], [147.73240696614062, -35.918093980904025], [147.73240696614062, -35.917933601170276], [147.73236688508592, -35.917933601170276], [147.73236688508592, -35.91790905680256], [147.73304826301563, -35.91790905680256], [147.73304826301563, -35.918053885970586]]], [[[147.7339418822349, -35.91763351508881], [147.73449279498655, -35.91763351508881], [147.73449279498655, -35.91735797241521], [147.7353191641141, -35.91735797241521], [147.7353191641141, -35.917082428781775], [147.735693612625, -35.917082428781775], [147.735693612625, -35.91733217716873], [147.73561345051561, -35.91733217716873], [147.73561345051561, -35.91737227210216], [147.73557336946092, -35.91737227210216], [147.73557336946092, -35.9174123670356], [147.73553328840626, -35.9174123670356], [147.73553328840626, -35.917492556902474], [147.73545312629687, -35.917492556902474], [147.73545312629687, -35.91753265183591], [147.73541304524218, -35.91753265183591], [147.73541304524218, -35.917612841702784], [147.7353729641875, -35.917612841702784], [147.7353729641875, -35.91765293663622], [147.73529280207813, -35.91765293663622], [147.73529280207813, -35.917693031569655], [147.73525272102344, -35.917693031569655], [147.73525272102344, -35.917733126503094], [147.73513247785937, -35.917733126503094], [147.73513247785937, -35.91777322143653], [147.73509239680467, -35.91777322143653], [147.73509239680467, -35.917853411303405], [147.73501223469532, -35.917853411303405], [147.73501223469532, -35.91789350623684], [147.73485191047655, -35.91789350623684], [147.73485191047655, -35.917933601170276], [147.7348118294219, -35.917933601170276], [147.7348118294219, -35.917973696103715], [147.7346915862578, -35.917973696103715], [147.7346915862578, -35.91801379103715], [147.73453126203907, -35.91801379103715], [147.73453126203907, -35.918053885970586], [147.734411018875, -35.918053885970586], [147.734411018875, -35.918093980904025], [147.7343709378203, -35.918093980904025], [147.7343709378203, -35.9181741707709], [147.73421061360156, -35.9181741707709], [147.73421061360156, -35.91818459755647], [147.73413045149218, -35.91818459755647], [147.73413045149218, -35.9181741707709], [147.73409037043749, -35.9181741707709], [147.73409037043749, -35.918093980904025], [147.73364947883593, -35.918093980904025], [147.73364947883593, -35.918053885970586], [147.73356931672657, -35.918053885970586], [147.73356931672657, -35.91790905680256], [147.7339418822349, -35.91790905680256], [147.7339418822349, -35.91763351508881]]], [[[147.7260741595, -35.915848664631575], [147.72615432160939, -35.915848664631575], [147.72615432160939, -35.915888759565014], [147.72631464582813, -35.915888759565014], [147.72631464582813, -35.915848664631575], [147.72635472688282, -35.915848664631575], [147.72635472688282, -35.91577728174502], [147.7264473, -35.915811568], [147.7269027208661, -35.91598024464966], [147.72678001646307, -35.91598024464966], [147.72678001646307, -35.91625579212244], [147.7262291037114, -35.91625579212244], [147.7262291037114, -35.916806884188496], [147.72650456008722, -35.916806884188496], [147.72650456008722, -35.917082428781775], [147.72705547283888, -35.917082428781775], [147.72705547283888, -35.91763351508881], [147.7276063855906, -35.91763351508881], [147.7276063855906, -35.91790905680256], [147.72819845539843, -35.91790905680256], [147.72819845539843, -35.917973696103715], [147.7282786175078, -35.917973696103715], [147.7282786175078, -35.918053885970586], [147.7283186985625, -35.918053885970586], [147.7283186985625, -35.918093980904025], [147.72839886067186, -35.918093980904025], [147.72839886067186, -35.918053885970586], [147.72843894172655, -35.918053885970586], [147.72843894172655, -35.91801379103715], [147.72847902278124, -35.91801379103715], [147.72847902278124, -35.917973696103715], [147.72855918489063, -35.917973696103715], [147.72855918489063, -35.917933601170276], [147.72859926594532, -35.917933601170276], [147.72859926594532, -35.91790905680256], [147.72925912384562, -35.91790905680256], [147.72925912384562, -35.91763351508881], [147.72952113020312, -35.91763351508881], [147.72952113020312, -35.91765293663622], [147.7296012923125, -35.91765293663622], [147.7296012923125, -35.917693031569655], [147.72964137336717, -35.917693031569655], [147.72964137336717, -35.91765293663622], [147.72972153547656, -35.91765293663622], [147.72972153547656, -35.91763351508881], [147.73063640572482, -35.91763351508881], [147.73063640572482, -35.91790905680256], [147.73176566926563, -35.91790905680256], [147.73176566926563, -35.917973696103715], [147.73168550715624, -35.917973696103715], [147.73168550715624, -35.918093980904025], [147.73164542610155, -35.918093980904025], [147.73164542610155, -35.91813407583746], [147.7315251829375, -35.91813407583746], [147.7315251829375, -35.918053885970586], [147.7314851018828, -35.918053885970586], [147.7314851018828, -35.917973696103715], [147.73144502082812, -35.917973696103715], [147.73144502082812, -35.918053885970586], [147.73136485871873, -35.918053885970586], [147.73136485871873, -35.91813407583746], [147.73132477766407, -35.91813407583746], [147.73132477766407, -35.91825436063777], [147.7312446155547, -35.91825436063777], [147.7312446155547, -35.91829445557121], [147.7312045345, -35.91829445557121], [147.7312045345, -35.91833455050464], [147.73108429133595, -35.91833455050464], [147.73108429133595, -35.91849493023839], [147.73104421028125, -35.91849493023839], [147.73104421028125, -35.91853502517183], [147.73108429133595, -35.91853502517183], [147.73108429133595, -35.9186152150387], [147.7311644534453, -35.9186152150387], [147.7311644534453, -35.91865530997213], [147.73104421028125, -35.91865530997213], [147.73104421028125, -35.91873567618471], [147.73091186210064, -35.91873567618471], [147.73091186210064, -35.919011214059054], [147.73063640572482, -35.919011214059054], [147.73063640572482, -35.91928675097355], [147.730563237625, -35.91928675097355], [147.730563237625, -35.91925673397368], [147.7306033186797, -35.91925673397368], [147.7306033186797, -35.91921663904024], [147.730563237625, -35.91921663904024], [147.730563237625, -35.91917654410681], [147.73044299446093, -35.91917654410681], [147.73044299446093, -35.91921663904024], [147.73032275129688, -35.91921663904024], [147.73032275129688, -35.91925673397368], [147.7302826702422, -35.91925673397368], [147.7302826702422, -35.91929682890712], [147.7302025081328, -35.91929682890712], [147.7302025081328, -35.91937701877399], [147.7302826702422, -35.91937701877399], [147.7302826702422, -35.919457208640864], [147.73036094934898, -35.919457208640864], [147.73036094934898, -35.91985815797523], [147.73032275129688, -35.91985815797523], [147.73032275129688, -35.91997844277554], [147.73036094934898, -35.91997844277554], [147.73036094934898, -35.92001853770898], [147.73032275129688, -35.92001853770898], [147.73032275129688, -35.92017891744272], [147.73036094934898, -35.92017891744272], [147.73036094934898, -35.92029920224303], [147.7302826702422, -35.92029920224303], [147.7302826702422, -35.92033929717647], [147.7302425891875, -35.92033929717647], [147.7302425891875, -35.92037939210991], [147.7302826702422, -35.92037939210991], [147.7302826702422, -35.92038888903281], [147.73008549297313, -35.92038888903281], [147.73008549297313, -35.92121548249857], [147.73012234602345, -35.92121548249857], [147.73012234602345, -35.92126148064551], [147.73008226496876, -35.92126148064551], [147.73008226496876, -35.921301575578944], [147.73012234602345, -35.921301575578944], [147.73012234602345, -35.921782714780186], [147.73008226496876, -35.921782714780186], [147.73008226496876, -35.921902999580496], [147.73012234602345, -35.921902999580496], [147.73012234602345, -35.92206337931424], [147.73000210285937, -35.92206337931424], [147.73000210285937, -35.922023284380806], [147.72984177864063, -35.922023284380806], [147.72984177864063, -35.92198318944737], [147.72976161653125, -35.92198318944737], [147.72976161653125, -35.922023284380806], [147.72968145442186, -35.922023284380806], [147.72968145442186, -35.92210347424768], [147.72976161653125, -35.92210347424768], [147.72976161653125, -35.92218366411455], [147.72968145442186, -35.92218366411455], [147.72968145442186, -35.92222375904799], [147.72952113020312, -35.92222375904799], [147.72952113020312, -35.92218366411455], [147.72936080598438, -35.92218366411455], [147.72936080598438, -35.92222375904799], [147.7293207249297, -35.92222375904799], [147.7293207249297, -35.92230394891486], [147.72920048176562, -35.92230394891486], [147.72920048176562, -35.9223440438483], [147.72912031965626, -35.9223440438483], [147.72912031965626, -35.92238413878173], [147.72904015754688, -35.92238413878173], [147.72904015754688, -35.92242423371517], [147.7289599954375, -35.92242423371517], [147.7289599954375, -35.9224643286486], [147.7289199143828, -35.9224643286486], [147.7289199143828, -35.92259311907711], [147.728639347, -35.92259311907711], [147.728639347, -35.92258461344891], [147.72859926594532, -35.92258461344891], [147.72859926594532, -35.92254451851548], [147.72851910383594, -35.92254451851548], [147.72851910383594, -35.92258461344891], [147.72847902278124, -35.92258461344891], [147.72847902278124, -35.92259311907711], [147.7284327547181, -35.92259311907711], [147.7284327547181, -35.92250442358204], [147.72843894172655, -35.92250442358204], [147.72843894172655, -35.9224643286486], [147.72847902278124, -35.9224643286486], [147.72847902278124, -35.92242423371517], [147.72851910383594, -35.92242423371517], [147.72851910383594, -35.9223440438483], [147.72847902278124, -35.9223440438483], [147.72847902278124, -35.92230394891486], [147.7284327547181, -35.92230394891486], [147.7284327547181, -35.92204206732538], [147.72870821109396, -35.92204206732538], [147.72870821109396, -35.921766540009656], [147.7276063855906, -35.921766540009656], [147.7276063855906, -35.92149101173406], [147.72788184196642, -35.92149101173406], [147.72788184196642, -35.92093995230319], [147.72815729834227, -35.92093995230319], [147.72815729834227, -35.92011335595779], [147.72678001646307, -35.92011335595779], [147.72678001646307, -35.92038888903281], [147.72595364733556, -35.92038888903281], [147.72595364733556, -35.92066442114794], [147.7243009090805, -35.92066442114794], [147.7243009090805, -35.92038888903281], [147.7240254527047, -35.92038888903281], [147.7240254527047, -35.92011335595779], [147.72374999632885, -35.92011335595779], [147.72374999632885, -35.91956228692816], [147.723474539953, -35.91956228692816], [147.723474539953, -35.919011214059054], [147.7226481708255, -35.919011214059054], [147.7226481708255, -35.91956228692816], [147.72237271444965, -35.91956228692816], [147.72237271444965, -35.92011335595779], [147.72208599535355, -35.92011335595779], [147.722127098, -35.917359003], [147.720192531, -35.917131686], [147.71861908332812, -35.91694676879271], [147.71861908332812, -35.91685103796749], [147.71849884016407, -35.91685103796749], [147.71849884016407, -35.91681094303405], [147.7184186780547, -35.91681094303405], [147.7184186780547, -35.91677084810062], [147.71821827278126, -35.91677084810062], [147.71821827278126, -35.91681094303405], [147.71825835383592, -35.91681094303405], [147.71825835383592, -35.91690437457048], [147.71733648957812, -35.916796033780315], [147.71733648957812, -35.91677084810062], [147.7174166516875, -35.91677084810062], [147.7174166516875, -35.91673075316718], [147.7174567327422, -35.91673075316718], [147.7174567327422, -35.91669065823375], [147.7174166516875, -35.91669065823375], [147.7174166516875, -35.91649018356656], [147.71733648957812, -35.91649018356656], [147.71733648957812, -35.91645008863313], [147.71729640852342, -35.91645008863313], [147.71729640852342, -35.91640999369969], [147.71725632746876, -35.91640999369969], [147.71725632746876, -35.91632980383282], [147.7170559221953, -35.91632980383282], [147.7170559221953, -35.91628970889938], [147.71701584114064, -35.91628970889938], [147.71701584114064, -35.916209519032506], [147.71677535481248, -35.916209519032506], [147.71677535481248, -35.91616942409907], [147.71661503059374, -35.91616942409907], [147.71661503059374, -35.916209519032506], [147.71657494953905, -35.916209519032506], [147.71657494953905, -35.91632980383282], [147.71653486848436, -35.91632980383282], [147.71653486848436, -35.91636989876625], [147.716454706375, -35.91636989876625], [147.716454706375, -35.9164162745883], [147.71563274220267, -35.91604913929876], [147.71569316633594, -35.91604913929876], [147.71569316633594, -35.915768474764704], [147.71561300422655, -35.915768474764704], [147.71561300422655, -35.915728379831265], [147.71541259895312, -35.915728379831265], [147.71541259895312, -35.915768474764704], [147.71533243684374, -35.915768474764704], [147.71533243684374, -35.91591500608636], [147.714827359, -35.91568941], [147.714297642, -35.915621445], [147.714273628, -35.915602737], [147.714249318, -35.915584271], [147.71422472, -35.915566083], [147.714199845, -35.915548137], [147.714174692, -35.915530451], [147.714149262, -35.915513025], [147.714123571, -35.915495859], [147.71411120084605, -35.91548781023065], [147.71413000520312, -35.91548781023065], [147.71413000520312, -35.91544771529721], [147.7141700862578, -35.91544771529721], [147.7141700862578, -35.9153274304969], [147.71413000520312, -35.9153274304969], [147.71413000520312, -35.91528733556346], [147.71400976203907, -35.91528733556346], [147.71400976203907, -35.91520714569659], [147.7138494378203, -35.91520714569659], [147.7138494378203, -35.91524724063003], [147.7138093567656, -35.91524724063003], [147.7138093567656, -35.91528733556346], [147.71374351655706, -35.91528733556346], [147.71373787, -35.915284767], [147.713708638, -35.915271868], [147.713679209, -35.915259282], [147.713649592, -35.915246984], [147.713619778, -35.915235008], [147.713589794, -35.915223328], [147.713559621, -35.915211961], [147.713529269, -35.915200909], [147.713498757, -35.91519017], [147.713468082, -35.915179754], [147.713437228, -35.915169651], [147.71340623, -35.915159863], [147.713375089, -35.915150397], [147.713343796, -35.915141254], [147.713312368, -35.915132442], [147.713280797, -35.915123944], [147.713249092, -35.915115778], [147.71321727, -35.915107944], [147.713185331, -35.915100423], [147.713153276, -35.915093261], [147.713121113, -35.915086412], [147.713088843, -35.915079895], [147.713056465, -35.915073719], [147.713024007, -35.915067866], [147.712991459, -35.915062362], [147.712958821, -35.91505719], [147.712926112, -35.915052349], [147.712893321, -35.915047849], [147.712860468, -35.91504369], [147.712827553, -35.915039862], [147.712794583, -35.915036393], [147.71276156, -35.915033247], [147.712728483, -35.91503045], [147.71269537, -35.915027985], [147.712662221, -35.915025879], [147.712629045, -35.915024113], [147.712595843, -35.915022678], [147.712562622, -35.915021603], [147.712529384, -35.91502085], [147.712496146, -35.915020446], [147.712462899, -35.915020393], [147.712429652, -35.915020688], [147.712396404, -35.915021307], [147.712363184, -35.915022275], [147.712329972, -35.915023593], [147.712296787, -35.915025242], [147.71226363, -35.91502725], [147.71223419344463, -35.91502933706253], [147.71230684147739, -35.91497429177286], [147.71235496221712, -35.914947784596265], [147.71262163376716, -35.91491003349932], [147.71262411381613, -35.914909623778414], [147.71295141381614, -35.91484772380613], [147.7129552216306, -35.91484685886187], [147.71295892074284, -35.914845726001204], [147.7129624824756, -35.9148443340066], [147.7131944824756, -35.91474323404753], [147.7131978937058, -35.91474158598811], [147.71320111181774, -35.91473970029366], [147.713204111644, -35.914737591711315], [147.71320686972425, -35.91473527673132], [147.7132462998052, -35.914699108855274], [147.713252141, -35.914698066], [147.71326793758854, -35.91467991500156], [147.7133098565263, -35.914686174014975], [147.71331390640484, -35.91468662550006], [147.71331799019453, -35.9146867768945], [147.71332207406545, -35.914686626944146], [147.71332612418698, -35.91468617689119], [147.71333010700803, -35.91468543046384], [147.71346420700806, -35.91465503047729], [147.71346832231944, -35.914653921438976], [147.71347228637012, -35.91465249610925], [147.71392288637014, -35.91446889618467], [147.71392347618055, -35.91446865142966], [147.71459677618054, -35.91418415154564], [147.7145968744618, -35.91418410989214], [147.7154864519098, -35.91380595484479], [147.71595769791216, -35.91365717694749], [147.71684878834864, -35.91342310492292], [147.7173657110614, -35.91330378439572], [147.71736620078497, -35.91330366891449], [147.71776320078496, -35.91320806895664], [147.71776739894543, -35.91320687168412], [147.71777143018667, -35.91320534377647], [147.71803666953758, -35.91309151440793], [147.71824704403838, -35.91303155963842], [147.7185138042318, -35.9129954103667], [147.7188285793531, -35.91297273463371], [147.71883430726004, -35.91297201795123], [147.71911320726005, -35.912922017973685], [147.7191182693116, -35.91292085480668], [147.7191231286706, -35.91291922015786], [147.71931092867058, -35.912845320188424], [147.7193142210598, -35.91284388446691], [147.719317354589, -35.91284223192072], [147.71932030754047, -35.912840374003245], [147.71951210754045, -35.91270897404937], [147.71951521564833, -35.91270663188547], [147.71980665334038, -35.912465219350196], [147.720562031, -35.912557572], [147.720634971, -35.912566482], [147.72096377, -35.912606676], [147.72202597297655, -35.91273649455409], [147.72202597297655, -35.91276135475697], [147.72206605403125, -35.91276135475697], [147.72206605403125, -35.91274139311367], [147.724879515, -35.913085244], [147.725584474, -35.915453528], [147.725597346, -35.915496771], [147.72622269138947, -35.915728379831265], [147.72615432160939, -35.915728379831265], [147.72615432160939, -35.915768474764704], [147.7260741595, -35.915768474764704], [147.7260741595, -35.915848664631575]], [[147.71657494953905, -35.91604913929876], [147.71657494953905, -35.916009044365325], [147.71653486848436, -35.916009044365325], [147.71653486848436, -35.91604913929876], [147.716454706375, -35.91604913929876], [147.716454706375, -35.916089234232196], [147.71653486848436, -35.916089234232196], [147.71653486848436, -35.916129329165635], [147.71657494953905, -35.916129329165635], [147.71657494953905, -35.916089234232196], [147.71661503059374, -35.916089234232196], [147.71661503059374, -35.91604913929876], [147.71657494953905, -35.91604913929876]], [[147.7161290571716, -35.915000183470916], [147.7161293209723, -35.914993368323785], [147.71612879582975, -35.9149865631053], [147.7161274863565, -35.91497982758936], [147.71612540405437, -35.91497322093766], [147.71612256721338, -35.91496680118], [147.71611900075098, -35.914960624704605], [147.7161147359934, -35.91495474576284], [147.71605673599342, -35.91488274572662], [147.71605180764598, -35.91487721314656], [147.7160462611027, -35.91487207875189], [147.71604014513298, -35.9148673876882], [147.71603351351305, -35.91486318120298], [147.71602642455326, -35.91485949628294], [147.7160189405851, -35.91485636532878], [147.71601112741328, -35.9148538158703], [147.71600305373724, -35.91485187032433], [147.71599479054683, -35.914850545797655], [147.71598641049835, -35.91484985393654], [147.71588491049837, -35.914845353932385], [147.71587607949976, -35.91484531449665], [147.71586728639323, -35.914845977511625], [147.7157722863933, -35.91485697752163], [147.7157631796957, -35.91485842415496], [147.71575430587453, -35.914860623983635], [147.7157457596341, -35.914863553530324], [147.71573763218265, -35.914867181529864], [147.71573001025897, -35.91487146926298], [147.71572297520666, -35.91487637096949], [147.71571660210614, -35.91488183433669], [147.7157118167862, -35.9148863862291], [147.71569316633594, -35.9148863862291], [147.71569316633594, -35.914904126911864], [147.71566966572743, -35.91492648116254], [147.71561300422655, -35.91492648116254], [147.71561300422655, -35.91500000378485], [147.71561125975072, -35.91500667102941], [147.71557292317186, -35.91500667102941], [147.71557292317186, -35.91515361854838], [147.71556942653248, -35.91516705076316], [147.7154927610625, -35.91516705076316], [147.7154927610625, -35.9153274304969], [147.71553580117785, -35.9153274304969], [147.7155373189984, -35.91533252720324], [147.71554023841793, -35.91533930958816], [147.71554396939072, -35.915345825774004], [147.71554847555103, -35.915352012247574], [147.71555371297725, -35.91535780870945], [147.71555963062022, -35.91536315866159], [147.7155661708007, -35.91536800995815], [147.7155732697716, -35.91537231531362], [147.7155808583392, -35.91537603276381], [147.7155888625378, -35.915379126074846], [147.71559720435047, -35.91538156509628], [147.71571820435034, -35.91541156506991], [147.71572758881055, -35.91541345104915], [147.71573324739063, -35.91541407605152], [147.71573324739063, -35.91552790516408], [147.71577332844532, -35.91552790516408], [147.71577332844532, -35.91556800009752], [147.71597373371876, -35.91556800009752], [147.71597373371876, -35.915608095030954], [147.71601381477345, -35.915608095030954], [147.71601381477345, -35.915648189964394], [147.7161741389922, -35.915648189964394], [147.7161741389922, -35.915608095030954], [147.7161340579375, -35.915608095030954], [147.7161340579375, -35.91544771529721], [147.7164146253203, -35.91544771529721], [147.7164146253203, -35.91552790516408], [147.716454706375, -35.91552790516408], [147.716454706375, -35.91548781023065], [147.71657494953905, -35.91548781023065], [147.71657494953905, -35.91556800009752], [147.71669519270313, -35.91556800009752], [147.71669519270313, -35.915608095030954], [147.71677535481248, -35.915608095030954], [147.71677535481248, -35.915648189964394], [147.71701584114064, -35.915648189964394], [147.71701584114064, -35.91568828489783], [147.71713608430468, -35.91568828489783], [147.71713608430468, -35.915728379831265], [147.71721624641407, -35.915728379831265], [147.71721624641407, -35.915848664631575], [147.71717616535938, -35.915848664631575], [147.71717616535938, -35.915968949431885], [147.71721624641407, -35.915968949431885], [147.71721624641407, -35.916009044365325], [147.71729640852342, -35.916009044365325], [147.71729640852342, -35.91604913929876], [147.7174567327422, -35.91604913929876], [147.7174567327422, -35.916089234232196], [147.717737300125, -35.916089234232196], [147.717737300125, -35.91632980383282], [147.71777738117967, -35.91632980383282], [147.71777738117967, -35.916249613965945], [147.7180579485625, -35.916249613965945], [147.7180579485625, -35.916209519032506], [147.71817819172657, -35.916209519032506], [147.71817819172657, -35.91616942409907], [147.7183385159453, -35.91616942409907], [147.7183385159453, -35.916209519032506], [147.7184186780547, -35.916209519032506], [147.7184186780547, -35.916249613965945], [147.71861908332812, -35.916249613965945], [147.71861908332812, -35.916209519032506], [147.7186591643828, -35.916209519032506], [147.7186591643828, -35.91604913929876], [147.71861908332812, -35.91604913929876], [147.71861908332812, -35.916009044365325], [147.71857900227343, -35.916009044365325], [147.71857900227343, -35.91604913929876], [147.718378597, -35.91604913929876], [147.718378597, -35.916009044365325], [147.7183385159453, -35.916009044365325], [147.7183385159453, -35.91604913929876], [147.71817819172657, -35.91604913929876], [147.71817819172657, -35.916089234232196], [147.7180178675078, -35.916089234232196], [147.7180178675078, -35.91604913929876], [147.71793770539844, -35.91604913929876], [147.71793770539844, -35.916009044365325], [147.71789762434375, -35.916009044365325], [147.71789762434375, -35.915968949431885], [147.71785754328906, -35.915968949431885], [147.71785754328906, -35.915888759565014], [147.71777738117967, -35.915888759565014], [147.71777738117967, -35.915848664631575], [147.717737300125, -35.915848664631575], [147.717737300125, -35.91580856969814], [147.71757697590624, -35.91580856969814], [147.71757697590624, -35.915768474764704], [147.7174567327422, -35.915768474764704], [147.7174567327422, -35.915728379831265], [147.7174166516875, -35.915728379831265], [147.7174166516875, -35.91568828489783], [147.71733648957812, -35.91568828489783], [147.71733648957812, -35.915648189964394], [147.7174567327422, -35.915648189964394], [147.7174567327422, -35.91552790516408], [147.71749681379688, -35.91552790516408], [147.71749681379688, -35.91544771529721], [147.7173765706328, -35.91544771529721], [147.7173765706328, -35.91540762036377], [147.71729640852342, -35.91540762036377], [147.71729640852342, -35.91536752543034], [147.71701584114064, -35.91536752543034], [147.71701584114064, -35.91540762036377], [147.71689559797656, -35.91540762036377], [147.71689559797656, -35.91536752543034], [147.71677535481248, -35.91536752543034], [147.71677535481248, -35.9153274304969], [147.71657494953905, -35.9153274304969], [147.71657494953905, -35.91528733556346], [147.7164947874297, -35.91528733556346], [147.7164947874297, -35.91524724063003], [147.716454706375, -35.91524724063003], [147.716454706375, -35.91520714569659], [147.7164146253203, -35.91520714569659], [147.7164146253203, -35.91516705076316], [147.71629438215624, -35.91516705076316], [147.71629438215624, -35.91508686089628], [147.7161340579375, -35.91508686089628], [147.7161340579375, -35.91516705076316], [147.71610734722563, -35.91516705076316], [147.71611567633468, -35.91513240167567], [147.71611705717174, -35.91512418346188], [147.7161290571716, -35.915000183470916]], [[147.71489154524218, -35.91524724063003], [147.71489154524218, -35.91520714569659], [147.7148514641875, -35.91520714569659], [147.7148514641875, -35.91524724063003], [147.7148113831328, -35.91524724063003], [147.7148113831328, -35.91528733556346], [147.7148514641875, -35.91528733556346], [147.7148514641875, -35.9153274304969], [147.71489154524218, -35.9153274304969], [147.71489154524218, -35.91528733556346], [147.71497170735157, -35.91528733556346], [147.71497170735157, -35.91524724063003], [147.71489154524218, -35.91524724063003]], [[147.71533243684374, -35.91512695582972], [147.71533243684374, -35.91504676596285], [147.715172112625, -35.91504676596285], [147.715172112625, -35.91512695582972], [147.7151320315703, -35.91512695582972], [147.7151320315703, -35.91516705076316], [147.71505186946092, -35.91516705076316], [147.71505186946092, -35.91520714569659], [147.7151320315703, -35.91520714569659], [147.7151320315703, -35.91524724063003], [147.71533243684374, -35.91524724063003], [147.71533243684374, -35.91520714569659], [147.71541259895312, -35.91520714569659], [147.71541259895312, -35.91512695582972], [147.71533243684374, -35.91512695582972]], [[147.71589357160937, -35.914124582493805], [147.71589357160937, -35.914084487560366], [147.71585349055468, -35.914084487560366], [147.71585349055468, -35.914124582493805], [147.71577332844532, -35.914124582493805], [147.71577332844532, -35.91420477236068], [147.71585349055468, -35.91420477236068], [147.71585349055468, -35.914244867294116], [147.71589357160937, -35.914244867294116], [147.71589357160937, -35.91420477236068], [147.71593365266406, -35.91420477236068], [147.71593365266406, -35.914124582493805], [147.71589357160937, -35.914124582493805]], [[147.72883975227344, -35.921782714780186], [147.72883975227344, -35.921742619846746], [147.72879967121875, -35.921742619846746], [147.72879967121875, -35.921782714780186], [147.72875959016406, -35.921782714780186], [147.72875959016406, -35.92182280971362], [147.72879967121875, -35.92182280971362], [147.72879967121875, -35.92186290464706], [147.72883975227344, -35.92186290464706], [147.72883975227344, -35.92182280971362], [147.7289199143828, -35.92182280971362], [147.7289199143828, -35.921782714780186], [147.72883975227344, -35.921782714780186]], [[147.72479156575, -35.92021901237616], [147.7247514846953, -35.92021901237616], [147.7247514846953, -35.92029920224303], [147.72467132258595, -35.92029920224303], [147.72467132258595, -35.92033929717647], [147.7247514846953, -35.92033929717647], [147.7247514846953, -35.92037939210991], [147.72479156575, -35.92037939210991], [147.72479156575, -35.92033929717647], [147.72487172785938, -35.92033929717647], [147.72487172785938, -35.92029920224303], [147.72479156575, -35.92029920224303], [147.72479156575, -35.92021901237616]], [[147.72956121125782, -35.9194973035743], [147.72956121125782, -35.919457208640864], [147.72944096809374, -35.919457208640864], [147.72944096809374, -35.9194973035743], [147.72940088703905, -35.9194973035743], [147.72940088703905, -35.919577493441174], [147.72944096809374, -35.919577493441174], [147.72944096809374, -35.919617588374614], [147.72956121125782, -35.919617588374614], [147.72956121125782, -35.919577493441174], [147.7296012923125, -35.919577493441174], [147.7296012923125, -35.9194973035743], [147.72956121125782, -35.9194973035743]], [[147.7251097645307, -35.91953635607072], [147.7251170169234, -35.919532192224565], [147.72512372559913, -35.91952746823891], [147.72512982485463, -35.919522230379286], [147.72513525495523, -35.919516529943955], [147.7252202549552, -35.91941752999603], [147.7252249445545, -35.91941144918119], [147.725228872313, -35.91940502407595], [147.7252320000848, -35.91939831708003], [147.7252342974933, -35.919391393330855], [147.7252357422265, -35.91938432007095], [147.7252363202532, -35.91937716599492], [147.72523602595973, -35.91937000058223], [147.72523486220425, -35.919362893422445], [147.72523284028895, -35.919355913539455], [147.72519153941718, -35.919239474908046], [147.72518372738853, -35.919216038816266], [147.7251809694438, -35.919209148539025], [147.72517737911494, -35.91920251451385], [147.72517299199282, -35.91919620250373], [147.7251678515669, -35.91919027507955], [147.72516200879403, -35.919184790999815], [147.72515552159348, -35.91917980462815], [147.72499302159332, -35.91906680454932], [147.72498605802846, -35.91906242411219], [147.7249785977264, -35.91905861765189], [147.72497071256393, -35.91905542184214], [147.72496247851132, -35.91905286747331], [147.72495397490027, -35.91905097915574], [147.72494528365948, -35.919049775082634], [147.72493648852543, -35.91904926685474], [147.72492767423552, -35.919049459368665], [147.7249189257118, -35.91905035076959], [147.72491032724258, -35.919051932469216], [147.72490196167055, -35.91905418922851], [147.72489390959444, -35.91905709930447], [147.7248862485927, -35.91906063465965], [147.72469524859287, -35.9191591347359], [147.72468780693407, -35.9191634178663], [147.72468094051803, -35.91916829057092], [147.72467472026617, -35.91917370252071], [147.72466921042593, -35.91917959781689], [147.72466446790705, -35.91918591556833], [147.72466054169382, -35.91919259052043], [147.72465747233915, -35.91919955372925], [147.72465529154562, -35.91920673327344], [147.72465402183806, -35.919214054997276], [147.72464002183818, -35.91934155500761], [147.7246396709521, -35.91934850701219], [147.72464014174727, -35.91935545436712], [147.72464142991728, -35.919362333524], [147.72464352367905, -35.91936908155827], [147.72464640388066, -35.919375636744775], [147.7246500441765, -35.91938193912238], [147.72465441126835, -35.919387931042436], [147.7246594652097, -35.919393557696104], [147.72466515977155, -35.919398767615704], [147.72470356600533, -35.919430689659656], [147.72479197252264, -35.91950461144596], [147.724798294926, -35.919509411379], [147.7248051590278, -35.919513695604714], [147.724812500946, -35.9195174242513], [147.72482025235183, -35.91952056261755], [147.72482834110542, -35.91952308149576], [147.72483669192738, -35.91952495744361], [147.7248452270993, -35.91952617300233], [147.72505022709922, -35.919547172983215], [147.7250590912582, -35.919547721934485], [147.7250679790107, -35.91954755865228], [147.72507680331208, -35.91954668473573], [147.72508547773919, -35.919545108743755], [147.72509391733675, -35.91954284611121], [147.72510203944927, -35.919539918997735], [147.7251097645307, -35.91953635607072]], [[147.726715456375, -35.9190562593065], [147.726715456375, -35.91901616437306], [147.72651505110156, -35.91901616437306], [147.72651505110156, -35.9190562593065], [147.72643488899217, -35.9190562593065], [147.72643488899217, -35.91909635423993], [147.7263948079375, -35.91909635423993], [147.7263948079375, -35.9190562593065], [147.72627456477343, -35.9190562593065], [147.72627456477343, -35.91909635423993], [147.72623448371874, -35.91909635423993], [147.72623448371874, -35.91929682890712], [147.72627456477343, -35.91929682890712], [147.72627456477343, -35.919417113707425], [147.72635472688282, -35.919417113707425], [147.72635472688282, -35.919457208640864], [147.72679561848437, -35.919457208640864], [147.72679561848437, -35.919537398507735], [147.72683569953907, -35.919537398507735], [147.72683569953907, -35.919577493441174], [147.7269960237578, -35.919577493441174], [147.7269960237578, -35.919537398507735], [147.7270761858672, -35.919537398507735], [147.7270761858672, -35.919417113707425], [147.7269960237578, -35.919417113707425], [147.7269960237578, -35.91929682890712], [147.7270761858672, -35.91929682890712], [147.7270761858672, -35.91913644917337], [147.7269960237578, -35.91913644917337], [147.7269960237578, -35.91909635423993], [147.7269559427031, -35.91909635423993], [147.7269559427031, -35.9190562593065], [147.726715456375, -35.9190562593065]], [[147.7289599954375, -35.9190562593065], [147.7289599954375, -35.91901616437306], [147.72887983332814, -35.91901616437306], [147.72887983332814, -35.9190562593065], [147.72883975227344, -35.9190562593065], [147.72883975227344, -35.91909635423993], [147.72875959016406, -35.91909635423993], [147.72875959016406, -35.91913644917337], [147.72859926594532, -35.91913644917337], [147.72859926594532, -35.91917654410681], [147.72855918489063, -35.91917654410681], [147.72855918489063, -35.91921663904024], [147.72851910383594, -35.91921663904024], [147.72851910383594, -35.91937701877399], [147.72855918489063, -35.91937701877399], [147.72855918489063, -35.919417113707425], [147.72859926594532, -35.919417113707425], [147.72859926594532, -35.919457208640864], [147.72879967121875, -35.919457208640864], [147.72879967121875, -35.9194973035743], [147.7289599954375, -35.9194973035743], [147.7289599954375, -35.919457208640864], [147.72900007649218, -35.919457208640864], [147.72900007649218, -35.919417113707425], [147.7289599954375, -35.919417113707425], [147.7289599954375, -35.91921663904024], [147.72900007649218, -35.91921663904024], [147.72900007649218, -35.9190562593065], [147.7289599954375, -35.9190562593065]], [[147.72916040071092, -35.91869540490557], [147.72916040071092, -35.91865530997213], [147.72900007649218, -35.91865530997213], [147.72900007649218, -35.91869540490557], [147.72883975227344, -35.91869540490557], [147.72883975227344, -35.91873549983901], [147.72875959016406, -35.91873549983901], [147.72875959016406, -35.91877559477244], [147.72883975227344, -35.91877559477244], [147.72883975227344, -35.91881568970588], [147.72887983332814, -35.91881568970588], [147.72887983332814, -35.91885578463932], [147.72920048176562, -35.91885578463932], [147.72920048176562, -35.91881568970588], [147.729280643875, -35.91881568970588], [147.729280643875, -35.91873549983901], [147.72920048176562, -35.91873549983901], [147.72920048176562, -35.91869540490557], [147.72916040071092, -35.91869540490557]], [[147.7280381311797, -35.9186152150387], [147.7280381311797, -35.91853502517183], [147.72775756379687, -35.91853502517183], [147.72775756379687, -35.9186152150387], [147.72771748274218, -35.9186152150387], [147.72771748274218, -35.91869540490557], [147.7276774016875, -35.91869540490557], [147.7276774016875, -35.91877559477244], [147.7279579690703, -35.91877559477244], [147.7279579690703, -35.91873549983901], [147.727998050125, -35.91873549983901], [147.727998050125, -35.91869540490557], [147.7280381311797, -35.91869540490557], [147.7280381311797, -35.91865530997213], [147.72811829328907, -35.91865530997213], [147.72811829328907, -35.9186152150387], [147.7280381311797, -35.9186152150387]], [[147.73064339973436, -35.91841474037152], [147.73064339973436, -35.91837464543808], [147.73044299446093, -35.91837464543808], [147.73044299446093, -35.91841474037152], [147.73036283235157, -35.91841474037152], [147.73036283235157, -35.9186152150387], [147.73044299446093, -35.9186152150387], [147.73044299446093, -35.91865530997213], [147.73072356184375, -35.91865530997213], [147.73072356184375, -35.9186152150387], [147.73076364289844, -35.9186152150387], [147.73076364289844, -35.91845483530495], [147.73072356184375, -35.91845483530495], [147.73072356184375, -35.91841474037152], [147.73064339973436, -35.91841474037152]], [[147.7269559427031, -35.91777322143653], [147.7269559427031, -35.917733126503094], [147.72687578059376, -35.917733126503094], [147.72687578059376, -35.91777322143653], [147.72683569953907, -35.91777322143653], [147.72683569953907, -35.917853411303405], [147.72687578059376, -35.917853411303405], [147.72687578059376, -35.91789350623684], [147.7269559427031, -35.91789350623684], [147.7269559427031, -35.917853411303405], [147.7269960237578, -35.917853411303405], [147.7269960237578, -35.91777322143653], [147.7269559427031, -35.91777322143653]]], [[[147.727998050125, -35.91653133863539], [147.7276063855906, -35.91653133863539], [147.7276063855906, -35.91645008863313], [147.72763732063282, -35.91645008863313], [147.72763732063282, -35.91649018356656], [147.727998050125, -35.91649018356656], [147.727998050125, -35.91653133863539]]], [[[147.72705547283888, -35.91603682021068], [147.72747699641405, -35.916192942140306], [147.72747699641405, -35.91625579212244], [147.72705547283888, -35.91625579212244], [147.72705547283888, -35.91603682021068]]], [[[147.7334490735625, -35.9159249098914], [147.7334490735625, -35.91598024464966], [147.7298100365973, -35.91598024464966], [147.7298100365973, -35.91625579212244], [147.7289836674698, -35.91625579212244], [147.7289836674698, -35.91653133863539], [147.728639347, -35.91653133863539], [147.728639347, -35.9165302785], [147.72859926594532, -35.9165302785], [147.72859926594532, -35.91649018356656], [147.72851910383594, -35.91649018356656], [147.72851910383594, -35.91645008863313], [147.7280381311797, -35.91645008863313], [147.7280381311797, -35.91640077260948], [147.728167852, -35.916448818], [147.728229229, -35.916427564], [147.728526661, -35.916324559], [147.728679668, -35.916271564], [147.730158248, -35.915759487], [147.733283157, -35.91596357], [147.7334490735625, -35.9159249098914]]], [[[147.73421733861073, -35.915745896960125], [147.73421733861073, -35.91598024464966], [147.73360939778124, -35.91598024464966], [147.73360939778124, -35.915968949431885], [147.73368955989062, -35.915968949431885], [147.73368955989062, -35.915868874330975], [147.73421733861073, -35.915745896960125]]], [[[147.7263309479772, -35.915768474764704], [147.72631464582813, -35.915768474764704], [147.72631464582813, -35.91576243694663], [147.7263309479772, -35.915768474764704]]], [[[147.73439415874674, -35.91570469621706], [147.73517255891406, -35.91552332170839], [147.73517255891406, -35.91552790516408], [147.73521263996875, -35.91552790516408], [147.73521263996875, -35.91556800009752], [147.7353191641141, -35.91556800009752], [147.7353191641141, -35.91570469621706], [147.73439415874674, -35.91570469621706]]], [[[147.725788476, -35.915368299], [147.725117535, -35.913114332], [147.72680553, -35.913320584], [147.726603015, -35.914202434], [147.72646591, -35.915619219], [147.725788476, -35.915368299]]], [[[147.72250515697718, -35.91161337545064], [147.72267867440056, -35.911549958655556], [147.72268151012656, -35.91154882328083], [147.72359211012656, -35.91115132344172], [147.72359270575663, -35.911151058705556], [147.72418754938, -35.91088191055719], [147.72467336812477, -35.91067651738282], [147.72515427306945, -35.910516448219504], [147.7251566788223, -35.91051557984184], [147.72559318684375, -35.91034542353909], [147.72559318684375, -35.910395753684206], [147.7256733489531, -35.910395753684206], [147.7256733489531, -35.910435848617645], [147.7257535110625, -35.910435848617645], [147.7257535110625, -35.910395753684206], [147.72583367317188, -35.910395753684206], [147.72583367317188, -35.910315563817335], [147.7257535110625, -35.910315563817335], [147.7257535110625, -35.910284809988845], [147.72610180725454, -35.91017333307024], [147.72610624558948, -35.910171681222465], [147.7261142405547, -35.9101682676432], [147.7261142405547, -35.910195279017024], [147.72619440266405, -35.910195279017024], [147.72619440266405, -35.91015518408359], [147.72627456477343, -35.91015518408359], [147.72627456477343, -35.910099814633824], [147.72630204558948, -35.91008808125647], [147.72630587152463, -35.91008624619878], [147.7263094546953, -35.910084113743956], [147.7263103508712, -35.91008352291405], [147.727057807, -35.910896427], [147.726854519, -35.913143187], [147.725150648, -35.912934998], [147.725050431, -35.912922744], [147.724912628, -35.91290591], [147.720996883, -35.912427343], [147.72250515697718, -35.91161337545064]], [[147.72435067414844, -35.91119765235294], [147.72435067414844, -35.9111575574195], [147.72427051203906, -35.9111575574195], [147.72427051203906, -35.91119765235294], [147.72423043098436, -35.91119765235294], [147.72423043098436, -35.91123774728638], [147.72427051203906, -35.91123774728638], [147.72427051203906, -35.91127784221981], [147.72435067414844, -35.91127784221981], [147.72435067414844, -35.91123774728638], [147.72439075520313, -35.91123774728638], [147.72439075520313, -35.91119765235294], [147.72435067414844, -35.91119765235294]], [[147.72499197102343, -35.91107736755263], [147.72499197102343, -35.91087689288545], [147.72479156575, -35.91087689288545], [147.72479156575, -35.91091698781889], [147.72459116047656, -35.91091698781889], [147.72459116047656, -35.91095708275232], [147.72451099836718, -35.91095708275232], [147.72451099836718, -35.91099717768576], [147.72443083625782, -35.91099717768576], [147.72443083625782, -35.91107736755263], [147.72451099836718, -35.91107736755263], [147.72451099836718, -35.91119765235294], [147.72455107942187, -35.91119765235294], [147.72455107942187, -35.91123774728638], [147.72463124153126, -35.91123774728638], [147.72463124153126, -35.91127784221981], [147.7248316468047, -35.91127784221981], [147.7248316468047, -35.91131793715325], [147.7250721331328, -35.91131793715325], [147.7250721331328, -35.91127784221981], [147.7251122141875, -35.91127784221981], [147.7251122141875, -35.91119765235294], [147.7250721331328, -35.91119765235294], [147.7250721331328, -35.91107736755263], [147.72499197102343, -35.91107736755263]], [[147.7260340784453, -35.91103727261919], [147.7260340784453, -35.91099717768576], [147.72595391633592, -35.91099717768576], [147.72595391633592, -35.91103727261919], [147.72587375422657, -35.91103727261919], [147.72587375422657, -35.91111746248607], [147.72595391633592, -35.91111746248607], [147.72595391633592, -35.9111575574195], [147.7260340784453, -35.9111575574195], [147.7260340784453, -35.91111746248607], [147.7261142405547, -35.91111746248607], [147.7261142405547, -35.91103727261919], [147.7260340784453, -35.91103727261919]]], [[[147.7261142405547, -35.91003489928328], [147.7260340784453, -35.91003489928328], [147.7260340784453, -35.91011677770767], [147.72569199274542, -35.91022626696685], [147.7256890211777, -35.910227320052314], [147.72511890832962, -35.91044955737813], [147.72463732693052, -35.91060985183453], [147.72463361559156, -35.910611250488664], [147.7241454155916, -35.910817650572795], [147.72414429424336, -35.91081814117356], [147.72354919082244, -35.911087407089035], [147.72318597033004, -35.91124596211276], [147.723305418, -35.9111815], [147.725386081, -35.910058635], [147.726126684, -35.909883774], [147.72625664543222, -35.91002511497665], [147.72625620649535, -35.9100254043587], [147.72623396839145, -35.91003489928328], [147.72619440266405, -35.91003489928328], [147.72619440266405, -35.90999480434984], [147.7261142405547, -35.90999480434984], [147.7261142405547, -35.91003489928328]]], [[[147.72566978705106, -35.910315563817335], [147.7256733489531, -35.91031417534324], [147.7256733489531, -35.910315563817335], [147.72566978705106, -35.910315563817335]]], [[[147.7205788972941, -35.90602446217348], [147.72093756225894, -35.9057106133246], [147.72093994522743, -35.90570834897365], [147.72132974002395, -35.90530570283894], [147.72172245136048, -35.905095695341394], [147.720971325, -35.905789909], [147.7205788972941, -35.90602446217348]]]]}}]}